"Equipe","Club","Datedenaissance","Selections","Championnat","Age","Position","Joueur","No.","ClassementFIFA"
"Bresil","Botafogo","2 janvier 1983","9","Bresil","31","1. Gardien","Jefferson","1","3"
"Bresil","Toronto FC","3 septembre 1979","80","Etats-Unis","34","1. Gardien","Julio Cesar","12","3"
"Bresil","Atletico Mineiro","21 janvier 1983","6","Bresil","31","1. Gardien","Victor","22","3"
"Bresil","Barcelona","6 mai 1983","75","Espagne","31","2. Defenseur","Dani Alves","2","3"
"Bresil","Bayern Munich","18 octobre 1983","12","Allemagne","30","2. Defenseur","Dante","13","3"
"Bresil","Chelsea","22 avril 1987","36","Angleterre","27","2. Defenseur","David Luiz","4","3"
"Bresil","Napoli","14 octobre 1986","5","Italie","27","2. Defenseur","Henrique","15","3"
"Bresil","Roma","26 juillet 1981","72","Italie","32","2. Defenseur","Maicon","23","3"
"Bresil","Real Madrid","12 mai 1988","31","Espagne","26","2. Defenseur","Marcelo","6","3"
"Bresil","Paris Saint-Germain","27 aot 1981","9","France","32","2. Defenseur","Maxwell","14","3"
"Bresil","Paris Saint-Germain","22 septembre 1984","46","France","29","2. Defenseur","Thiago Silva (c)","3","3"
"Bresil","Shakhtar Donetsk","8 septembre 1992","11","Ukraine","21","3. Milieu","Bernard","20","3"
"Bresil","Manchester City","4 mai 1985","7","Angleterre","29","3. Milieu","Fernandinho","5","3"
"Bresil","Internazionale","29 mai 1985","24","Italie","29","3. Milieu","Hernanes","18","3"
"Bresil","VfL Wolfsburg","23 juillet 1987","19","Allemagne","26","3. Milieu","Luiz Gustavo","17","3"
"Bresil","Chelsea","9 septembre 1991","31","Angleterre","22","3. Milieu","Oscar","11","3"
"Bresil","Tottenham Hotspur","25 juillet 1988","26","Angleterre","25","3. Milieu","Paulinho","8","3"
"Bresil","Chelsea","24 mars 1987","42","Angleterre","27","3. Milieu","Ramires","16","3"
"Bresil","Chelsea","9 aot 1988","7","Angleterre","25","3. Milieu","Willian","19","3"
"Bresil","Fluminense","3 octobre 1983","33","Bresil","30","4. Attaquant","Fred","9","3"
"Bresil","Zenit Saint Petersburg","25 juillet 1986","35","Russie","27","4. Attaquant","Hulk","7","3"
"Bresil","Atletico Mineiro","20 mars 1987","17","Bresil","27","4. Attaquant","J","21","3"
"Bresil","Barcelona","5 fvrier 1992","49","Espagne","22","4. Attaquant","Neymar","10","3"
"Cameroun","Konyaspor","2 novembre 1982","9","Turquie","31","1. Gardien","Charles Itandje","16","56"
"Cameroun","Coton Sport","14 avril 1992","2","Cameroun","22","1. Gardien","Loec Feudjou","1","56"
"Cameroun","Fethiyespor","25 fvrier 1990","3","Turquie","24","1. Gardien","Sammy N'Djock","23","56"
"Cameroun","Granada","10 mai 1988","10","Espagne","26","2. Defenseur","Allan Nyom","22","56"
"Cameroun","Galatasaray","20 juin 1985","31","Turquie","28","2. Defenseur","Aurelien Chedjou","14","56"
"Cameroun","Queens Park Rangers","24 mars 1984","22","Angleterre","30","2. Defenseur","Benot Assou-Ekotto","2","56"
"Cameroun","Coton Sport","28 aot 1992","3","Cameroun","21","2. Defenseur","Cedric Djeugoue","4","56"
"Cameroun","Besiktas","11 avril 1986","16","Turquie","28","2. Defenseur","Dany Nounkeu","5","56"
"Cameroun","Lyon","4 juin 1984","31","France","30","2. Defenseur","Henri Bedimo","12","56"
"Cameroun","Marseille","27 mars 1990","48","France","24","2. Defenseur","Nicolas N'Koulou","3","56"
"Cameroun","Barcelona","9 septembre 1987","47","Espagne","26","3. Milieu","Alex Song","6","56"
"Cameroun","Lens","17 aot 1992","9","France","21","3. Milieu","Edgar Salli","20","56"
"Cameroun","Antalyaspor","23 mars 1986","38","Turquie","28","3. Milieu","Eyong Enoh","18","56"
"Cameroun","Rennes","29 mai 1983","66","France","31","3. Milieu","Jean Makoun","11","56"
"Cameroun","Schalke 4","8 aot 1991","23","Allemagne","22","3. Milieu","Joel Matip","21","56"
"Cameroun","Bordeaux","28 novembre 1985","40","France","28","3. Milieu","Landry N'Guemo","7","56"
"Cameroun","Sevilla","20 mai 1986","49","Espagne","28","3. Milieu","Stephane Mbia","17","56"
"Cameroun","Nancy","12 novembre 1988","17","France","25","4. Attaquant","Benjamin Moukandjo","8","56"
"Cameroun","Zulte Waregem","12 mai 1996","8","Belgique","18","4. Attaquant","Fabrice Olinga","19","56"
"Cameroun","Mainz 5","23 mars 1989","26","Allemagne","25","4. Attaquant","Maxim Choupo-Moting","13","56"
"Cameroun","Fenerbahce","20 janvier 1982","56","Turquie","32","4. Attaquant","Pierre Webo","15","56"
"Cameroun","Chelsea","10 mars 1981","117","Angleterre","33","4. Attaquant","Samuel Eto'o (c)","9","56"
"Cameroun","Lorient","22 janvier 1992","24","France","22","4. Attaquant","Vincent Aboubakar","10","56"
"Croatie","Monaco","27 octobre 1984","6","France","29","1. Gardien","Danijel Subasic","23","18"
"Croatie","Lokomotiva","14 mai 1993","0","Croatie","21","1. Gardien","Oliver Zelenika","12","18"
"Croatie","Rostov","8 janvier 1979","111","Russie","35","1. Gardien","Stipe Pletikosa","1","18"
"Croatie","Panathinaikos","2 dcembre 1981","50","Grece","32","2. Defenseur","Danijel Pranjic","3","18"
"Croatie","Shakhtar Donetsk","1 mai 1982","112","Ukraine","32","2. Defenseur","Darijo Srna (c)","11","18"
"Croatie","Southampton","5 juillet 1989","25","Angleterre","24","2. Defenseur","Dejan Lovren","6","18"
"Croatie","Dynamo Kyiv","29 avril 1989","23","Ukraine","25","2. Defenseur","Domagoj Vida","21","18"
"Croatie","Panathinaikos","18 mars 1985","21","Grece","29","2. Defenseur","Gordon Schildenfeld","13","18"
"Croatie","Genoa","10 janvier 1992","7","Italie","22","2. Defenseur","Sime Vrsaljko","2","18"
"Croatie","Lokomotiv Moscow","5 fvrier 1986","72","Russie","28","2. Defenseur","Vedran Corluka","5","18"
"Croatie","Hamburger SV","25 fvrier 1989","9","Allemagne","25","3. Milieu","Milan Badelj","15","18"
"Croatie","VfL Wolfsburg","2 fvrier 1989","29","Allemagne","25","3. Milieu","Ivan Perisic","4","18"
"Croatie","Sevilla","10 mars 1988","62","Espagne","26","3. Milieu","Ivan Rakitic","7","18"
"Croatie","Real Madrid","9 septembre 1985","75","Espagne","28","3. Milieu","Luka Modric","10","18"
"Croatie","Dinamo Zagreb","16 octobre 1992","1","Croatie","21","3. Milieu","Marcelo Brozovic","14","18"
"Croatie","Internazionale","6 mai 1994","10","Italie","20","3. Milieu","Mateo Kovacic","20","18"
"Croatie","Dynamo Kyiv","20 dcembre 1983","55","Ukraine","30","3. Milieu","Ognjen Vukojevic","8","18"
"Croatie","Getafe","23 avril 1987","6","Espagne","27","3. Milieu","Sammir","19","18"
"Croatie","Fiorentina","21 septembre 1993","5","Italie","20","4. Attaquant","Ante Rebic","16","18"
"Croatie","Shakhtar Donetsk","25 fvrier 1983","63","Ukraine","31","4. Attaquant","Eduardo","22","18"
"Croatie","VfL Wolfsburg","14 septembre 1979","92","Allemagne","34","4. Attaquant","Ivica Olic","18","18"
"Croatie","Bayern Munich","21 mai 1986","50","Allemagne","28","4. Attaquant","Mario Mandzukic","17","18"
"Croatie","Hull City","27 aot 1985","33","Angleterre","28","4. Attaquant","Nikica Jelavic","9","18"
"Mexique","Toluca","18 septembre 1982","14","Mexique","31","1. Gardien","Alfredo Talavera","12","20"
"Mexique","Ajaccio","13 juillet 1985","59","France","28","1. Gardien","Guillermo Ochoa","13","20"
"Mexique","Cruz Azul","26 janvier 1981","34","Mexique","33","1. Gardien","Jose de Jesus Corona","1","20"
"Mexique","Bayer Leverkusen","28 septembre 1986","104","Allemagne","27","2. Defenseur","Andres Guardado","18","20"
"Mexique","UANL","2 avril 1980","122","Mexique","34","2. Defenseur","Carlos Salcido","3","20"
"Mexique","Porto","19 septembre 1992","14","Portugal","21","2. Defenseur","Diego Reyes","5","20"
"Mexique","America","20 octobre 1981","95","Mexique","32","2. Defenseur","Francisco Javier Rodriguez","2","20"
"Mexique","Espanyol","17 janvier 1988","53","Espagne","26","2. Defenseur","Hector Moreno","15","20"
"Mexique","Toluca","12 avril 1989","8","Mexique","25","2. Defenseur","Miguel Angel Ponce","16","20"
"Mexique","America","25 juin 1988","15","Mexique","25","2. Defenseur","Miguel Layun","7","20"
"Mexique","America","6 mars 1986","30","Mexique","28","2. Defenseur","Paul Aguilar","22","20"
"Mexique","Leon","13 fvrier 1979","120","Mexique","35","2. Defenseur","Rafael Marquez (c)","4","20"
"Mexique","Leon","29 mars 1990","16","Mexique","24","3. Milieu","Carlos Pena","21","20"
"Mexique","Porto","19 avril 1990","13","Portugal","24","3. Milieu","Hector Herrera","6","20"
"Mexique","Toluca","28 aot 1990","7","Mexique","23","3. Milieu","Isaac Brizuela","17","20"
"Mexique","Villarreal","11 fvrier 1990","22","Espagne","24","3. Milieu","Javier Aquino","20","20"
"Mexique","Leon","14 mars 1988","5","Mexique","26","3. Milieu","Jose Juan Vazquez","23","20"
"Mexique","Cruz Azul","21 juillet 1989","15","Mexique","24","3. Milieu","Marco Fabian","8","20"
"Mexique","UANL","8 mars 1991","6","Mexique","23","4. Attaquant","Alan Pulido","11","20"
"Mexique","Villarreal","11 mai 1989","76","Espagne","25","4. Attaquant","Giovani dos Santos","10","20"
"Mexique","Manchester United","1 juin 1988","62","Angleterre","26","4. Attaquant","Javier Hernandez","14","20"
"Mexique","Santos Laguna","12 janvier 1984","33","Mexique","30","4. Attaquant","Oribe Peralta","19","20"
"Mexique","America","5 mai 1991","25","Mexique","23","4. Attaquant","Raul Jimenez","9","20"
"Australie","Adelaide United","12 juin 1981","8","Australie","32","1. Gardien","Eugene Galekovic","18","62"
"Australie","Club Brugge","8 avril 1992","7","Belgique","22","1. Gardien","Mathew Ryan","1","62"
"Australie","Borussia Dortmund","22 aot 1988","3","Allemagne","25","1. Gardien","Mitchell Langerak","12","62"
"Australie","Jeonbuk Hyundai Motors","13 aot 1984","3","Coree du Sud","29","2. Defenseur","Alex Wilkinson","22","62"
"Australie","Preston North End","28 juillet 1992","0","Angleterre","21","2. Defenseur","Bailey Wright","8","62"
"Australie","Brisbane Roar","10 septembre 1987","9","Australie","26","2. Defenseur","Ivan Franjic","2","62"
"Australie","Heracles Almelo","29 juin 1991","7","Pays-Bas","22","2. Defenseur","Jason Davidson","3","62"
"Australie","Western Sydney Wanderers","27 juin 1988","18","Australie","25","2. Defenseur","Matthew Spiranovic","6","62"
"Australie","Shandong Luneng Taishan","15 aot 1989","9","Chine","24","2. Defenseur","Ryan McGowan","19","62"
"Australie","Fortuna Dsseldorf","14 juin 1992","2","Allemagne","21","3. Milieu","Ben Halloran","10","62"
"Australie","Sion","8 avril 1987","23","Suisse","27","3. Milieu","Dario Vidosic","20","62"
"Australie","Autriche Wien","15 mai 1989","14","Autriche","25","3. Milieu","James Holland","16","62"
"Australie","Atalanta","3 juillet 1988","11","Italie","25","3. Milieu","James Troisi","14","62"
"Australie","Al-Gharafa","11 fvrier 1980","74","Qatar","34","3. Milieu","Mark Bresciano","23","62"
"Australie","Melbourne Victory","4 aot 1985","29","Australie","28","3. Milieu","Mark Milligan","5","62"
"Australie","Swindon Town","25 septembre 1992","1","Angleterre","21","3. Milieu","Massimo Luongo","21","62"
"Australie","Brisbane Roar","11 janvier 1983","47","Australie","31","3. Milieu","Matt McKay","17","62"
"Australie","Crystal Palace","3 aot 1984","44","Angleterre","29","3. Milieu","Mile Jedinak (c)","15","62"
"Australie","Luzern","8 janvier 1989","3","Suisse","25","3. Milieu","Oliver Bozanic","13","62"
"Australie","Utrecht","10 dcembre 1991","15","Pays-Bas","22","3. Milieu","Tommy Oar","11","62"
"Australie","Newcastle Jets","2 juin 1993","5","Australie","21","4. Attaquant","Adam Taggart","9","62"
"Australie","FSV Frankfurt","4 fvrier 1991","8","Allemagne","23","4. Attaquant","Mathew Leckie","7","62"
"Australie","New York Red Bulls","6 dcembre 1979","69","Etats-Unis","34","4. Attaquant","Tim Cahill","4","62"
"Chili","Real Sociedad","13 avril 1983","79","Espagne","31","1. Gardien","Claudio Bravo (c)","1","14"
"Chili","Universidad Catolica","22 juin 1988","4","Chili","25","1. Gardien","Cristopher Toselli","12","14"
"Chili","Universidad de Chili","9 mai 1981","8","Chili","33","1. Gardien","Johnny Herrera","23","14"
"Chili","Santos","18 juillet 1988","25","Bresil","25","2. Defenseur","Eugenio Mena","2","14"
"Chili","Cardiff City","3 aot 1987","61","Angleterre","26","2. Defenseur","Gary Medel","17","14"
"Chili","Nottingham Forest","29 aot 1985","65","Angleterre","28","2. Defenseur","Gonzalo Jara","18","14"
"Chili","Universidad de Chili","3 juin 1983","19","Chili","31","2. Defenseur","Jose Rojas","13","14"
"Chili","Malm FF","3 novembre 1990","2","Suede","23","2. Defenseur","Miiko Albornoz","3","14"
"Chili","Juventus","22 mai 1987","54","Italie","27","3. Milieu","Arturo Vidal","8","14"
"Chili","Atalanta","21 fvrier 1987","44","Italie","27","3. Milieu","Carlos Carmona","6","14"
"Chili","Internacional","17 avril 1989","21","Bresil","25","3. Milieu","Charles Aranguiz","20","14"
"Chili","Celta Vigo","27 janvier 1986","26","Espagne","28","3. Milieu","Fabian Orellana","14","14"
"Chili","Twente","8 octobre 1990","18","Pays-Bas","23","3. Milieu","Felipe Gutierrez","16","14"
"Chili","Osasuna","11 fvrier 1986","12","Espagne","28","3. Milieu","Francisco Silva","5","14"
"Chili","Wigan Athletic","3 juin 1984","59","Angleterre","30","3. Milieu","Jean Beausejour","15","14"
"Chili","Palmeiras","3 octobre 1983","57","Bresil","30","3. Milieu","Jorge Valdivia","10","14"
"Chili","Colo-Colo","22 fvrier 1985","23","Chili","29","3. Milieu","Jose Pedro Fuenzalida","19","14"
"Chili","Basel","30 dcembre 1986","21","Suisse","27","3. Milieu","Marcelo Diaz","21","14"
"Chili","Juventus","12 juin 1988","47","Italie","25","3. Milieu","Mauricio Isla","4","14"
"Chili","Barcelona","19 dcembre 1988","67","Espagne","25","4. Attaquant","Alexis Sanchez","7","14"
"Chili","Valencia","20 novembre 1989","30","Espagne","24","4. Attaquant","Eduardo Vargas","11","14"
"Chili","Colo-Colo","1 aot 1980","35","Chili","33","4. Attaquant","Esteban Paredes","22","14"
"Chili","Cagliari","4 fvrier 1984","27","Italie","30","4. Attaquant","Mauricio Pinilla","9","14"
"Espagne","Manchester United","7 novembre 1990","1","Angleterre","23","1. Gardien","David de Gea","12","1"
"Espagne","Real Madrid","20 mai 1981","154","Espagne","33","1. Gardien","Iker Casillas (c)","1","1"
"Espagne","Napoli","31 aot 1982","32","Italie","31","1. Gardien","Pepe Reina","23","1"
"Espagne","Chelsea","28 aot 1989","6","Angleterre","24","2. Defenseur","Cesar Azpilicueta","22","1"
"Espagne","Barcelona","2 fvrier 1987","60","Espagne","27","2. Defenseur","Gerard Pique","3","1"
"Espagne","Barcelona","21 mars 1989","26","Espagne","25","2. Defenseur","Jordi Alba","18","1"
"Espagne","Atletico Madrid","9 janvier 1985","8","Espagne","29","2. Defenseur","Juanfran","5","1"
"Espagne","Napoli","4 septembre 1985","46","Italie","28","2. Defenseur","Raul Albiol","2","1"
"Espagne","Real Madrid","30 mars 1986","117","Espagne","28","2. Defenseur","Sergio Ramos","15","1"
"Espagne","Barcelona","11 mai 1984","97","Espagne","30","3. Milieu","Andres Iniesta","6","1"
"Espagne","Barcelona","4 mai 1987","89","Espagne","27","3. Milieu","Cesc Fabregas","10","1"
"Espagne","Manchester City","8 janvier 1986","80","Angleterre","28","3. Milieu","David Silva","21","1"
"Espagne","Bayern Munich","2 septembre 1988","17","Allemagne","25","3. Milieu","Javi Martinez","4","1"
"Espagne","Manchester United","28 avril 1988","33","Angleterre","26","3. Milieu","Juan Mata","13","1"
"Espagne","Atletico Madrid","8 janvier 1992","8","Espagne","22","3. Milieu","Koke","17","1"
"Espagne","Arsenal","13 dcembre 1984","64","Angleterre","29","3. Milieu","Santi Cazorla","20","1"
"Espagne","Barcelona","16 juillet 1988","65","Espagne","25","3. Milieu","Sergio Busquets","16","1"
"Espagne","Real Madrid","25 novembre 1981","111","Espagne","32","3. Milieu","Xabi Alonso","14","1"
"Espagne","Barcelona","25 janvier 1980","132","Espagne","34","3. Milieu","Xavi","8","1"
"Espagne","Atletico Madrid","3 dcembre 1981","96","Espagne","32","4. Attaquant","David Villa","7","1"
"Espagne","Atletico Madrid","7 octobre 1988","2","Espagne","25","4. Attaquant","Diego Costa","19","1"
"Espagne","Chelsea","20 mars 1984","107","Angleterre","30","4. Attaquant","Fernando Torres","9","1"
"Espagne","Barcelona","28 juillet 1987","40","Espagne","26","4. Attaquant","Pedro","11","1"
"Pays-Bas","Ajax","22 avril 1989","8","Pays-Bas","25","1. Gardien","Jasper Cillessen","1","15"
"Pays-Bas","Swansea City","3 octobre 1983","14","Angleterre","30","1. Gardien","Michel Vorm","22","15"
"Pays-Bas","Newcastle United","3 avril 1988","5","Angleterre","26","1. Gardien","Tim Krul","23","15"
"Pays-Bas","Feyenoord","8 fvrier 1992","16","Pays-Bas","22","2. Defenseur","Bruno Martins Indi","4","15"
"Pays-Bas","Ajax","9 mars 1990","12","Pays-Bas","24","2. Defenseur","Daley Blind","5","15"
"Pays-Bas","Feyenoord","22 juillet 1989","16","Pays-Bas","24","2. Defenseur","Daryl Janmaat","7","15"
"Pays-Bas","Ajax","15 janvier 1992","2","Pays-Bas","22","2. Defenseur","Joel Veltman","13","15"
"Pays-Bas","Augsburg","1 septembre 1983","2","Allemagne","30","2. Defenseur","Paul Verhaegh","12","15"
"Pays-Bas","Aston Villa","16 fvrier 1985","24","Angleterre","29","2. Defenseur","Ron Vlaar","2","15"
"Pays-Bas","Feyenoord","5 fvrier 1992","12","Pays-Bas","22","2. Defenseur","Stefan de Vrij","3","15"
"Pays-Bas","Feyenoord","14 fvrier 1994","1","Pays-Bas","20","2. Defenseur","Terence Kongolo","14","15"
"Pays-Bas","Bayern Munich","23 janvier 1984","75","Allemagne","30","3. Milieu","Arjen Robben","11","15"
"Pays-Bas","PSV","11 novembre 1990","5","Pays-Bas","23","3. Milieu","Georginio Wijnaldum","20","15"
"Pays-Bas","Swansea City","13 septembre 1987","10","Angleterre","26","3. Milieu","Jonathan de Guzman","6","15"
"Pays-Bas","Feyenoord","27 juin 1991","8","Pays-Bas","22","3. Milieu","Jordy Clasie","16","15"
"Pays-Bas","Norwich City","5 janvier 1990","6","Angleterre","24","3. Milieu","Leroy Fer","18","15"
"Pays-Bas","PSV","13 fvrier 1994","6","Pays-Bas","20","3. Milieu","Memphis Depay","21","15"
"Pays-Bas","Milan","13 novembre 1984","71","Italie","29","3. Milieu","Nigel de Jong","8","15"
"Pays-Bas","Galatasaray","9 juin 1984","99","Turquie","29","3. Milieu","Wesley Sneijder","10","15"
"Pays-Bas","Fenerbahce","22 juillet 1980","98","Turquie","33","4. Attaquant","Dirk Kuyt","15","15"
"Pays-Bas","Dynamo Kyiv","24 novembre 1987","22","Ukraine","26","4. Attaquant","Jeremain Lens","17","15"
"Pays-Bas","Schalke 4","12 aot 1983","62","Allemagne","30","4. Attaquant","Klaas-Jan Huntelaar","19","15"
"Pays-Bas","Manchester United","6 aot 1983","85","Angleterre","30","4. Attaquant","Robin van Persie (c)","9","15"
"Colombie","Santa Fe","1 septembre 1989","0","Colombie","24","1. Gardien","Camilo Vargas","12","8"
"Colombie","Nice","31 aot 1988","44","France","25","1. Gardien","David Ospina","1","8"
"Colombie","Deportivo Cali","21 juin 1971","50","Colombie","42","1. Gardien","Faryd Mondragon","22","8"
"Colombie","San Lorenzo","22 mai 1985","14","Argentine","29","2. Defenseur","Carlos Valdes","23","8"
"Colombie","Milan","30 septembre 1986","24","Italie","27","2. Defenseur","Cristian Zapata","2","8"
"Colombie","River Plate","28 fvrier 1993","3","Argentine","21","2. Defenseur","Eder Alvarez Balanta","16","8"
"Colombie","Napoli","14 dcembre 1985","50","Italie","28","2. Defenseur","Juan Camilo Zuniga","18","8"
"Colombie","Atalanta","13 janvier 1976","98","Italie","38","2. Defenseur","Mario Yepes (c)","3","8"
"Colombie","West Ham United","2 novembre 1986","53","Angleterre","27","2. Defenseur","Pablo Armero","7","8"
"Colombie","PSV","13 janvier 1992","6","Pays-Bas","22","2. Defenseur","Santiago Arias","4","8"
"Colombie","Toulouse","6 janvier 1985","49","France","29","3. Milieu","Abel Aguilar","8","8"
"Colombie","River Plate","25 juillet 1990","1","Argentine","23","3. Milieu","Carlos Carbonero","5","8"
"Colombie","Atletico Nacional","7 septembre 1988","8","Colombie","25","3. Milieu","Alexander Mejia","15","8"
"Colombie","Elche","6 fvrier 1986","44","Espagne","28","3. Milieu","Carlos Sanchez","6","8"
"Colombie","Internazionale","30 juin 1986","49","Italie","27","3. Milieu","Fredy Guarin","13","8"
"Colombie","Monaco","12 juillet 1991","22","France","22","3. Milieu","James Rodriguez","10","8"
"Colombie","Porto","18 janvier 1993","4","Portugal","21","3. Milieu","Juan Fernando Quintero","20","8"
"Colombie","Fiorentina","26 mai 1988","28","Italie","26","3. Milieu","Juan Guillermo Cuadrado","11","8"
"Colombie","Cagliari","19 mai 1990","9","Italie","24","3. Milieu","Victor Ibarbo","14","8"
"Colombie","Hertha BSC","22 janvier 1986","26","Allemagne","28","4. Attaquant","Adrian Ramos","19","8"
"Colombie","Sevilla","8 septembre 1986","11","Espagne","27","4. Attaquant","Carlos Bacca","17","8"
"Colombie","Porto","3 octobre 1986","27","Portugal","27","4. Attaquant","Jackson Martinez","21","8"
"Colombie","River Plate","28 mai 1985","30","Argentine","29","4. Attaquant","Teofilo Gutierrez","9","8"
"Cote d'Ivoire","Lokeren","30 dcembre 1979","79","Belgique","34","1. Gardien","Boubacar Barry","1","23"
"Cote d'Ivoire","Stabk","5 juin 1993","1","Norvege","21","1. Gardien","Sayouba Mande","23","23"
"Cote d'Ivoire","Sewe Sport","29 octobre 1988","1","Cote d'Ivoire","25","1. Gardien","Sylvain Gbohouo","16","23"
"Cote d'Ivoire","VfB Stuttgart","2 avril 1983","79","Allemagne","31","2. Defenseur","Arthur Boka","3","23"
"Cote d'Ivoire","Eintracht Frankfurt","17 octobre 1986","4","Allemagne","27","2. Defenseur","Constant Djakpa","18","23"
"Cote d'Ivoire","Trabzonspor","14 dcembre 1980","119","Turquie","33","2. Defenseur","Didier Zokora","5","23"
"Cote d'Ivoire","Toulouse","11 octobre 1992","1","France","21","2. Defenseur","Jean-Daniel Akpa-Akpro","7","23"
"Cote d'Ivoire","Liverpool","19 mars 1981","106","Angleterre","33","2. Defenseur","Kolo Toure","4","23"
"Cote d'Ivoire","caykur Rizespor","21 dcembre 1986","3","Turquie","27","2. Defenseur","Ousmane Viera","2","23"
"Cote d'Ivoire","Toulouse","24 dcembre 1992","8","France","21","2. Defenseur","Serge Aurier","17","23"
"Cote d'Ivoire","Trabzonspor","13 janvier 1985","43","Turquie","29","2. Defenseur","Sol Bamba","22","23"
"Cote d'Ivoire","Newcastle United","21 juin 1986","44","Angleterre","27","3. Milieu","Cheick Tiote","9","23"
"Cote d'Ivoire","Hannover 96","25 fvrier 1984","25","Allemagne","30","3. Milieu","Didier Ya Konan","13","23"
"Cote d'Ivoire","Saint-etienne","28 aot 1992","1","France","21","3. Milieu","Ismael Diomande","14","23"
"Cote d'Ivoire","Basel","7 novembre 1984","6","Suisse","29","3. Milieu","Serey Die","20","23"
"Cote d'Ivoire","Manchester City","13 mai 1983","83","Angleterre","31","3. Milieu","Yaya Toure","19","23"
"Cote d'Ivoire","Galatasaray","11 mars 1978","100","Turquie","36","4. Attaquant","Didier Drogba (c)","11","23"
"Cote d'Ivoire","Roma","27 mai 1987","53","Italie","27","4. Attaquant","Gervinho","10","23"
"Cote d'Ivoire","Basel","31 mars 1989","7","Suisse","25","4. Attaquant","Giovanni Sio","21","23"
"Cote d'Ivoire","Fortuna Dsseldorf","14 novembre 1990","3","Allemagne","23","4. Attaquant","Mathis Bolly","6","23"
"Cote d'Ivoire","Saint-etienne","30 novembre 1987","25","France","26","4. Attaquant","Max Gradel","15","23"
"Cote d'Ivoire","Lille","5 aot 1985","64","France","28","4. Attaquant","Salomon Kalou","8","23"
"Cote d'Ivoire","Swansea City","10 dcembre 1988","24","Angleterre","25","4. Attaquant","Wilfried Bony","12","23"
"Grece","Granada","11 juillet 1985","19","Espagne","28","1. Gardien","Orestis Karnezis","1","12"
"Grece","PAOK","3 juin 1986","2","Grece","28","1. Gardien","Panagiotis Glykos","12","12"
"Grece","Panathinaikos","18 mars 1994","2","Grece","20","1. Gardien","Stefanos Kapino","13","12"
"Grece","Olympiacos","12 octobre 1986","30","Grece","27","3. Milieu","Giannis Maniatis","2","12"
"Grece","PAOK","26 novembre 1987","13","Grece","26","2. Defenseur","Giorgos Tzavellas","3","12"
"Grece","Olympiacos","27 juin 1984","22","Grece","29","2. Defenseur","Jose Holebas","20","12"
"Grece","Olympiacos","14 juin 1991","9","Grece","22","2. Defenseur","Kostas Manolas","4","12"
"Grece","Levante","5 fvrier 1981","50","Espagne","33","2. Defenseur","Loukas Vyntra","11","12"
"Grece","Borussia Dortmund","9 juin 1988","47","Allemagne","25","2. Defenseur","Sokratis Papastathopoulos","19","12"
"Grece","Verona","26 aot 1981","19","Italie","32","2. Defenseur","Vangelis Moras","5","12"
"Grece","Roma","10 juin 1985","66","Italie","28","2. Defenseur","Vasilis Torosidis","15","12"
"Grece","Kayserispor","13 fvrier 1985","49","Turquie","29","3. Milieu","Alexandros Tziolis","6","12"
"Grece","Olympiacos","13 juin 1989","4","Grece","24","3. Milieu","Andreas Samaris","22","12"
"Grece","Genoa","21 dcembre 1990","19","Italie","23","3. Milieu","Giannis Fetfatzidis","18","12"
"Grece","Fulham","6 mars 1977","135","Angleterre","37","3. Milieu","Giorgos Karagounis (c)","10","12"
"Grece","PAOK","21 juin 1979","111","Grece","34","3. Milieu","Kostas Katsouranis","21","12"
"Grece","Bologna","19 dcembre 1986","19","Italie","27","3. Milieu","Lazaros Christodoulopoulos","16","12"
"Grece","Bologna","26 juillet 1987","16","Italie","26","3. Milieu","Panagiotis Kone","8","12"
"Grece","Torino","15 fvrier 1991","6","Italie","23","3. Milieu","Panagiotis Tachtsidis","23","12"
"Grece","PAOK","18 aot 1981","76","Grece","32","4. Attaquant","Dimitris Salpingidis","14","12"
"Grece","Celtic","21 fvrier 1985","74","Ecosse","29","4. Attaquant","Giorgos Samaras","7","12"
"Grece","Fulham","12 mars 1988","32","Angleterre","26","4. Attaquant","Kostas Mitroglou","9","12"
"Grece","Konyaspor","23 mai 1980","72","Turquie","34","4. Attaquant","Theofanis Gekas","17","12"
"Japon","Standard Liege","20 mars 1983","56","Belgique","31","1. Gardien","Eiji Kawashima","1","46"
"Japon","F.C. Tokyo","3 mars 1989","2","Japon","25","1. Gardien","Shichi Gonda","23","46"
"Japon","Urawa Red Diamonds","18 juin 1986","12","Japon","27","1. Gardien","Shusaku Nishikawa","12","46"
"Japon","Schalke 4","27 mars 1988","67","Allemagne","26","2. Defenseur","Atsuto Uchida","2","46"
"Japon","VfB Stuttgart","14 fvrier 1991","12","Allemagne","23","2. Defenseur","Gtoku Sakai","3","46"
"Japon","Hannover 96","12 avril 1990","17","Allemagne","24","2. Defenseur","Hiroki Sakai","21","46"
"Japon","Jubilo Iwata","28 aot 1983","21","Japon","30","2. Defenseur","Masahiko Inoha","19","46"
"Japon","F.C. Tokyo","21 mai 1987","9","Japon","27","2. Defenseur","Masato Morishige","6","46"
"Japon","Southampton","24 aot 1988","40","Angleterre","25","2. Defenseur","Maya Yoshida","22","46"
"Japon","Gamba Osaka","25 janvier 1983","80","Japon","31","2. Defenseur","Yasuyuki Konno","15","46"
"Japon","Internazionale","12 septembre 1986","69","Italie","27","2. Defenseur","Yuto Nagatomo","5","46"
"Japon","1. FC Nrnberg","12 novembre 1989","25","Allemagne","24","3. Milieu","Hiroshi Kiyotake","8","46"
"Japon","Cerezo Osaka","6 octobre 1990","11","Japon","23","3. Milieu","Hotaru Yamaguchi","16","46"
"Japon","Milan","13 juin 1986","55","Italie","27","3. Milieu","Keisuke Honda","4","46"
"Japon","1. FC Nrnberg","18 janvier 1984","78","Allemagne","30","3. Milieu","Makoto Hasebe (c)","17","46"
"Japon","Manchester United","17 mars 1989","56","Angleterre","25","3. Milieu","Shinji Kagawa","10","46"
"Japon","Sanfrecce Hiroshima","22 fvrier 1986","5","Japon","28","3. Milieu","Toshihiro Aoyama","14","46"
"Japon","Gamba Osaka","28 janvier 1980","143","Japon","34","3. Milieu","Yasuhito End","7","46"
"Japon","Yokohama F. Marinos","4 avril 1990","4","Japon","24","4. Attaquant","Manabu Sait","20","46"
"Japon","Mainz 5","16 avril 1986","75","Allemagne","28","4. Attaquant","Shinji Okazaki","9","46"
"Japon","Cerezo Osaka","3 janvier 1990","11","Japon","24","4. Attaquant","Yoichiro Kakitani","11","46"
"Japon","Kawasaki Frontale","9 juin 1982","56","Japon","31","4. Attaquant","Yoshito kubo","13","46"
"Japon","1860 Mnchen","18 mai 1990","8","Allemagne","24","4. Attaquant","Yuya Osako","18","46"
"Angleterre","West Bromwich Albion","3 mai 1983","6","Angleterre","31","1. Gardien","Ben Foster","13","10"
"Angleterre","Celtic","17 mars 1988","1","Ecosse","26","1. Gardien","Fraser Forster","22","10"
"Angleterre","Manchester City","19 mai 1987","40","Angleterre","27","1. Gardien","Joe Hart","1","10"
"Angleterre","Manchester United","22 novembre 1989","11","Angleterre","24","2. Defenseur","Chris Smalling","12","10"
"Angleterre","Chelsea","19 dcembre 1985","23","Angleterre","28","2. Defenseur","Gary Cahill","5","10"
"Angleterre","Liverpool","23 aot 1984","51","Angleterre","29","2. Defenseur","Glen Johnson","2","10"
"Angleterre","Everton","11 dcembre 1984","23","Angleterre","29","2. Defenseur","Leighton Baines","3","10"
"Angleterre","Southampton","12 juillet 1995","1","Angleterre","18","2. Defenseur","Luke Shaw","23","10"
"Angleterre","Everton","17 aot 1982","25","Angleterre","31","2. Defenseur","Phil Jagielka","6","10"
"Angleterre","Manchester United","21 fvrier 1992","9","Angleterre","22","2. Defenseur","Phil Jones","16","10"
"Angleterre","Southampton","10 mai 1988","4","Angleterre","26","3. Milieu","Adam Lallana","20","10"
"Angleterre","Arsenal","15 aot 1993","14","Angleterre","20","3. Milieu","Alex Oxlade-Chamberlain","15","10"
"Angleterre","Chelsea","20 juin 1978","103","Angleterre","35","3. Milieu","Frank Lampard","8","10"
"Angleterre","Arsenal","1 janvier 1992","16","Angleterre","22","3. Milieu","Jack Wilshere","7","10"
"Angleterre","Manchester City","4 janvier 1986","46","Angleterre","28","3. Milieu","James Milner","17","10"
"Angleterre","Liverpool","17 juin 1990","9","Angleterre","23","3. Milieu","Jordan Henderson","14","10"
"Angleterre","Liverpool","8 dcembre 1994","3","Angleterre","19","3. Milieu","Raheem Sterling","19","10"
"Angleterre","Everton","5 dcembre 1993","4","Angleterre","20","3. Milieu","Ross Barkley","21","10"
"Angleterre","Liverpool","30 mai 1980","110","Angleterre","34","3. Milieu","Steven Gerrard (c)","4","10"
"Angleterre","Liverpool","1 septembre 1989","11","Angleterre","24","4. Attaquant","Daniel Sturridge","9","10"
"Angleterre","Manchester United","26 novembre 1990","22","Angleterre","23","4. Attaquant","Danny Welbeck","11","10"
"Angleterre","Southampton","16 fvrier 1982","4","Angleterre","32","4. Attaquant","Rickie Lambert","18","10"
"Angleterre","Manchester United","24 octobre 1985","90","Angleterre","28","4. Attaquant","Wayne Rooney","10","10"
"Costa Rica","Herediano","8 janvier 1986","2","Costa Rica","28","1. Gardien","Daniel Cambronero","23","28"
"Costa Rica","Levante","15 dcembre 1986","53","Espagne","27","1. Gardien","Keylor Navas","1","28"
"Costa Rica","Alajuelense","24 avril 1982","21","Costa Rica","32","1. Gardien","Patrick Pemberton","18","28"
"Costa Rica","Rosenborg","24 octobre 1989","24","Norvege","24","2. Defenseur","Cristian Gamboa","16","28"
"Costa Rica","Columbus Crew","8 fvrier 1988","34","Etats-Unis","26","2. Defenseur","Giancarlo Gonzalez","3","28"
"Costa Rica","Saprissa","20 juin 1984","22","Costa Rica","29","2. Defenseur","Heiner Mora","8","28"
"Costa Rica","Alajuelense","21 juillet 1983","27","Costa Rica","30","2. Defenseur","Johnny Acosta","2","28"
"Costa Rica","Mainz 5","12 septembre 1983","58","Allemagne","30","2. Defenseur","Junior Diaz","15","28"
"Costa Rica","Saprissa","16 juillet 1982","79","Costa Rica","31","2. Defenseur","Michael Umana","4","28"
"Costa Rica","Club Brugge","3 juin 1989","11","Belgique","25","2. Defenseur","Oscar Duarte","6","28"
"Costa Rica","New York Red Bulls","24 novembre 1984","47","Etats-Unis","29","2. Defenseur","Roy Miller","19","28"
"Costa Rica","Columbus Crew","20 septembre 1990","1","Etats-Unis","23","2. Defenseur","Waylon Francis","12","28"
"Costa Rica","AIK","27 mai 1988","63","Suede","26","3. Milieu","Celso Borges","5","28"
"Costa Rica","Copenhagen","17 mai 1984","55","Danemark","30","3. Milieu","Christian Bolanos","7","28"
"Costa Rica","Vlerenga","25 mars 1991","10","Norvege","23","3. Milieu","Diego Calvo","20","28"
"Costa Rica","Herediano","25 octobre 1985","11","Costa Rica","28","3. Milieu","Esteban Granados","13","28"
"Costa Rica","Herediano","14 fvrier 1987","36","Costa Rica","27","3. Milieu","Jose Miguel Cubero","22","28"
"Costa Rica","Aalesund","4 octobre 1983","51","Norvege","30","3. Milieu","Michael Barrantes","11","28"
"Costa Rica","Saprissa","17 mars 1992","22","Costa Rica","22","3. Milieu","Yeltsin Tejeda","17","28"
"Costa Rica","PSV","18 aot 1985","62","Pays-Bas","28","4. Attaquant","Bryan Ruiz (c)","10","28"
"Costa Rica","Olympiacos","26 juin 1992","33","Grece","21","4. Attaquant","Joel Campbell","9","28"
"Costa Rica","Kuban Krasnodar","5 mars 1990","25","Russie","24","4. Attaquant","Marco Urena","21","28"
"Costa Rica","Cartagines","13 aot 1983","37","Costa Rica","30","4. Attaquant","Randall Brenes","14","28"
"Italie","Juventus","28 janvier 1978","139","Italie","36","1. Gardien","Gianluigi Buffon (c)","1","9"
"Italie","Genoa","10 novembre 1992","0","Italie","21","1. Gardien","Mattia Perin","13","9"
"Italie","Paris Saint-Germain","12 janvier 1987","8","France","27","1. Gardien","Salvatore Sirigu","12","9"
"Italie","Juventus","8 mai 1981","47","Italie","33","2. Defenseur","Andrea Barzagli","15","9"
"Italie","Parma","15 fvrier 1986","2","Italie","28","2. Defenseur","Gabriel Paletta","20","9"
"Italie","Juventus","14 aot 1984","67","Italie","29","2. Defenseur","Giorgio Chiellini","3","9"
"Italie","Milan","12 novembre 1986","19","Italie","27","2. Defenseur","Ignazio Abate","7","9"
"Italie","Juventus","1 mai 1987","36","Italie","27","2. Defenseur","Leonardo Bonucci","19","9"
"Italie","Torino","2 dcembre 1989","1","Italie","24","2. Defenseur","Matteo Darmian","4","9"
"Italie","Milan","20 octobre 1992","10","Italie","21","2. Defenseur","Mattia De Sciglio","2","9"
"Italie","Fiorentina","7 juillet 1984","34","Italie","29","3. Milieu","Alberto Aquilani","14","9"
"Italie","Juventus","19 mai 1979","108","Italie","35","3. Milieu","Andrea Pirlo","21","9"
"Italie","Lazio","28 fvrier 1987","19","Italie","27","3. Milieu","Antonio Candreva","6","9"
"Italie","Juventus","19 janvier 1986","43","Italie","28","3. Milieu","Claudio Marchisio","8","9"
"Italie","Roma","24 juillet 1983","94","Italie","30","3. Milieu","Daniele De Rossi","16","9"
"Italie","Parma","25 janvier 1985","3","Italie","29","3. Milieu","Marco Parolo","18","9"
"Italie","Paris Saint-Germain","5 novembre 1992","5","France","21","3. Milieu","Marco Verratti","23","9"
"Italie","Paris Saint-Germain","28 aot 1982","20","France","31","3. Milieu","Thiago Motta","5","9"
"Italie","Torino","23 juillet 1987","11","Italie","26","4. Attaquant","Alessio Cerci","11","9"
"Italie","Parma","12 juillet 1982","36","Italie","31","4. Attaquant","Antonio Cassano","10","9"
"Italie","Torino","20 fvrier 1990","2","Italie","24","4. Attaquant","Ciro Immobile","17","9"
"Italie","Napoli","4 juin 1991","4","Italie","23","4. Attaquant","Lorenzo Insigne","22","9"
"Italie","Milan","12 aot 1990","29","Italie","23","4. Attaquant","Mario Balotelli","9","9"
"Uruguay","Galatasaray","16 juin 1986","57","Turquie","27","1. Gardien","Fernando Muslera","1","7"
"Uruguay","Vasco da Gama","25 mars 1983","4","Bresil","31","1. Gardien","Martin Silva","23","7"
"Uruguay","Libertad","22 janvier 1982","0","Paraguay","32","1. Gardien","Rodrigo Munoz","12","7"
"Uruguay","Atletico Madrid","16 fvrier 1986","76","Espagne","28","2. Defenseur","Diego Godin","3","7"
"Uruguay","West Bromwich Albion","2 novembre 1980","93","Angleterre","33","2. Defenseur","Diego Lugano (c)","2","7"
"Uruguay","Porto","19 novembre 1984","41","Portugal","29","2. Defenseur","Jorge Fucile","13","7"
"Uruguay","Atletico Madrid","20 janvier 1995","5","Espagne","19","2. Defenseur","Jose Maria Gimenez","19","7"
"Uruguay","Juventus","7 avril 1987","56","Italie","27","2. Defenseur","Martin Caceres","22","7"
"Uruguay","Benfica","8 juin 1984","89","Portugal","29","2. Defenseur","Maxi Pereira","16","7"
"Uruguay","Nacional","7 octobre 1990","14","Uruguay","23","2. Defenseur","Sebastian Coates","4","7"
"Uruguay","Lazio","29 octobre 1984","42","Italie","29","3. Milieu","alvaro Gonzalez","20","7"
"Uruguay","So Paulo","28 novembre 1985","56","Bresil","28","3. Milieu","alvaro Pereira","6","7"
"Uruguay","Atletico Madrid","30 septembre 1985","72","Espagne","28","3. Milieu","Cristian Rodriguez","7","7"
"Uruguay","Bologna","18 mai 1980","89","Italie","34","3. Milieu","Diego Perez","15","7"
"Uruguay","Morelia","1 janvier 1982","54","Mexique","32","3. Milieu","Egidio Arevalo Rios","17","7"
"Uruguay","Southampton","2 dcembre 1990","28","Angleterre","23","3. Milieu","Gaston Ramirez","18","7"
"Uruguay","Botafogo","21 mars 1989","26","Bresil","25","3. Milieu","Nicolas Lodeiro","14","7"
"Uruguay","Parma","23 juillet 1984","62","Italie","29","3. Milieu","Walter Gargano","5","7"
"Uruguay","Palermo","8 aot 1990","12","Italie","23","4. Attaquant","Abel Hernandez","8","7"
"Uruguay","Espanyol","12 octobre 1986","9","Espagne","27","4. Attaquant","Christian Stuani","11","7"
"Uruguay","Cerezo Osaka","19 mai 1979","109","Japon","35","4. Attaquant","Diego Forlan","10","7"
"Uruguay","Paris Saint-Germain","14 fvrier 1987","61","France","27","4. Attaquant","Edinson Cavani","21","7"
"Uruguay","Liverpool","24 janvier 1987","77","Angleterre","27","4. Attaquant","Luis Suarez","9","7"
"Equateur","El Nacional","8 septembre 1988","3","Equateur","25","1. Gardien","Adrian Bone","12","26"
"Equateur","LDU Quito","5 juin 1987","18","Equateur","27","1. Gardien","Alexander Dominguez","22","26"
"Equateur","Barcelona","16 dcembre 1985","24","Equateur","28","1. Gardien","Maximo Banguera","1","26"
"Equateur","Flamengo","5 mai 1988","36","Bresil","26","2. Defenseur","Frickson Erazo","3","26"
"Equateur","Emelec","24 mars 1985","22","Equateur","29","2. Defenseur","Gabriel Achilier","21","26"
"Equateur","Emelec","28 septembre 1981","58","Equateur","32","2. Defenseur","Jorge Guagua","2","26"
"Equateur","Barcelona","8 juillet 1987","37","Equateur","26","2. Defenseur","Juan Carlos Paredes","4","26"
"Equateur","Emelec","10 dcembre 1982","21","Equateur","31","2. Defenseur","oscar Bagi","18","26"
"Equateur","Pachuca","11 aot 1979","89","Mexique","34","2. Defenseur","Walter Ayovi","10","26"
"Equateur","Manchester United","4 aot 1985","70","Angleterre","28","3. Milieu","Antonio Valencia (c)","16","26"
"Equateur","VfB Stuttgart","19 avril 1995","2","Allemagne","19","3. Milieu","Carlos Gruezo","23","26"
"Equateur","Dynamo Moscow","9 avril 1985","41","Russie","29","3. Milieu","Christian Noboa","6","26"
"Equateur","Santa Fe","15 mars 1979","109","Colombie","35","3. Milieu","Edison Mendez","8","26"
"Equateur","Tijuana","15 fvrier 1990","8","Mexique","24","3. Milieu","Fidel Martinez","20","26"
"Equateur","Morelia","1 septembre 1989","39","Mexique","24","3. Milieu","Jefferson Montero","7","26"
"Equateur","Cruz Azul","14 juin 1989","29","Mexique","24","3. Milieu","Joao Rojas","9","26"
"Equateur","Barcelona","20 octobre 1983","48","Equateur","30","3. Milieu","Luis Saritama","19","26"
"Equateur","Atlante","23 avril 1987","20","Mexique","27","3. Milieu","Michael Arroyo","15","26"
"Equateur","Vitesse","20 janvier 1991","17","Pays-Bas","23","3. Milieu","Renato Ibarra","5","26"
"Equateur","Al-Hilal","15 mai 1982","81","Arabie Saoudite","32","3. Milieu","Segundo Castillo","14","26"
"Equateur","Pachuca","11 avril 1989","9","Mexique","25","4. Attaquant","Enner Valencia","13","26"
"Equateur","Al-Jazira","5 septembre 1988","49","EAU","25","4. Attaquant","Felipe Caicedo","11","26"
"Equateur","Tijuana","21 fvrier 1988","30","Mexique","26","4. Attaquant","Jaime Ayovi","17","26"
"France","Tottenham Hotspur","26 dcembre 1986","56","Angleterre","27","1. Gardien","Hugo Lloris (c)","1","17"
"France","Bastia","14 mai 1979","11","France","35","1. Gardien","Mickael Landreau","23","17"
"France","Saint-etienne","27 septembre 1986","2","France","27","1. Gardien","Stephane Ruffier","16","17"
"France","Arsenal","14 fvrier 1983","40","Angleterre","31","2. Defenseur","Bacary Sagna","15","17"
"France","Porto","13 fvrier 1991","3","Portugal","23","2. Defenseur","Eliaquim Mangala","13","17"
"France","Arsenal","10 septembre 1985","17","Angleterre","28","2. Defenseur","Laurent Koscielny","21","17"
"France","Paris Saint-Germain","20 juillet 1993","2","France","20","2. Defenseur","Lucas Digne","17","17"
"France","Liverpool","13 fvrier 1990","18","Angleterre","24","2. Defenseur","Mamadou Sakho","5","17"
"France","Newcastle United","28 juillet 1985","20","Angleterre","28","2. Defenseur","Mathieu Debuchy","2","17"
"France","Manchester United","15 mai 1981","57","Angleterre","33","2. Defenseur","Patrice Evra","3","17"
"France","Real Madrid","25 avril 1993","5","Espagne","21","2. Defenseur","Raphael Varane","4","17"
"France","Real Sociedad","21 mars 1991","3","Espagne","23","3. Milieu","Antoine Griezmann","11","17"
"France","Paris Saint-Germain","9 avril 1987","22","France","27","3. Milieu","Blaise Matuidi","14","17"
"France","Southampton","8 novembre 1989","1","Angleterre","24","3. Milieu","Morgan Schneiderlin","22","17"
"France","Montpellier","8 mars 1990","1","France","24","3. Milieu","Remy Cabella","7","17"
"France","Marseille","28 septembre 1984","33","France","29","3. Milieu","Mathieu Valbuena","8","17"
"France","Newcastle United","16 aot 1989","16","Angleterre","24","3. Milieu","Moussa Sissoko","18","17"
"France","Juventus","15 mars 1993","10","Italie","21","3. Milieu","Paul Pogba","19","17"
"France","Lille","8 mars 1984","11","France","30","3. Milieu","Rio Mavuba","12","17"
"France","Paris Saint-Germain","14 janvier 1986","29","France","28","3. Milieu","Yohan Cabaye","6","17"
"France","Real Madrid","19 dcembre 1987","65","Espagne","26","4. Attaquant","Karim Benzema","10","17"
"France","Newcastle United","2 janvier 1987","24","Angleterre","27","4. Attaquant","Loec Remy","20","17"
"France","Arsenal","30 septembre 1986","29","Angleterre","27","4. Attaquant","Olivier Giroud","9","17"
"Honduras","Olimpia","3 fvrier 1980","26","Honduras","34","1. Gardien","Donis Escober","22","33"
"Honduras","Real Espana","13 septembre 1993","0","Honduras","20","1. Gardien","Luis Lopez","1","33"
"Honduras","Olimpia","3 mai 1977","121","Honduras","37","1. Gardien","Noel Valladares (c)","18","33"
"Honduras","Olimpia","28 novembre 1985","22","Honduras","28","2. Defenseur","Brayan Beckeles","23","33"
"Honduras","Celtic","10 mai 1986","67","Ecosse","28","2. Defenseur","Emilio Izaguirre","7","33"
"Honduras","Wigan Athletic","8 mars 1988","33","Angleterre","26","2. Defenseur","Juan Carlos Garcia","6","33"
"Honduras","Motagua","26 octobre 1985","11","Honduras","28","2. Defenseur","Juan Pablo Montes","4","33"
"Honduras","Hull City","2 mai 1983","104","Angleterre","31","2. Defenseur","Maynor Figueroa","3","33"
"Honduras","Qingdao Jonoon","29 juillet 1984","54","Chine","29","2. Defenseur","Osman Chavez","2","33"
"Honduras","San Jose Earthquakes","24 mai 1982","77","Etats-Unis","32","2. Defenseur","Victor Bernardez","5","33"
"Honduras","Anderlecht","16 mars 1993","16","Belgique","21","3. Milieu","Andy Najar","21","33"
"Honduras","Real Espana","20 novembre 1986","25","Honduras","27","3. Milieu","Edder Delgado","12","33"
"Honduras","Motagua","8 janvier 1986","48","Honduras","28","3. Milieu","Jorge Claros","20","33"
"Honduras","Olimpia","5 novembre 1990","19","Honduras","23","3. Milieu","Luis Garrido","19","33"
"Honduras","Real Espana","30 juillet 1989","35","Honduras","24","3. Milieu","Mario Martinez","10","33"
"Honduras","Chivas USA","3 novembre 1983","41","Etats-Unis","30","3. Milieu","Marvin Chavez","17","33"
"Honduras","Houston Dynamo","4 septembre 1984","92","Etats-Unis","29","3. Milieu","oscar Garcia","14","33"
"Honduras","Wigan Athletic","25 octobre 1986","41","Angleterre","27","3. Milieu","Roger Espinoza","15","33"
"Honduras","Stoke City","29 juillet 1984","94","Angleterre","29","3. Milieu","Wilson Palacios","8","33"
"Honduras","Real Espana","18 juillet 1982","69","Honduras","31","4. Attaquant","Carlo Costly","13","33"
"Honduras","New Angleterre Revolution","8 avril 1987","43","Etats-Unis","27","4. Attaquant","Jerry Bengtson","11","33"
"Honduras","Alajuelense","1 novembre 1981","23","Costa Rica","32","4. Attaquant","Jerry Palacios","9","33"
"Honduras","Real Sociedad","16 octobre 1988","12","Honduras","25","4. Attaquant","Rony Martinez","16","33"
"Suisse","VfL Wolfsburg","8 septembre 1983","56","Allemagne","30","1. Gardien","Diego Benaglio","1","6"
"Suisse","Grasshopper","14 novembre 1990","0","Suisse","23","1. Gardien","Roman Brki","21","6"
"Suisse","Basel","17 dcembre 1988","6","Suisse","25","1. Gardien","Yann Sommer","12","6"
"Suisse","Basel","20 dcembre 1991","5","Suisse","22","2. Defenseur","Fabian Schr","22","6"
"Suisse","Hamburger SV","18 janvier 1987","44","Allemagne","27","2. Defenseur","Johan Djourou","20","6"
"Suisse","Grasshopper","8 fvrier 1991","5","Suisse","23","2. Defenseur","Michael Lang","6","6"
"Suisse","Valencia","14 fvrier 1985","53","Espagne","29","2. Defenseur","Philippe Senderos","4","6"
"Suisse","Sassuolo","16 janvier 1986","35","Italie","28","2. Defenseur","Reto Ziegler","3","6"
"Suisse","VfL Wolfsburg","25 aot 1992","20","Allemagne","21","2. Defenseur","Ricardo Rodriguez","13","6"
"Suisse","Juventus","16 janvier 1984","62","Italie","30","2. Defenseur","Stephan Lichtsteiner","2","6"
"Suisse","Young Boys","10 juin 1983","40","Suisse","30","2. Defenseur","Steve von Bergen","5","6"
"Suisse","Napoli","12 avril 1986","33","Italie","28","3. Milieu","Blerim Dzemaili","15","6"
"Suisse","SC Freiburg","2 septembre 1986","47","Allemagne","27","3. Milieu","Gelson Fernandes","16","6"
"Suisse","Napoli","27 juin 1984","71","Italie","29","3. Milieu","Gkhan Inler (c)","8","6"
"Suisse","Borussia Mnchengladbach","27 septembre 1992","25","Allemagne","21","3. Milieu","Granit Xhaka","10","6"
"Suisse","Eintracht Frankfurt","22 mai 1985","73","Allemagne","29","3. Milieu","Tranquillo Barnetta","7","6"
"Suisse","Basel","12 avril 1989","23","Suisse","25","3. Milieu","Valentin Stocker","14","6"
"Suisse","Napoli","19 avril 1985","47","Italie","29","3. Milieu","Valon Behrami","11","6"
"Suisse","Bayern Munich","10 octobre 1991","32","Allemagne","22","3. Milieu","Xherdan Shaqiri","23","6"
"Suisse","SC Freiburg","16 mars 1991","20","Allemagne","23","4. Attaquant","Admir Mehmedi","18","6"
"Suisse","Real Sociedad","22 fvrier 1992","10","Espagne","22","4. Attaquant","Haris Seferovic","9","6"
"Suisse","1. FC Nrnberg","8 aot 1992","6","Allemagne","21","4. Attaquant","Josip Drmic","19","6"
"Suisse","Zrich","24 novembre 1989","10","Suisse","24","4. Attaquant","Mario Gavranovic","17","6"
"Argentine","Boca Juniors","26 juillet 1981","3","Argentine","32","1. Gardien","Agustin Orion","12","5"
"Argentine","Catania","30 juillet 1983","10","Italie","30","1. Gardien","Mariano Andujar","21","5"
"Argentine","Monaco","22 fvrier 1987","45","France","27","1. Gardien","Sergio Romero","1","5"
"Argentine","Benfica","10 octobre 1986","18","Portugal","27","2. Defenseur","Ezequiel Garay","2","5"
"Argentine","Napoli","21 fvrier 1989","24","Italie","25","2. Defenseur","Federico Fernandez","17","5"
"Argentine","Internazionale","27 juin 1980","13","Italie","33","2. Defenseur","Hugo Campagnaro","3","5"
"Argentine","Monterrey","3 avril 1984","8","Mexique","30","2. Defenseur","Jose Maria Basanta","23","5"
"Argentine","Sporting","20 mars 1990","20","Portugal","24","2. Defenseur","Marcos Rojo","16","5"
"Argentine","Manchester City","20 dcembre 1980","37","Angleterre","33","2. Defenseur","Martin Demichelis","15","5"
"Argentine","Manchester City","16 janvier 1985","36","Angleterre","29","2. Defenseur","Pablo Zabaleta","4","5"
"Argentine","Real Madrid","14 fvrier 1988","45","Espagne","26","3. Milieu","angel di Maria","7","5"
"Argentine","Celta Vigo","10 avril 1986","7","Espagne","28","3. Milieu","Augusto Fernandez","13","5"
"Argentine","Benfica","22 fvrier 1986","5","Portugal","28","3. Milieu","Enzo Perez","8","5"
"Argentine","Boca Juniors","10 avril 1986","47","Argentine","28","3. Milieu","Fernando Gago","5","5"
"Argentine","Barcelona","8 juin 1984","96","Espagne","29","3. Milieu","Javier Mascherano","14","5"
"Argentine","Lazio","30 janvier 1986","16","Italie","28","3. Milieu","Lucas Biglia","6","5"
"Argentine","Newell's Old Boys","2 janvier 1981","53","Argentine","33","3. Milieu","Maxi Rodriguez","11","5"
"Argentine","Internazionale","12 avril 1988","5","Italie","26","3. Milieu","Ricardo alvarez","19","5"
"Argentine","Paris Saint-Germain","3 mai 1985","29","France","29","4. Attaquant","Ezequiel Lavezzi","22","5"
"Argentine","Napoli","10 dcembre 1987","36","Italie","26","4. Attaquant","Gonzalo Higuain","9","5"
"Argentine","Barcelona","24 juin 1987","84","Espagne","26","4. Attaquant","Lionel Messi (c)","10","5"
"Argentine","Internazionale","5 fvrier 1982","15","Italie","32","4. Attaquant","Rodrigo Palacio","18","5"
"Argentine","Manchester City","2 juin 1988","50","Angleterre","26","4. Attaquant","Sergio Agero","20","5"
"Bosnie-Herzegovine","and Herzegovina Borac Banja","13 mai 1981","3","Bosnie-Herzegovine","33","1. Gardien","Asmir Avdukic","22","21"
"Bosnie-Herzegovine","Stoke City","20 juin 1987","30","Angleterre","26","1. Gardien","Asmir Begovic","1","21"
"Bosnie-Herzegovine","VfR Aalen","15 mai 1986","0","Allemagne","28","1. Gardien","Jasmin Fejzic","12","21"
"Bosnie-Herzegovine","Hajduk Split","6 mars 1986","13","Croatie","28","2. Defenseur","Avdija Vrsajevic","2","21"
"Bosnie-Herzegovine","Bayer Leverkusen","18 aot 1980","74","Allemagne","33","2. Defenseur","Emir Spahic (c)","4","21"
"Bosnie-Herzegovine","Eintracht Braunschweig","24 janvier 1990","7","Allemagne","24","2. Defenseur","Ermin Bicakcic","3","21"
"Bosnie-Herzegovine","SC Freiburg","28 mars 1984","24","Allemagne","30","2. Defenseur","Mensur Mujdza","13","21"
"Bosnie-Herzegovine","Ferencvaros","10 septembre 1992","9","Hongrie","21","2. Defenseur","Muhamed Besic","7","21"
"Bosnie-Herzegovine","Elazspor","24 octobre 1989","13","Turquie","24","2. Defenseur","Ognjen Vranjes","6","21"
"Bosnie-Herzegovine","Schalke 4","20 juin 1993","4","Allemagne","20","2. Defenseur","Sead Kolasinac","5","21"
"Bosnie-Herzegovine","Zorya Luhansk","15 dcembre 1988","7","Ukraine","25","2. Defenseur","Toni sunjic","15","21"
"Bosnie-Herzegovine","Sturm Graz","16 aot 1989","2","Autriche","24","3. Milieu","Anel Hadzic","20","21"
"Bosnie-Herzegovine","Gaziantepspor","8 mars 1985","35","Turquie","29","3. Milieu","Haris Medunjanin","18","21"
"Bosnie-Herzegovine","Galatasaray","4 aot 1991","7","Turquie","22","3. Milieu","Izet Hajrovic","14","21"
"Bosnie-Herzegovine","Roma","2 avril 1990","48","Italie","24","3. Milieu","Miralem Pjanic","8","21"
"Bosnie-Herzegovine","1899 Hoffenheim","8 octobre 1984","42","Allemagne","29","3. Milieu","Sejad Salihovic","23","21"
"Bosnie-Herzegovine","Lazio","18 janvier 1986","33","Italie","28","3. Milieu","Senad Lulic","16","21"
"Bosnie-Herzegovine","Kayseri Erciyesspor","26 septembre 1985","42","Turquie","28","3. Milieu","Senijad Ibricic","17","21"
"Bosnie-Herzegovine","Hajduk Split","13 fvrier 1992","2","Croatie","22","3. Milieu","Tino-Sven Susic","21","21"
"Bosnie-Herzegovine","Guizhou Renhe","5 juin 1982","82","Chine","32","3. Milieu","Zvjezdan Misimovic","10","21"
"Bosnie-Herzegovine","Manchester City","17 mars 1986","62","Angleterre","28","4. Attaquant","Edin Dzeko","11","21"
"Bosnie-Herzegovine","stanbul BB","17 fvrier 1990","10","Turquie","24","4. Attaquant","Edin Visca","19","21"
"Bosnie-Herzegovine","VfB Stuttgart","6 aot 1984","55","Allemagne","29","4. Attaquant","Vedad Ibisevic","9","21"
"Iran","Sporting Covilh","2 mai 1988","5","Portugal","26","1. Gardien","Alireza Haghighi","12","43"
"Iran","Eintracht Braunschweig","6 janvier 1988","4","Allemagne","26","1. Gardien","Daniel Davari","22","43"
"Iran","Sepahan","30 juillet 1980","10","Iran","33","1. Gardien","Rahman Ahmadi","1","43"
"Iran","Naft Tehran","10 octobre 1982","9","Iran","31","2. Defenseur","Ahmad Alnameh","17","43"
"Iran","Esteghlal","6 septembre 1981","16","Iran","32","2. Defenseur","Amir Hossein Sadeghi","5","43"
"Iran","Esteghlal","22 janvier 1984","17","Iran","30","2. Defenseur","Hashem Beikzadeh","19","43"
"Iran","Persepolis","16 septembre 1986","21","Iran","27","2. Defenseur","Hossein Mahini","13","43"
"Iran","Persepolis","3 fvrier 1982","84","Iran","32","2. Defenseur","Jalal Hosseini","4","43"
"Iran","Persepolis","26 fvrier 1987","19","Iran","27","2. Defenseur","Mehrdad Pouladi","23","43"
"Iran","Umm Salal","6 septembre 1983","21","Qatar","30","2. Defenseur","Pejman Montazeri","15","43"
"Iran","Vancouver Whitecaps","1 fvrier 1987","6","Etats-Unis","27","2. Defenseur","Steven Beitashour","20","43"
"Iran","Esteghlal","6 mars 1983","78","Iran","31","3. Milieu","Andranik Teymourian","14","43"
"Iran","Fulham","5 juillet 1986","13","Angleterre","27","3. Milieu","Ashkan Dejagah","21","43"
"Iran","Foolad","23 septembre 1991","4","Iran","22","3. Milieu","Bakhtiar Rahmani","18","43"
"Iran","Sepahan","25 fvrier 1990","61","Iran","24","3. Milieu","Ehsan Hajsafi","3","43"
"Iran","Zob Ahan","12 juillet 1983","16","Iran","30","3. Milieu","Ghasem Haddadifar","11","43"
"Iran","Al-Kuwait","7 octobre 1980","139","Koweit","33","3. Milieu","Javad Nekounam (c)","6","43"
"Iran","Esteghlal","14 septembre 1983","48","Iran","30","3. Milieu","Khosro Heydari","2","43"
"Iran","Las Palmas","9 juin 1984","49","Espagne","29","3. Milieu","Masoud Shojaei","7","43"
"Iran","Persepolis","1 fvrier 1989","7","Iran","25","3. Milieu","Reza Haghighi","8","43"
"Iran","NEC","11 aot 1993","6","Pays-Bas","20","4. Attaquant","Alireza Jahanbakhsh","9","43"
"Iran","Tractor Sazi","3 avril 1990","41","Iran","24","4. Attaquant","Karim Ansarifard","10","43"
"Iran","Charlton Athletic","20 septembre 1987","13","Angleterre","26","4. Attaquant","Reza Ghoochannejhad","16","43"
"Nigeria","Hapoel Be'er Sheva","8 avril 1984","32","Israel","30","1. Gardien","Austin Ejide","16","44"
"Nigeria","Gombe United","28 novembre 1984","11","Nigeria","29","1. Gardien","Chigozie Agbim","21","44"
"Nigeria","Lille","29 aot 1982","90","France","31","1. Gardien","Vincent Enyeama (c)","1","44"
"Nigeria","Warri Wolves","16 juillet 1989","32","Nigeria","24","2. Defenseur","Azubuike Egwuekwe","6","44"
"Nigeria","Celtic","18 octobre 1988","36","Ecosse","25","2. Defenseur","Efe Ambrose","5","44"
"Nigeria","caykur Rizespor","16 aot 1990","35","Turquie","23","2. Defenseur","Go2. Defenseurrey Oboabona","14","44"
"Nigeria","Norwich City","6 septembre 1980","96","Angleterre","33","2. Defenseur","Joseph Yobo","2","44"
"Nigeria","Ashdod","14 septembre 1990","10","Israel","23","2. Defenseur","Juwon Oshaniwa","13","44"
"Nigeria","Middlesbrough","17 octobre 1993","17","Angleterre","20","2. Defenseur","Kenneth Omeruo","22","44"
"Nigeria","Sunshine Stars","5 mars 1990","10","Nigeria","24","2. Defenseur","Kunle Odunlami","12","44"
"Nigeria","Monaco","20 janvier 1988","42","France","26","2. Defenseur","Uwa Elderson Echiejile","3","44"
"Nigeria","Chelsea","22 avril 1987","59","Angleterre","27","3. Milieu","John Obi Mikel","10","44"
"Nigeria","Volyn Lutsk","24 dcembre 1992","4","Ukraine","21","3. Milieu","Michael Babatunde","18","44"
"Nigeria","Lazio","25 dcembre 1992","20","Italie","21","3. Milieu","Ogenyi Onazi","17","44"
"Nigeria","Almeria","12 dcembre 1992","1","Espagne","21","3. Milieu","Ramon Azeez","15","44"
"Nigeria","Waasland-Beveren","25 septembre 1990","11","Belgique","23","3. Milieu","Reuben Gabriel","4","44"
"Nigeria","Liverpool","12 dcembre 1990","20","Angleterre","23","3. Milieu","Victor Moses","11","44"
"Nigeria","CSKA Moscow","14 octobre 1992","35","Russie","21","4. Attaquant","Ahmed Musa","7","44"
"Nigeria","Fenerbahce","10 mai 1987","22","Turquie","27","4. Attaquant","Emmanuel Emenike","9","44"
"Nigeria","Cercle Brugge","2 fvrier 1990","3","Belgique","24","4. Attaquant","Michael Uchebo","20","44"
"Nigeria","Stoke City","15 juillet 1981","60","Angleterre","32","4. Attaquant","Peter Odemwingie","8","44"
"Nigeria","Newcastle United","12 octobre 1981","6","Angleterre","32","4. Attaquant","Shola Ameobi","23","44"
"Nigeria","Heerenveen","17 septembre 1991","6","Pays-Bas","22","4. Attaquant","Uche Nwofor","19","44"
"Allemagne","Bayern Munich","27 mars 1986","45","Allemagne","28","1. Gardien","Manuel Neuer","1","2"
"Allemagne","Borussia Dortmund","6 aot 1980","2","Allemagne","33","1. Gardien","Roman Weidenfeller","22","2"
"Allemagne","Hannover 96","12 fvrier 1989","3","Allemagne","25","1. Gardien","Ron-Robert Zieler","12","2"
"Allemagne","Schalke 4","29 fvrier 1988","20","Allemagne","26","2. Defenseur","Benedikt Hwedes","4","2"
"Allemagne","Borussia Dortmund","12 mai 1992","1","Allemagne","22","2. Defenseur","Erik Durm","15","2"
"Allemagne","Bayern Munich","3 septembre 1988","38","Allemagne","25","2. Defenseur","Jerme Boateng","20","2"
"Allemagne","Borussia Dortmund","19 juillet 1988","4","Allemagne","25","2. Defenseur","Kevin Grokreutz","2","2"
"Allemagne","Borussia Dortmund","16 dcembre 1988","29","Allemagne","25","2. Defenseur","Mats Hummels","5","2"
"Allemagne","Arsenal","29 septembre 1984","97","Angleterre","29","2. Defenseur","Per Mertesacker","17","2"
"Allemagne","Bayern Munich","11 novembre 1983","105","Allemagne","30","2. Defenseur","Philipp Lahm (c)","16","2"
"Allemagne","Chelsea","6 novembre 1990","32","Angleterre","23","3. Milieu","Andre Schrrle","9","2"
"Allemagne","Bayern Munich","1 aot 1984","101","Allemagne","29","3. Milieu","Bastian Schweinsteiger","7","2"
"Allemagne","Borussia Mnchengladbach","12 fvrier 1991","2","Allemagne","23","3. Milieu","Christoph Kramer","23","2"
"Allemagne","Schalke 4","20 septembre 1993","11","Allemagne","20","3. Milieu","Julian Draxler","14","2"
"Allemagne","Bayern Munich","3 juin 1992","28","Allemagne","22","3. Milieu","Mario Gtze","19","2"
"Allemagne","SC Freiburg","19 janvier 1994","2","Allemagne","20","3. Milieu","Matthias Ginter","3","2"
"Allemagne","Arsenal","15 octobre 1988","54","Angleterre","25","3. Milieu","Mesut zil","8","2"
"Allemagne","Real Madrid","4 avril 1987","45","Espagne","27","3. Milieu","Sami Khedira","6","2"
"Allemagne","Bayern Munich","13 septembre 1989","48","Allemagne","24","3. Milieu","Thomas Mller","13","2"
"Allemagne","Bayern Munich","4 janvier 1990","43","Allemagne","24","3. Milieu","Toni Kroos","18","2"
"Allemagne","Arsenal","4 juin 1985","113","Angleterre","29","4. Attaquant","Lukas Podolski","10","2"
"Allemagne","Lazio","9 juin 1978","131","Italie","35","4. Attaquant","Miroslav Klose","11","2"
"Allemagne","Sampdoria","17 avril 1992","1","Italie","22","Dfenseur","Shkodran Mustafi","21","2"
"Etats-Unis","Aston Villa","9 septembre 1984","25","Angleterre","29","1. Gardien","Brad Guzan","12","13"
"Etats-Unis","Real Salt Lake","17 juin 1979","14","Etats-Unis","34","1. Gardien","Nick Rimando","22","13"
"Etats-Unis","Everton","6 mars 1979","99","Angleterre","35","1. Gardien","Tim Howard","1","13"
"Etats-Unis","Puebla","24 mai 1982","115","Mexique","32","2. Defenseur","DaMarcus Beasley","7","13"
"Etats-Unis","Seattle Sounders FC","9 juillet 1993","4","Etats-Unis","20","2. Defenseur","DeAndre Yedlin","2","13"
"Etats-Unis","1899 Hoffenheim","11 dcembre 1987","21","Allemagne","26","2. Defenseur","Fabian Johnson","23","13"
"Etats-Unis","Stoke City","11 juillet 1985","26","Angleterre","28","2. Defenseur","Geoff Cameron","20","13"
"Etats-Unis","Hertha BSC","28 janvier 1993","4","Allemagne","21","2. Defenseur","John Brooks","6","13"
"Etats-Unis","Sporting Kansas City","11 fvrier 1987","16","Etats-Unis","27","2. Defenseur","Matt Besler","5","13"
"Etats-Unis","Los Angeles Galaxy","11 octobre 1988","19","Etats-Unis","25","2. Defenseur","Omar Gonzalez","3","13"
"Etats-Unis","1. FC Nrnberg","29 mars 1990","12","Allemagne","24","2. Defenseur","Timothy Chandler","21","13"
"Etats-Unis","Nantes","29 avril 1987","27","France","27","3. Milieu","Alejandro Bedoya","11","13"
"Etats-Unis","Houston Dynamo","8 novembre 1981","16","Etats-Unis","32","3. Milieu","Brad Davis","14","13"
"Etats-Unis","Sporting Kansas City","18 aot 1986","22","Etats-Unis","27","3. Milieu","Graham Zusi","19","13"
"Etats-Unis","Besiktas","3 novembre 1981","41","Turquie","32","3. Milieu","Jermaine Jones","13","13"
"Etats-Unis","Bayern Munich","6 juin 1995","2","Allemagne","19","3. Milieu","Julian Green","16","13"
"Etats-Unis","Real Salt Lake","23 avril 1982","36","Etats-Unis","32","3. Milieu","Kyle Beckerman","15","13"
"Etats-Unis","Toronto FC","31 juillet 1987","85","Etats-Unis","26","3. Milieu","Michael Bradley","4","13"
"Etats-Unis","Rosenborg","2 octobre 1990","19","Norvege","23","3. Milieu","Mikkel Diskerud","10","13"
"Etats-Unis","AZ","10 novembre 1990","8","Pays-Bas","23","4. Attaquant","Aron Johannsson","9","13"
"Etats-Unis","San Jose Earthquakes","28 janvier 1983","20","Etats-Unis","31","4. Attaquant","Chris Wondolowski","18","13"
"Etats-Unis","Seattle Sounders FC","9 mars 1983","104","Etats-Unis","31","4. Attaquant","Clint Dempsey (c)","8","13"
"Etats-Unis","Sunderland","6 novembre 1989","69","Angleterre","24","4. Attaquant","Jozy Altidore","17","13"
"Ghana","Strmsgodset","12 dcembre 1987","21","Norvege","26","1. Gardien","Adam Kwarasey","12","37"
"Ghana","Orlando Pirates","6 avril 1985","17","Afrique du Sud","29","1. Gardien","Fatau Dauda","16","37"
"Ghana","Aduana Stars","28 septembre 1989","7","Ghana","24","1. Gardien","Steven Adams","1","37"
"Ghana","Standard Liege","18 octobre 1990","16","Belgique","23","2. Defenseur","Daniel Opare","4","37"
"Ghana","Esperance","24 juin 1986","40","Tunisie","27","2. Defenseur","Harrison Afful","23","37"
"Ghana","Rennes","23 avril 1987","29","France","27","2. Defenseur","John Boye","21","37"
"Ghana","evian","13 juillet 1990","26","France","23","2. Defenseur","Jonathan Mensah","19","37"
"Ghana","Mamelodi Sundowns","18 dcembre 1992","6","Afrique du Sud","21","2. Defenseur","Rashid Sumaila","15","37"
"Ghana","Platanias","1 juin 1989","46","Grece","25","2. Defenseur","Samuel Inkoom","2","37"
"Ghana","Parma","5 janvier 1992","4","Italie","22","3. Milieu","Acquah Afriyie","6","37"
"Ghana","Middlesbrough","13 dcembre 1987","14","Angleterre","26","3. Milieu","Albert Adomah","14","37"
"Ghana","Marseille","17 dcembre 1989","48","France","24","3. Milieu","Andre Ayew","10","37"
"Ghana","Vitesse","10 janvier 1992","22","Pays-Bas","22","3. Milieu","Christian Atsu","7","37"
"Ghana","Udinese","2 dcembre 1990","48","Italie","23","3. Milieu","Emmanuel Agyemang-Badu","8","37"
"Ghana","Juventus","9 dcembre 1988","61","Italie","25","3. Milieu","Kwadwo Asamoah","20","37"
"Ghana","Milan","3 dcembre 1982","57","Italie","31","3. Milieu","Michael Essien","5","37"
"Ghana","Kuban Krasnodar","31 dcembre 1989","16","Russie","24","3. Milieu","Mohammed Rabiu","17","37"
"Ghana","Milan","27 aot 1984","81","Italie","29","3. Milieu","Sulley Muntari","11","37"
"Ghana","Rubin Kazan","25 juillet 1990","16","Russie","23","3. Milieu","Wakaso Mubarak","22","37"
"Ghana","Al-Ain","22 novembre 1985","78","EAU","28","4. Attaquant","Asamoah Gyan (c)","3","37"
"Ghana","Sochaux","11 septembre 1991","12","France","22","4. Attaquant","Jordan Ayew","13","37"
"Ghana","Schalke 4","6 mars 1987","12","Allemagne","27","4. Attaquant","Kevin-Prince Boateng","9","37"
"Ghana","Valenciennes","19 septembre 1991","9","France","22","4. Attaquant","Majeed Waris","18","37"
"Portugal","Sevilla","1 mai 1982","7","Espagne","32","1. Gardien","Beto","22","4"
"Portugal","Braga","19 septembre 1982","33","Portugal","31","1. Gardien","Eduardo","1","4"
"Portugal","Sporting","15 fvrier 1988","29","Portugal","26","1. Gardien","Rui Patricio","12","4"
"Portugal","Benfica","10 septembre 1990","3","Portugal","23","2. Defenseur","Andre Almeida","19","4"
"Portugal","Fenerbahce","27 novembre 1981","71","Turquie","32","2. Defenseur","Bruno Alves","2","4"
"Portugal","Real Madrid","11 mars 1988","43","Espagne","26","2. Defenseur","Fabio Coentro","5","4"
"Portugal","Valencia","25 fvrier 1984","35","Espagne","30","2. Defenseur","Joo Pereira","21","4"
"Portugal","Zenit Saint Petersburg","26 mai 1988","7","Russie","26","2. Defenseur","Luis Neto","14","4"
"Portugal","Real Madrid","26 fvrier 1983","57","Espagne","31","2. Defenseur","Pepe","3","4"
"Portugal","Valencia","16 mai 1981","18","Espagne","33","2. Defenseur","Ricardo Costa","13","4"
"Portugal","Monaco","8 septembre 1986","66","France","27","3. Milieu","Joo Moutinho","8","4"
"Portugal","Dynamo Kyiv","11 mai 1986","47","Ukraine","28","3. Milieu","Miguel Veloso","4","4"
"Portugal","Manchester United","17 novembre 1986","73","Angleterre","27","3. Milieu","Nani","17","4"
"Portugal","Braga","17 mai 1993","2","Portugal","21","3. Milieu","Rafa Silva","15","4"
"Portugal","Fenerbahce","17 mars 1983","73","Turquie","31","3. Milieu","Raul Meireles","16","4"
"Portugal","Benfica","27 janvier 1985","11","Portugal","29","3. Milieu","Ruben Amorim","20","4"
"Portugal","Porto","2 fvrier 1985","22","Portugal","29","3. Milieu","Silvestre Varela","18","4"
"Portugal","VfL Wolfsburg","24 janvier 1986","7","Allemagne","28","3. Milieu","Vieirinha","10","4"
"Portugal","Sporting","7 avril 1992","3","Portugal","22","3. Milieu","William Carvalho","6","4"
"Portugal","Real Madrid","5 fvrier 1985","110","Espagne","29","4. Attaquant","Cristiano Ronaldo (c)","7","4"
"Portugal","Braga","22 dcembre 1987","7","Portugal","26","4. Attaquant","eder","11","4"
"Portugal","Lazio","2 aot 1982","67","Italie","31","4. Attaquant","Helder Postiga","23","4"
"Portugal","Besiktas","23 mai 1984","54","Turquie","30","4. Attaquant","Hugo Almeida","9","4"
"Algerie","CS Constantine","9 janvier 1985","1","Algerie","29","1. Gardien","Cedric Si Mohamed","1","22"
"Algerie","USM Alger","19 mars 1985","7","Algerie","29","1. Gardien","Mohamed Zemmamouche","16","22"
"Algerie","CSKA Sofia","25 avril 1986","27","Bulgarie","28","1. Gardien","Raes M'Bolhi","23","22"
"Algerie","Reims","22 octobre 1991","2","France","22","2. Defenseur","Aissa Mandi","20","22"
"Algerie","Valenciennes","15 mai 1985","25","France","29","2. Defenseur","Carl Medjani","7","22"
"Algerie","Livorno","9 octobre 1984","26","Italie","29","2. Defenseur","Djamel Mesbah","6","22"
"Algerie","Watford","1 janvier 1989","13","Angleterre","25","2. Defenseur","Essaed Belkalem","4","22"
"Algerie","Napoli","1 fvrier 1991","5","Italie","23","2. Defenseur","Faouzi Ghoulam","3","22"
"Algerie","Mallorca","5 mars 1988","6","Espagne","26","2. Defenseur","Liassine Cadamuro-Bentaeba","17","22"
"Algerie","Lekhwiya","7 octobre 1982","61","Qatar","31","2. Defenseur","Madjid Bougherra (c)","2","22"
"Algerie","Academica","2 septembre 1986","28","Portugal","27","2. Defenseur","Rafik Halliche","5","22"
"Algerie","Club Africain","31 janvier 1987","76","Tunisie","27","3. Milieu","Abdelmoumene Djabou","18","22"
"Algerie","Udinese","14 mai 1984","24","Italie","30","3. Milieu","Hassan Yebda","8","22"
"Algerie","Getafe","15 mai 1984","29","Espagne","30","3. Milieu","Medhi Lacen","12","22"
"Algerie","Ajaccio","30 aot 1983","22","France","30","3. Milieu","Mehdi Mostefa","22","22"
"Algerie","Tottenham Hotspur","24 novembre 1994","2","Angleterre","19","3. Milieu","Nabil Bentaleb","14","22"
"Algerie","Leicester City","21 fvrier 1991","1","Angleterre","23","3. Milieu","Riyad Mahrez","21","22"
"Algerie","Internazionale","29 fvrier 1992","10","Italie","22","3. Milieu","Saphir Taeder","19","22"
"Algerie","Valencia","26 dcembre 1989","18","Espagne","24","3. Milieu","Sofiane Feghouli","10","22"
"Algerie","Granada","8 fvrier 1990","5","Espagne","24","3. Milieu","Yacine Brahimi","11","22"
"Algerie","Dinamo Zagreb","25 novembre 1987","21","Croatie","26","4. Attaquant","El Arbi Hillel Soudani","15","22"
"Algerie","Sporting CP","18 juin 1988","19","Portugal","25","4. Attaquant","Islam Slimani","13","22"
"Algerie","Porto","20 avril 1990","5","Portugal","24","4. Attaquant","Nabil Ghilas","9","22"
"Belgique","Zulte Waregem","11 aot 1985","1","Belgique","28","1. Gardien","Sammy Bossut","13","11"
"Belgique","Liverpool","6 aot 1988","14","Angleterre","25","1. Gardien","Simon Mignolet","12","11"
"Belgique","Atletico Madrid","11 mai 1992","16","Espagne","22","1. Gardien","Thibaut Courtois","1","11"
"Belgique","Anderlecht","24 octobre 1987","25","Belgique","26","2. Defenseur","Anthony Vanden Borre","21","11"
"Belgique","Bayern Munich","7 fvrier 1978","79","Allemagne","36","2. Defenseur","Daniel Van Buyten","15","11"
"Belgique","Tottenham Hotspur","24 avril 1987","56","Angleterre","27","2. Defenseur","Jan Vertonghen","5","11"
"Belgique","Standard Liege","5 aot 1985","8","Belgique","28","2. Defenseur","Laurent Ciman","23","11"
"Belgique","Zenit Saint Petersburg","20 mars 1985","26","Russie","29","2. Defenseur","Nicolas Lombaerts","18","11"
"Belgique","Arsenal","14 novembre 1985","48","Angleterre","28","2. Defenseur","Thomas Vermaelen","3","11"
"Belgique","Atletico Madrid","2 mars 1989","34","Espagne","25","2. Defenseur","Toby Alderweireld","2","11"
"Belgique","Manchester City","10 avril 1986","59","Angleterre","28","2. Defenseur","Vincent Kompany (c)","4","11"
"Belgique","Manchester United","5 fvrier 1995","1","Angleterre","19","3. Milieu","Adnan Januzaj","20","11"
"Belgique","Zenit Saint Petersburg","12 janvier 1989","48","Russie","25","3. Milieu","Axel Witsel","6","11"
"Belgique","Chelsea","7 janvier 1991","45","Angleterre","23","3. Milieu","Eden Hazard","10","11"
"Belgique","VfL Wolfsburg","28 juin 1991","22","Allemagne","22","3. Milieu","Kevin De Bruyne","7","11"
"Belgique","Everton","5 octobre 1987","44","Angleterre","26","3. Milieu","Kevin Mirallas","11","11"
"Belgique","Manchester United","22 novembre 1987","50","Angleterre","26","3. Milieu","Marouane Fellaini","8","11"
"Belgique","Tottenham Hotspur","16 juillet 1987","55","Angleterre","26","3. Milieu","Mousa Dembele","19","11"
"Belgique","Tottenham Hotspur","2 octobre 1989","20","Angleterre","24","3. Milieu","Nacer Chadli","22","11"
"Belgique","Porto","15 avril 1988","43","Portugal","26","3. Milieu","Steven Defour","16","11"
"Belgique","Lille","18 avril 1995","2","France","19","4. Attaquant","Divock Origi","17","11"
"Belgique","Napoli","6 mai 1987","24","Italie","27","4. Attaquant","Dries Mertens","14","11"
"Belgique","Everton","13 mai 1993","29","Angleterre","21","4. Attaquant","Romelu Lukaku","9","11"
"Coree du Sud","Suwon Bluewings","4 janvier 1985","60","Coree du Sud","29","1. Gardien","Jung Sung-Ryong","1","57"
"Coree du Sud","Ulsan Hyundai","30 septembre 1990","5","Coree du Sud","23","1. Gardien","Kim Seung-Gyu","21","57"
"Coree du Sud","Busan I'Park","2 avril 1989","0","Coree du Sud","25","1. Gardien","Lee Bum-Young","23","57"
"Coree du Sud","FC Augsburg","12 aot 1989","24","Allemagne","24","2. Defenseur","Hong Jeong-Ho","20","57"
"Coree du Sud","Sanfrecce Hiroshima","27 juin 1989","3","Japon","24","2. Defenseur","Hwang Seok-Ho","6","57"
"Coree du Sud","Kashiwa Reysol","12 septembre 1985","8","Japon","28","2. Defenseur","Kim Chang-Soo","2","57"
"Coree du Sud","Guangzhou Evergrande","27 fvrier 1990","20","Chine","24","2. Defenseur","Kim Young-Gwon","5","57"
"Coree du Sud","Al-Hilal","8 juillet 1981","34","Arabie Saoudite","32","2. Defenseur","Kwak Tae-Hwi","4","57"
"Coree du Sud","Ulsan Hyundai","24 dcembre 1986","11","Coree du Sud","27","2. Defenseur","Lee Yong","12","57"
"Coree du Sud","Mainz 5","16 janvier 1987","13","Allemagne","27","2. Defenseur","Park Joo-Ho","22","57"
"Coree du Sud","Queens Park Rangers","13 fvrier 1990","3","Angleterre","24","2. Defenseur","Yun Suk-Young","3","57"
"Coree du Sud","Beijing Guoan","2 mars 1985","13","Chine","29","3. Milieu","Ha Dae-Sung","8","57"
"Coree du Sud","Kashiwa Reysol","19 avril 1990","9","Japon","24","3. Milieu","Han Kook-Young","14","57"
"Coree du Sud","Sunderland","24 janvier 1989","58","Angleterre","25","3. Milieu","Ki Sung-Yueng","16","57"
"Coree du Sud","Cardiff City","6 octobre 1989","27","Angleterre","24","3. Milieu","Kim Bo-Kyung","7","57"
"Coree du Sud","Mainz 5","27 fvrier 1989","36","Allemagne","25","3. Milieu","Koo Ja-Cheol (c)","13","57"
"Coree du Sud","Bolton Wanderers","2 juillet 1988","54","Angleterre","25","3. Milieu","Lee Chung-Yong","17","57"
"Coree du Sud","Guangzhou R&F","10 mars 1989","10","Chine","25","3. Milieu","Park Jong-Woo","15","57"
"Coree du Sud","FC Augsburg","28 mai 1991","27","Allemagne","23","4. Attaquant","Ji Dong-Won","19","57"
"Coree du Sud","Ulsan Hyundai","14 avril 1988","26","Coree du Sud","26","4. Attaquant","Kim Shin-Wook","18","57"
"Coree du Sud","Sangju Sangmu","11 avril 1985","63","Coree du Sud","29","4. Attaquant","Lee Keun-Ho","11","57"
"Coree du Sud","Watford","10 juillet 1985","63","Angleterre","28","4. Attaquant","Park Chu-Young","10","57"
"Coree du Sud","Bayer Leverkusen","8 juillet 1992","24","Allemagne","21","4. Attaquant","Son Heung-Min","9","57"
"Russie","CSKA Moscow","8 avril 1986","67","Russie","28","1. Gardien","Igor Akinfeev","1","19"
"Russie","Rubin Kazan","19 septembre 1980","1","Russie","33","1. Gardien","Sergey Ryzhikov","16","19"
"Russie","Zenit Saint Petersburg","26 mai 1990","2","Russie","24","1. Gardien","Yuri Lodygin","12","19"
"Russie","Dynamo Moscow","16 novembre 1986","10","Russie","27","2. Defenseur","Aleksei Kozlov","2","19"
"Russie","Terek Grozny","24 mars 1989","1","Russie","25","2. Defenseur","Andrei Semyonov","6","19"
"Russie","Anzhi Makhachkala","9 fvrier 1984","11","Russie","30","2. Defenseur","Andrey Yeshchenko","22","19"
"Russie","Spartak Moscow","22 janvier 1987","21","Russie","27","2. Defenseur","Dmitri Kombarov","23","19"
"Russie","CSKA Moscow","27 avril 1991","3","Russie","23","2. Defenseur","Georgi Shchennikov","3","19"
"Russie","CSKA Moscow","14 juillet 1979","95","Russie","34","2. Defenseur","Sergei Ignashevich","4","19"
"Russie","CSKA Moscow","20 juin 1982","77","Russie","31","2. Defenseur","Vasili Berezutski","14","19"
"Russie","Dynamo Moscow","22 mai 1987","4","Russie","27","2. Defenseur","Vladimir Granat","13","19"
"Russie","CSKA Moscow","17 juin 1990","31","Russie","23","3. Milieu","Alan Dzagoev","10","19"
"Russie","Spartak Moscow","27 janvier 1987","26","Russie","27","3. Milieu","Denis Glushakov","8","19"
"Russie","Dynamo Moscow","17 mai 1984","42","Russie","30","3. Milieu","Igor Denisov","7","19"
"Russie","Zenit Saint Petersburg","29 juillet 1990","6","Russie","23","3. Milieu","Oleg Shatov","17","19"
"Russie","Rubin Kazan","25 janvier 1993","1","Russie","21","3. Milieu","Pavel Mogilevets","15","19"
"Russie","Zenit Saint Petersburg","22 avril 1986","18","Russie","28","3. Milieu","Viktor Fayzulin","20","19"
"Russie","Zenit Saint Petersburg","27 novembre 1982","79","Russie","31","4. Attaquant","Aleksandr Kerzhakov","11","19"
"Russie","Dynamo Moscow","19 mars 1991","20","Russie","23","4. Attaquant","Aleksandr Kokorin","9","19"
"Russie","Lokomotiv Moscow","19 juillet 1984","16","Russie","29","4. Attaquant","Aleksandr Samedov","19","19"
"Russie","Dynamo Moscow","18 fvrier 1989","5","Russie","25","4. Attaquant","Aleksei Ionov","18","19"
"Russie","Rubin Kazan","14 juillet 1991","2","Russie","22","4. Attaquant","Maksim Kanunnikov","21","19"
"Russie","Dynamo Moscow","20 aot 1983","59","Russie","30","4. Attaquant","Yuri Zhirkov","5","19"
