"Club","D.O.B","Internationalgoals","Country","Player","Position","Caps","Number","Height(cm)","Age","Club(country)"
"Tigres UANL","08.03.1991","4","Mexico","Alan PULIDO","Forward","5","11","176","23","Mexico"
"Newcastle United Jets FC","02.06.1993","3","Australia","Adam TAGGART","Forward","4","9","172","21","Australia"
"Charlton Athletic FC","20.09.1987","9","Iran","Reza GHOOCHANNEJAD","Forward","13","16","181","26","England"
"FC Barcelona","05.02.1992","31","Brazil","NEYMAR","Forward","48","10","175","22","Spain"
"Galatasaray SK","11.03.1978","61","Ivory Coast","Didier DROGBA","Forward","100","11","180","36","Turkey"
"Atletico Madrid","03.12.1981","56","Spain","David VILLA","Forward","95","7","175","32","Spain"
"US Citta di Palermo","08.08.1990","7","Uruguay","Abel HERNANDEZ","Forward","12","8","186","23","Italy"
"Manchester United FC","01.06.1988","35","Mexico","Javier HERNANDEZ","Forward","61","14","175","26","England"
"Manchester City FC","17.03.1986","35","Bosnia & Herzegovina","Edin DZEKO","Forward","62","11","192","28","England"
"FC Schalke 04","12.08.1983","34","Netherlands","Klaas Jan HUNTELAAR","Forward","61","19","187","30","Germany"
"SSC Napoli","10.12.1987","20","Argentina","Gonzalo HIGUAIN","Forward","36","9","184","26","Italy"
"Club Santos Laguna","12.01.1984","15","Mexico","Oribe PERALTA","Forward","27","19","177","30","Mexico"
"Sporting CP","18.06.1988","10","Algeria","Islam SLIMANI","Forward","19","13","188","26","Portugal"
"SS Lazio","09.06.1978","68","Germany","Miroslav KLOSE","Forward","131","11","182","36","Italy"
"Manchester United FC","06.08.1983","43","Netherlands","Robin VAN PERSIE","Forward","84","9","186","30","England"
"FSV Mainz 05","16.04.1986","38","Japan","Shinji OKAZAKI","Forward","75","9","174","28","Germany"
"Liverpool FC","24.01.1987","39","Uruguay","Luis SUAREZ","Forward","77","9","181","27","England"
"Fluminense FC","03.10.1983","16","Brazil","FRED","Forward","32","9","186","30","Brazil"
"FSV Mainz 05","23.03.1989","13","Cameroon","Eric CHOUPO MOTING","Forward","26","13","190","25","Germany"
"FC Basel","20.12.1991","3","Switzerland","Fabian SCHAER","Defender","6","22","186","22","Switzerland"
"SC Heerenveen","17.09.1991","3","Nigeria","Uche NWOFOR","Forward","6","19","177","22","Netherlands"
"Southampton FC","16.02.1982","2","England","Rickie LAMBERT","Forward","4","18","188","32","England"
"Malmo FF","30.11.1990","1","Chile","Miiko ALBORNOZ","Defender","2","3","180","23","Sweden"
"Al Ain FC","22.11.1985","38","Ghana","Asamoah GYAN","Forward","77","3","186","28","United Arab Emirates"
"GNK Dinamo Zagreb","25.11.1987","10","Algeria","El Arabi SOUDANI","Forward","21","15","177","26","Croatia"
"San Jose Earthquakes","28.01.1983","9","USA","Chris WONDOLOWSKI","Forward","19","18","182","31","USA"
"New York Red Bulls","06.12.1979","32","Australia","Tim CAHILL","Forward","68","4","180","34","USA"
"Shakhtar Donetsk","25.02.1983","29","Croatia","EDUARDO","Forward","62","22","177","31","Ukraine"
"Chelsea FC","10.03.1981","54","Cameroon","Samuel ETOO","Forward","117","9","181","33","England"
"Real Espana","18.07.1982","31","Honduras","Carlo COSTLY","Forward","68","13","190","31","Honduras"
"Cerezo Osaka","03.01.1990","5","Japan","Yoichiro KAKITANI","Forward","11","11","177","24","Japan"
"Valencia CF","20.11.1989","13","Chile","Eduardo VARGAS","Forward","29","11","175","24","Spain"
"Real Madrid CF","05.02.1985","49","Portugal","CRISTIANO RONALDO","Forward","110","7","185","29","Spain"
"New England Revolution","08.04.1987","19","Honduras","Jerry BENGTSON","Forward","43","11","187","27","USA"
"FC Barcelona","24.06.1987","37","Argentina","Lionel MESSI","Forward","84","10","169","26","Spain"
"FC Rubin Kazan","25.07.1990","7","Ghana","Mubarak WAKASO","Midfielder","16","22","171","23","Russia"
"1. FC Nuernberg","08.08.1992","3","Switzerland","Josip DRMIC","Forward","7","19","182","21","Germany"
"Manchester United FC","24.10.1985","38","England","Wayne ROONEY","Forward","90","10","176","28","England"
"Manchester City FC","02.06.1988","21","Argentina","Sergio AGUERO","Forward","50","20","172","26","England"
"CA River Plate","17.05.1985","12","Columbia","Teofilo GUTIERREZ","Forward","29","9","180","29","Argentina"
"AC Milan","12.08.1990","12","Italy","Mario BALOTELLI","Forward","29","9","189","23","Italy"
"Fenerbahce SK","10.05.1987","9","Nigeria","Emmanuel EMENIKE","Forward","22","9","182","27","Turkey"
"Arsenal FC","04.06.1985","46","Germany","Lukas PODOLSKI","Forward","113","10","180","29","England"
"SS Lazio","02.08.1982","27","Portugal","HELDER POSTIGA","Forward","67","23","182","31","Italy"
"FC Porto","20.04.1990","2","Algeria","Nabil GHILAS","Forward","5","9","183","24","Portugal"
"Watford FC","10.07.1985","24","South Korea","PARK Chuyoung","Forward","62","10","183","28","England"
"Chelsea FC","06.11.1990","12","Germany","Andre SCHUERRLE","Forward","32","9","184","23","England"
"TSV 1860 Muenchen","18.05.1990","3","Japan","Yuya OSAKO","Forward","8","18","182","24","Germany"
"VfB Stuttgart","06.08.1984","20","Bosnia & Herzegovina","Vedad IBISEVIC","Forward","55","9","189","29","Germany"
"AC Milan","13.06.1986","20","Japan","Keisuke HONDA","Forward","55","4","182","28","Italy"
"Manchester United FC","26.11.1990","8","England","Danny WELBECK","Forward","22","11","184","23","England"
"Liverpool FC","01.09.1989","4","England","Daniel STURRIDGE","Forward","11","9","179","24","England"
"FC Zuerich","24.11.1989","4","Switzerland","Mario GAVRANOVIC","Forward","11","17","175","24","Switzerland"
"FC Barcelona","28.07.1987","14","Spain","Pedro RODRIGUEZ","Forward","39","11","169","26","Spain"
"Cruz Azul FC","21.07.1989","5","Mexico","Marco FABIAN","Midfielder","14","8","171","24","Mexico"
"FC Bayern Muenchen","13.09.1989","17","Germany","Thomas MUELLER","Forward","48","13","186","24","Germany"
"Fenerbahce SK","20.01.1982","19","Cameroon","Pierre WEBO","Forward","54","15","180","32","Turkey"
"Borussia Dortmund","31.05.1989","7","Germany","Marco REUS","Forward","20","21","180","25","Germany"
"Seattle Sounders FC","09.03.1983","36","USA","Clint DEMPSEY","Forward","103","8","185","31","USA"
"Swansea City AFC","10.12.1988","8","Ivory Coast","Wilfried BONY","Forward","23","12","182","25","England"
"Konyaspor","23.05.1980","24","Greece","Theofanis GEKAS","Forward","71","17","179","34","Turkey"
"Chelsea FC","20.03.1984","36","Spain","Fernando TORRES","Forward","107","9","186","30","England"
"Lille OSC","05.08.1985","22","Ivory Coast","Salomon KALOU","Forward","66","8","175","28","France"
"FC Barcelona","19.12.1988","22","Chile","Alexis SANCHEZ","Forward","66","7","169","25","Spain"
"FSV Mainz 05","27.02.1989","12","South Korea","KOO Jacheol","Forward","36","13","182","25","Germany"
"FC Dynamo Kyiv","24.11.1987","7","Netherlands","Jeremain LENS","Forward","21","17","178","26","Ukraine"
"RCD Espanyol","12.10.1986","3","Uruguay","Cristhian STUANI","Forward","9","11","186","27","Spain"
"CF Pachuca","04.11.1989","3","Ecuador","Enner VALENCIA","Forward","9","13","179","24","Mexico"
"Newcastle United FC","12.10.1981","2","Nigeria","Shola AMEOBI","Forward","6","23","188","32","England"
"Chelsea FC","09.08.1988","2","Brazil","WILLIAN","Midfielder","6","19","176","25","England"
"FC Zenit St. Petersburg","29.07.1990","2","Russia","Oleg SHATOV","Midfielder","6","17","176","23","Russia"
"Cercle Brugge","03.02.1990","1","Nigeria","Okechukwu UCHEBO","Forward","3","20","194","24","Belgium"
"Real Sociedad","21.03.1991","1","France","Antoine GRIEZMANN","Forward","3","11","175","23","Spain"
"Cerezo Osaka","19.05.1979","36","Uruguay","Diego FORLAN","Forward","109","10","181","35","Japan"
"Paris Saint-Germain FC","14.02.1987","20","Uruguay","Edinson CAVANI","Forward","61","21","188","27","France"
"Manchester United FC","17.03.1989","18","Japan","Shinji KAGAWA","Forward","56","10","172","25","England"
"Besiktas JK","23.05.1984","17","Portugal","HUGO ALMEIDA","Forward","54","9","193","30","Turkey"
"Arsenal FC","15.10.1988","17","Germany","Mesut OEZIL","Midfielder","54","8","180","25","England"
"FC Zenit St. Petersburg","27.11.1982","25","Russia","Aleksandr KERZHAKOV","Forward","80","11","175","31","Russia"
"Atletico Mineiro","20.03.1987","5","Brazil","JO","Forward","16","21","191","27","Brazil"
"Everton FC","13.05.1993","9","Belgium","Romelu LUKAKU","Forward","29","9","190","21","England"
"Guizhou Renhe FC","05.06.1982","25","Bosnia & Herzegovina","Zvjezdan MISIMOVIC","Midfielder","81","10","180","32","China"
"Fulham FC","05.07.1986","4","Iran","Ashkan DEJAGAH","Forward","13","21","182","27","England"
"Al Jazira SCC","05.09.1988","15","Ecuador","Felipe CAICEDO","Forward","49","11","183","25","United Arab Emirates"
"Kuban Krasnodar","05.03.1990","7","Costa Rica","Marcos URENA","Forward","23","21","179","24","Russia"
"Club Tijuana","21.02.1988","9","Ecuador","Jaimen AYOVI","Forward","30","17","186","26","Mexico"
"Chelsea FC","09.09.1991","9","Brazil","OSCAR","Midfielder","30","11","181","22","England"
"Sevilla FC","08.09.1986","3","Columbia","Carlos BACCA","Forward","10","17","181","27","Spain"
"FC Internazionale","29.02.1992","3","Algeria","Saphir TAIDER","Midfielder","10","19","179","22","Italy"
"FC Bayern Muenchen","23.01.1984","22","Netherlands","Arjen ROBBEN","Forward","74","11","180","30","Germany"
"FC Porto","03.10.1986","8","Columbia","Jackson MARTINEZ","Forward","27","21","186","27","Portugal"
"FC Augsburg","28.05.1991","8","South Korea","JI Dongwon","Midfielder","27","19","186","23","Germany"
"Sunderland AFC","06.11.1989","20","USA","Jozy ALTIDORE","Forward","68","17","185","24","England"
"CSD Colo-Colo","01.08.1980","10","Chile","Esteban PAREDES","Forward","34","22","179","33","Chile"
"FC Krasnodar","06.07.1981","12","Russia","Roman SHIROKOV","Midfielder","41","15","183","32","Russia"
"Real Madrid CF","19.12.1987","19","France","Karim BENZEMA","Forward","65","10","185","26","Spain"
"Hannover 96","22.05.1984","7","Ivory Coast","Konan YA","Midfielder","24","13","174","30","Germany"
"Sangju Sangmu FC","11.04.1985","18","South Korea","LEE Keunho","Forward","63","11","177","29","South Korea"
"Liverpool FC","12.12.1990","6","Nigeria","Victor MOSES","Forward","21","11","177","23","England"
"CA Newells Old Boys","02.01.1981","15","Argentina","Maxi RODRIGUEZ","Midfielder","53","11","180","33","Argentina"
"Chelsea FC","20.06.1978","29","England","Frank LAMPARD","Midfielder","103","8","181","36","England"
"Olympiacos Piraeus FC","26.06.1992","9","Costa Rica","Joel CAMPBELL","Forward","32","9","178","21","Greece"
"Parma FC","12.07.1982","10","Italy","Antonio CASSANO","Forward","36","10","175","31","Italy"
"Valencia CF","26.12.1989","5","Algeria","Sofiane FEGHOULI","Forward","18","10","177","24","Spain"
"Manchester United FC","28.04.1988","9","Spain","Juan MATA","Forward","33","13","171","26","England"
"FC Bayern Muenchen","10.10.1991","9","Switzerland","Xherdan SHAQIRI","Midfielder","33","23","169","22","Germany"
"Kuwait SC","07.09.1980","37","Iran","Javad NEKOUNAM","Midfielder","137","6","188","33","Kuwait"
"Galatasaray SK","09.06.1984","26","Netherlands","Wesley SNEIJDER","Midfielder","98","10","171","30","Turkey"
"FC Bayern Muenchen","21.05.1986","13","Croatia","Mario MANDZUKIC","Forward","49","17","188","28","Germany"
"FC Zenit St. Petersburg","25.07.1986","9","Brazil","HULK","Forward","34","7","179","27","Russia"
"AC Milan","27.08.1984","21","Ghana","Sulley MUNTARI","Midfielder","80","11","179","29","Italy"
"Fulham FC","12.03.1988","8","Greece","Konstantinos MITROGLOU","Forward","31","9","188","26","England"
"Manchester City FC","08.01.1986","20","Spain","David SILVA","Midfielder","79","21","170","28","England"
"AS Roma","27.05.1987","13","Ivory Coast","GERVINHO","Forward","52","10","179","27","Italy"
"CSKA Moscow","17.06.1990","8","Russia","Alan DZAGOEV","Midfielder","32","10","178","24","Russia"
"FC Bayern Muenchen","03.06.1992","7","Germany","Mario GOETZE","Forward","28","19","176","22","Germany"
"Bayer 04 Leverkusen","08.07.1992","6","South Korea","SON Heungmin","Midfielder","24","9","183","21","Germany"
"Valenciennes FC","19.09.1991","3","Ghana","Majeed WARIS","Forward","12","18","172","22","France"
"Club Tijuana","15.02.1990","2","Ecuador","Fidel MARTINEZ","Midfielder","8","20","176","24","Mexico"
"AZ Alkmaar","10.11.1990","2","USA","Aron JOHANNSSON","Forward","8","9","182","23","Netherlands"
"Galatasaray SK","04.08.1991","2","Bosnia & Herzegovina","Izet HAJROVIC","Midfielder","8","20","177","22","Turkey"
"Yokohama F-Marinos","04.04.1990","1","Japan","Manabu SAITO","Forward","4","20","169","24","Japan"
"PSV Eindhoven","11.11.1990","1","Netherlands","Georginio WIJNALDUM","Midfielder","4","20","175","23","Netherlands"
"SSC Napoli","04.06.1991","1","Italy","Lorenzo INSIGNE","Forward","4","22","163","23","Italy"
"Parma FC","01.05.1992","1","Ghana","Acquah AFRIYIE","Midfielder","4","6","162","22","Italy"
"ACF Fiorentina","21.09.1993","1","Croatia","Ante REBIC","Forward","4","16","185","20","Italy"
"Fenerbahce SK","22.07.1980","24","Netherlands","Dirk KUYT","Forward","98","15","184","33","Turkey"
"Arsenal FC","30.09.1986","7","France","Olivier GIROUD","Forward","29","9","192","27","England"
"FC Dynamo Moscow","19.03.1991","5","Russia","Alexander KOKORIN","Forward","21","9","182","23","Russia"
"FC Bayern Muenchen","01.08.1984","23","Germany","Bastian SCHWEINSTEIGER","Midfielder","101","7","183","29","Germany"
"VfL Wolfsburg","28.06.1991","5","Belgium","Kevin DE BRUYNE","Midfielder","22","7","181","22","Germany"
"Tractor Sazi Tabriz FC","03.04.1990","9","Iran","Karim ANSARI FARD","Forward","40","10","185","24","Iran"
"FC Zenit St. Petersburg","22.04.1986","4","Russia","Victor FAYZULIN","Midfielder","18","20","176","28","Russia"
"LD Alajuelense","13.05.1982","5","Honduras","Jerry PALACIOS","Midfielder","23","9","181","32","Costa Rica"
"Arsenal FC","15.08.1993","3","England","Alex OXLADE CHAMBERLAIN","Midfielder","14","15","180","20","England"
"AIK Solna","27.05.1988","13","Costa Rica","Celso BORGES","Midfielder","61","5","184","26","Sweden"
"PSV Eindhoven","18.08.1985","13","Costa Rica","Bryan RUIZ","Forward","62","10","187","28","Netherlands"
"Newcastle United FC","02.01.1987","5","France","Loic REMY","Forward","24","20","185","27","England"
"Villarreal CF","11.05.1989","15","Mexico","Giovani DOS SANTOS","Forward","73","10","179","25","Spain"
"CSD Cartagines","13.08.1983","8","Costa Rica","Randall BRENES","Forward","39","14","170","30","Costa Rica"
"CA Monarcas Morelia","01.09.1989","8","Ecuador","Jefferson MONTERO","Midfielder","39","7","170","24","Mexico"
"Everton FC","05.10.1987","9","Belgium","Kevin MIRALLAS","Forward","44","11","179","26","England"
"Real Madrid CF","14.02.1988","9","Argentina","Angel DI MARIA","Midfielder","45","7","178","26","Spain"
"Tottenham Hotspur FC","25.07.1988","5","Brazil","PAULINHO","Midfielder","25","8","181","25","England"
"FC Barcelona","21.03.1989","5","Spain","Jordi ALBA","Defender","25","18","170","25","Spain"
"Juventus FC","15.03.1993","2","France","Paul POGBA","Midfielder","10","19","192","21","Italy"
"Paris Saint-Germain FC","05.11.1992","1","Italy","Marco VERRATTI","Midfielder","5","23","168","21","France"
"NEC Nijmegen","11.08.1993","1","Iran","Alireza JAHAN BAKHSH","Forward","5","9","181","20","Netherlands"
"VfL Wolfsburg","14.09.1979","18","Croatia","Ivica OLIC","Forward","91","18","183","34","Germany"
"FC Bayern Muenchen","07.04.1983","16","France","Franck RIBERY","Forward","81","7","175","31","Germany"
"Manchester City FC","13.05.1983","16","Ivory Coast","Yaya TOURE","Midfielder","82","19","189","31","England"
"Manchester United FC","17.11.1986","14","Portugal","NANI","Forward","73","17","175","27","England"
"Liverpool FC","30.05.1980","21","England","Steven GERRARD","Midfielder","110","4","185","34","England"
"AS Monaco","12.07.1991","4","Columbia","James RODRIGUEZ","Midfielder","21","10","180","22","France"
"Shakhtar Donetsk","01.05.1982","21","Croatia","Darijo SRNA","Defender","111","11","182","32","Ukraine"
"FC Lokomotiv Moscow","19.07.1984","3","Russia","Alexander SAMEDOV","Forward","16","19","178","29","Russia"
"FC Porto","02.02.1985","4","Portugal","VARELA","Forward","22","18","180","29","Portugal"
"Vitesse Arnheim","10.01.1992","4","Ghana","Christian ATSU","Midfielder","22","7","165","22","Netherlands"
"Al Gharafa SC","11.02.1980","13","Australia","Mark BRESCIANO","Midfielder","73","23","182","34","Qatar"
"Arsenal FC","13.12.1984","11","Spain","Santi CAZORLA","Midfielder","63","20","169","29","England"
"Club America","05.05.1991","4","Mexico","Raul JIMENEZ","Forward","23","9","186","23","Mexico"
"PAOK FC","18.08.1981","13","Greece","Dimitrios SALPINGIDIS","Forward","75","14","171","32","Greece"
"Stoke City FC","15.07.1981","10","Nigeria","Peter ODEMWINGIE","Forward","60","8","181","32","England"
"AS Roma","02.04.1990","8","Bosnia & Herzegovina","Miralem PJANIC","Midfielder","48","8","180","24","Italy"
"Genoa CFC","21.12.1990","3","Greece","Ioannis FETFATZIDIS","Forward","18","18","164","23","Italy"
"FC Bayern Muenchen","18.10.1983","2","Brazil","DANTE","Defender","12","13","189","30","Germany"
"FC Schalke 04","06.03.1987","2","Ghana","Kevin Prince BOATENG","Forward","12","9","182","27","Germany"
"Club America","25.06.1988","2","Mexico","Miguel LAYUN","Defender","12","7","178","25","Mexico"
"FC Sochaux-Montbliard","11.09.1991","2","Ghana","Jordan AYEW","Forward","12","13","160","22","France"
"Manchester City FC","04.05.1985","1","Brazil","FERNANDINHO","Midfielder","6","5","179","29","England"
"SL Benfica","22.02.1986","1","Argentina","Enzo PEREZ","Midfielder","6","8","177","28","Portugal"
"Grasshopper Club","08.02.1991","1","Switzerland","Michael LANG","Defender","6","6","185","23","Switzerland"
"Independiente Santa Fe","16.03.1979","18","Ecuador","Edison MENDEZ","Midfielder","110","8","175","35","Columbia"
"Manchester United FC","22.11.1987","8","Belgium","Marouane FELLAINI","Midfielder","50","8","194","26","England"
"Cagliari Calcio","04.02.1984","4","Chile","Mauricio PINILLA","Forward","25","9","185","30","Italy"
"AS Roma","24.07.1983","15","Italy","Daniele DE ROSSI","Midfielder","94","16","182","30","Italy"
"AC Milan","03.12.1982","9","Ghana","Michael ESSIEN","Midfielder","57","5","180","31","Italy"
"Rosenborg BK","02.10.1990","3","USA","Mix DISKERUD","Midfielder","19","10","182","23","Norway"
"Hull City FC","27.08.1985","5","Croatia","Nikica JELAVIC","Forward","32","9","187","28","England"
"Borussia Moenchengladbach","27.09.1992","4","Switzerland","Granit XHAKA","Midfielder","26","10","183","21","Germany"
"CA San Lorenzo de Almagro","22.05.1985","2","Columbia","Carlos VALDES","Defender","13","23","189","29","Argentina"
"Olympique Marseille","28.09.1984","5","France","Mathieu VALBUENA","Midfielder","33","8","167","29","France"
"Juventus FC","22.05.1987","8","Chile","Arturo VIDAL","Midfielder","53","8","178","27","Italy"
"Tottenham Hotspur FC","02.08.1989","3","Belgium","Nacer CHADLI","Midfielder","20","22","187","24","England"
"Udinese Calcio","02.12.1990","7","Ghana","Emmanuel AGYEMANG BADU","Midfielder","47","8","173","23","Italy"
"Puebla FC","24.05.1982","17","USA","DaMarcus BEASLEY","Defender","115","7","170","32","Mexico"
"FC Barcelona","04.05.1987","13","Spain","Cesc FABREGAS","Midfielder","88","10","175","27","Spain"
"Sevilla FC","10.03.1988","9","Croatia","Ivan RAKITIC","Midfielder","61","7","184","26","Spain"
"Al Hilal FC","08.07.1981","5","South Korea","KWAK Taehwi","Defender","34","4","185","32","Saudi Arabia"
"ACF Fiorentina","07.07.1984","5","Italy","Alberto AQUILANI","Midfielder","34","14","184","29","Italy"
"Toronto FC","31.07.1987","12","USA","Michael BRADLEY","Midfielder","84","4","185","26","Canada"
"Gaziantepspor","08.03.1985","5","Bosnia & Herzegovina","Haris MEDUNJANIN","Midfielder","35","18","188","29","Turkey"
"Atletico Madrid","09.01.1985","1","Spain","JUANFRAN","Defender","7","5","180","29","Spain"
"Celta Vigo","10.04.1986","1","Argentina","Augusto FERNANDEZ","Midfielder","7","13","177","28","Spain"
"Club Africain","31.01.1987","1","Algeria","Abdelmoumene DJABOU","Forward","7","18","168","27","Tunisia"
"Eintracht Braunschweig","24.01.1990","1","Bosnia & Herzegovina","Ermin BICAKCIC","Defender","7","3","185","24","Germany"
"FSV Frankfurt","04.02.1991","1","Australia","Mathew LECKIE","Forward","7","7","181","23","Germany"
"SV Zulte Waregem","12.05.1996","1","Cameroon","Fabrice OLINGA","Forward","7","19","177","18","Belgium"
"Bayer 04 Leverkusen","28.09.1986","14","Mexico","Andres GUARDADO","Defender","101","18","167","27","Germany"
"Paris Saint-Germain FC","03.05.1985","4","Argentina","Ezequiel LAVEZZI","Forward","29","22","173","29","France"
"Real Madrid CF","25.11.1981","15","Spain","Xabi ALONSO","Midfielder","109","14","183","32","Spain"
"Fenerbahce SK","17.03.1983","10","Portugal","RAUL MEIRELES","Midfielder","73","16","179","31","Turkey"
"Sporting Kansas City","18.08.1986","3","USA","Graham ZUSI","Midfielder","22","19","177","27","USA"
"Eintracht Frankfurt","22.05.1985","10","Switzerland","Tranquillo BARNETTA","Midfielder","74","7","178","29","Germany"
"CSKA Moscow","14.10.1992","5","Nigeria","Ahmed MUSA","Forward","37","7","176","21","Russia"
"Chelsea FC","07.01.1991","6","Belgium","Eden HAZARD","Midfielder","45","10","172","23","England"
"Real Madrid CF","12.05.1988","4","Brazil","MARCELO","Defender","30","6","174","26","Spain"
"Feyenoord Rotterdam","08.02.1992","2","Netherlands","Bruno MARTINS INDI","Defender","15","4","186","22","Netherlands"
"Chelsea FC","19.12.1985","3","England","Gary CAHILL","Defender","23","5","191","28","England"
"Fenerbahce SK","27.11.1981","9","Portugal","BRUNO ALVES","Defender","71","2","187","32","Turkey"
"FC Bayern Muenchen","07.02.1978","10","Belgium","Daniel VAN BUYTEN","Defender","79","15","196","36","Germany"
"Club Leon","13.02.1979","15","Mexico","Rafael MARQUEZ","Defender","119","4","184","35","Mexico"
"FC Barcelona","11.05.1984","12","Spain","Andres INIESTA","Midfielder","96","6","170","30","Spain"
"FC Basel","12.04.1989","3","Switzerland","Valentin STOCKER","Midfielder","24","14","179","25","Switzerland"
"Santos FC","18.07.1988","3","Chile","Eugenio MENA","Defender","24","2","174","25","Brazil"
"AS Nancy","12.11.1988","2","Cameroon","Benjamin MOUKANDJO","Forward","16","8","178","25","France"
"Cagliari Calcio","19.05.1990","1","Columbia","Victor IBARBO","Forward","8","14","188","24","Italy"
"Juventus FC","19.05.1979","13","Italy","Andrea PIRLO","Midfielder","108","21","177","35","Italy"
"AS Saint-Etienne","30.11.1987","3","Ivory Coast","Max GRADEL","Midfielder","25","15","177","26","France"
"FC Bayern Muenchen","04.01.1990","5","Germany","Toni KROOS","Midfielder","43","18","182","24","Germany"
"FC Spartak Moscow","27.01.1987","3","Russia","Denis GLUSHAKOV","Midfielder","26","8","182","27","Russia"
"Botafogo FR","21.03.1989","3","Uruguay","Nicolas LODEIRO","Midfielder","26","14","173","25","Brazil"
"Manchester United FC","04.08.1985","8","Ecuador","Antonio VALENCIA","Midfielder","70","16","180","28","England"
"Al Hilal FC","15.05.1982","9","Ecuador","Segundo CASTILLO","Midfielder","81","14","180","32","Saudi Arabia"
"Atletico Madrid","30.09.1985","8","Uruguay","Cristian RODRIGUEZ","Midfielder","72","7","178","28","Spain"
"Bolton Wanderers FC","02.07.1988","6","South Korea","LEE Chungyong","Midfielder","54","17","180","25","England"
"Club America","06.03.1986","3","Mexico","Paul AGUILAR","Defender","27","22","178","28","Mexico"
"Ulsan Hyundai FC","14.04.1988","3","South Korea","KIM Shinwook","Forward","27","18","196","26","South Korea"
"ACF Fiorentina","26.05.1988","3","Columbia","Juan CUADRADO","Midfielder","27","11","178","26","Italy"
"Cardiff City FC","06.10.1989","3","South Korea","KIM Bokyung","Midfielder","27","7","178","24","England"
"Liverpool FC","13.02.1990","2","France","Mamadou SAKHO","Defender","18","5","186","24","England"
"Naft Tehran FC","20.10.1982","1","Iran","Ahmad ALNAMEH","Defender","9","17","189","31","Iran"
"FC Tokyo","21.05.1987","1","Japan","Masato MORISHIGE","Defender","9","6","183","27","Japan"
"CD Real Sociedad","16.10.1987","1","Honduras","Rony MARTINEZ","Forward","9","16","171","26","Honduras"
"Valerenga IF","25.03.1991","1","Costa Rica","Diego CALVO","Midfielder","9","20","178","23","Norway"
"Celtic FC","21.02.1985","8","Greece","Georgios SAMARAS","Forward","73","7","192","29","Scotland"
"Real Madrid CF","09.09.1985","8","Croatia","Luka MODRIC","Midfielder","74","10","173","28","Spain"
"AS Roma","10.06.1985","7","Greece","Vasileios TOROSIDIS","Defender","65","15","185","29","Italy"
"Sao Paulo FC","28.11.1985","6","Uruguay","Alvaro PEREIRA","Midfielder","56","6","182","28","Brazil"
"VfL Wolfsburg","02.02.1989","3","Croatia","Ivan PERISIC","Midfielder","28","4","187","25","Germany"
"Atlante FC","23.04.1987","2","Ecuador","Michael ARROYO","Midfielder","19","15","178","27","Mexico"
"Toulouse FC","06.01.1985","5","Columbia","Abel AGUILAR","Midfielder","48","8","187","29","France"
"FC Zenit St. Petersburg","12.01.1989","5","Belgium","Axel WITSEL","Midfielder","48","6","183","25","Russia"
"Esteghlal Tehran FC","06.03.1983","8","Iran","Andranik TIMOTIAN","Midfielder","77","14","178","31","Iran"
"Stade Rennais FC","23.04.1987","3","Ghana","John BOYE","Defender","29","21","160","27","France"
"UD Las Palmas","09.06.1984","5","Iran","Masoud SHOJAEI","Forward","49","7","185","30","Spain"
"Newcastle United FC","28.07.1985","2","France","Mathieu DEBUCHY","Defender","20","2","178","28","England"
"SC Internacional","17.04.1989","2","Chile","Charles ARANGUIZ","Midfielder","20","20","171","25","Brazil"
"Melbourne Victory FC","03.07.1988","1","Australia","James TROISI","Midfielder","10","14","177","25","Australia"
"Shakhtar Donetsk","08.09.1992","1","Brazil","BERNARD","Forward","10","20","166","21","Ukraine"
"AS Roma","26.07.1981","7","Brazil","MAICON","Defender","71","23","186","32","Italy"
"CD Chivas USA","03.11.1983","4","Honduras","Marvin CHAVEZ","Midfielder","41","10","156","30","USA"
"Wigan Athletic FC","25.10.1986","4","Honduras","Roger ESPINOZA","Midfielder","41","15","180","27","England"
"West Bromwich Albion FC","02.11.1980","9","Uruguay","Diego LUGANO","Defender","93","2","188","33","England"
"TSG 1899 Hoffenheim","08.10.1984","4","Bosnia & Herzegovina","Sejad SALIHOVIC","Midfielder","42","23","182","29","Germany"
"Chelsea FC","24.03.1987","4","Brazil","RAMIRES","Midfielder","42","16","181","27","England"
"FC Internazionale","05.02.1982","2","Argentina","Rodrigo PALACIO","Forward","21","18","175","32","Italy"
"Valencia CF","14.02.1985","5","Switzerland","Philippe SENDEROS","Defender","53","4","190","29","Spain"
"Crystal Palace FC","03.08.1984","4","Australia","Mile JEDINAK","Midfielder","43","15","188","29","England"
"FC Barcelona","25.01.1980","12","Spain","Xavi HERNANDEZ","Midfielder","131","8","170","34","Spain"
"Kayseri Erciyesspor","26.09.1985","4","Bosnia & Herzegovina","Senijad IBRICIC","Midfielder","44","17","185","28","Turkey"
"FC Sion","08.04.1987","2","Australia","Dario VIDOSIC","Midfielder","22","20","185","27","Switzerland"
"CD Motagua","26.12.1985","1","Honduras","Juan MONTES","Defender","11","4","196","28","Honduras"
"Real Sociedad","22.02.1992","1","Switzerland","Haris SEFEROVIC","Forward","11","9","187","22","Spain"
"FC Schalke 04","20.09.1993","1","Germany","Julian DRAXLER","Midfielder","11","14","185","20","Germany"
"CF Pachuca","11.08.1979","8","Ecuador","Walter AYOVI","Midfielder","89","10","173","34","Mexico"
"Kawasaki Frontale","09.06.1982","5","Japan","Yoshito OKUBO","Forward","56","13","170","32","Japan"
"Tottenham Hotspur FC","16.07.1987","5","Belgium","Moussa DEMBELE","Midfielder","56","19","185","26","England"
"Real Madrid CF","04.04.1987","4","Germany","Sami KHEDIRA","Midfielder","45","6","189","27","Spain"
"Sunderland AFC","24.01.1989","5","South Korea","KI Sungyueng","Midfielder","58","16","186","25","England"
"Olympique Marseille","17.12.1989","4","Ghana","Andre AYEW","Midfielder","47","10","175","24","France"
"Gamba Osaka","28.01.1980","12","Japan","Yasuhito ENDO","Midfielder","143","7","178","34","Japan"
"Tigres UANL","02.04.1980","10","Mexico","Carlos SALCIDO","Defender","120","3","176","34","Mexico"
"Wigan Athletic FC","01.06.1984","5","Chile","Jean BEAUSEJOUR","Midfielder","60","15","178","30","England"
"Cardiff City FC","03.08.1987","5","Chile","Gary MEDEL","Defender","60","17","171","26","England"
"Real Espana","30.07.1989","3","Honduras","Mario MARTINEZ","Midfielder","36","23","173","24","Honduras"
"Udinese Calcio","14.05.1984","2","Algeria","Hassan YEBDA","Midfielder","24","7","188","30","Italy"
"FC Internazionale","29.05.1985","2","Brazil","HERNANES","Midfielder","24","18","180","29","Italy"
"SSC Napoli","06.05.1987","2","Belgium","Dries MERTENS","Midfielder","24","14","164","27","Italy"
"SSC Napoli","21.02.1989","2","Argentina","Federico FERNANDEZ","Defender","24","17","190","25","Italy"
"Southampton FC","05.07.1989","2","Croatia","Dejan LOVREN","Defender","24","6","188","24","England"
"FC Lorient","22.01.1992","2","Cameroon","Vincent ABOUBAKAR","Forward","24","10","176","22","France"
"SSC Napoli","27.06.1984","6","Switzerland","Gokhan INLER","Midfielder","73","8","181","29","Italy"
"PAOK FC","21.06.1979","9","Greece","Konstantinos KATSOURANIS","Midfielder","110","21","183","35","Greece"
"FC Barcelona","06.05.1983","6","Brazil","DANI ALVES","Defender","74","2","175","31","Spain"
"Aalesunds FK","04.10.1983","4","Costa Rica","Michael BARRANTES","Midfielder","50","11","177","30","Norway"
"Everton FC","17.08.1982","2","England","Phil JAGIELKA","Defender","25","6","183","31","England"
"Hertha BSC","22.01.1986","2","Columbia","Adrian RAMOS","Forward","25","19","184","28","Germany"
"Celta Vigo","27.01.1986","2","Chile","Fabian ORELLANA","Forward","25","14","168","28","Spain"
"Juventus FC","16.01.1984","5","Switzerland","Stephan LICHTSTEINER","Defender","63","2","180","30","Italy"
"Real Madrid CF","30.03.1986","9","Spain","Sergio RAMOS","Defender","115","15","183","28","Spain"
"FC Zenit St. Petersburg","20.03.1985","2","Belgium","Nicolas LOMBAERTS","Defender","26","18","188","29","Russia"
"Watford FC","01.01.1989","1","Algeria","Esseid BELKALEM","Defender","13","4","190","25","England"
"Fulham FC","06.03.1977","10","Greece","Georgios KARAGOUNIS","Midfielder","134","10","176","37","England"
"Stade Rennais FC","29.05.1983","5","Cameroon","Jean MAKOUN","Midfielder","67","11","170","31","France"
"Norwich City FC","06.09.1980","7","Nigeria","Joseph YOBO","Defender","96","2","185","33","England"
"FC Dynamo Kyiv","20.12.1983","4","Croatia","Ognjen VUKOJEVIC","Midfielder","55","8","184","30","Ukraine"
"Perspolis FC","03.02.1982","6","Iran","Jalal HOSSEINI","Defender","83","4","185","32","Iran"
"Palmeiras","19.10.1983","4","Chile","Jorge VALDIVIA","Midfielder","56","10","173","30","Brazil"
"Tottenham Hotspur FC","24.04.1987","4","Belgium","Jan VERTONGHEN","Defender","56","5","189","27","England"
"Melbourne Victory FC","04.08.1985","2","Australia","Mark MILLIGAN","Midfielder","28","5","178","28","Australia"
"Esteghlal Tehran FC","06.09.1981","1","Iran","Amirhossein SADEGHI","Defender","14","5","185","32","Iran"
"Middlesbrough FC","13.12.1987","1","Ghana","Albert ADOMAH","Midfielder","14","14","162","26","England"
"Club Leon","29.03.1990","1","Mexico","Carlos PENA","Midfielder","14","21","176","24","Mexico"
"FC Utrecht","10.12.1991","1","Australia","Tommy OAR","Midfielder","14","11","170","22","Netherlands"
"Real Madrid CF","11.03.1988","3","Portugal","FABIO COENTRAO","Defender","43","5","181","26","Spain"
"Chelsea FC","22.04.1987","4","Nigeria","John Obi MIKEL","Midfielder","58","10","188","27","England"
"Paris Saint-Germain FC","14.01.1986","2","France","Yohan CABAYE","Midfielder","29","6","175","28","France"
"Borussia Dortmund","16.12.1988","2","Germany","Mats HUMMELS","Defender","29","5","192","25","Germany"
"Cruz Azul FC","14.06.1989","2","Ecuador","Joao ROJAS","Forward","29","9","173","25","Mexico"
"Manchester City FC","10.04.1986","4","Belgium","Vincent KOMPANY","Defender","59","4","190","28","England"
"FC Barcelona","02.02.1987","4","Spain","Gerard PIQUE","Defender","60","3","192","27","Spain"
"Lekhwiya SC","07.10.1982","4","Algeria","Madjid BOUGUERRA","Defender","61","2","189","31","Qatar"
"Juventus FC","09.12.1988","4","Ghana","Kwadwo ASAMOAH","Midfielder","61","20","168","25","Italy"
"FC Internazionale","30.06.1986","3","Columbia","Fredy GUARIN","Midfielder","48","13","187","27","Italy"
"Atalanta Bergamo","13.01.1976","6","Columbia","Mario YEPES","Defender","97","3","186","38","Italy"
"Sevilla FC","20.05.1986","3","Cameroon","Stephane MBIA","Midfielder","49","17","190","28","Spain"
"CD Motagua","08.01.1986","3","Honduras","Jorge CLAROS","Midfielder","49","20","176","28","Honduras"
"Juventus FC","14.08.1984","4","Italy","Giorgio CHIELLINI","Defender","67","3","192","29","Italy"
"Columbus Crew","08.02.1988","2","Costa Rica","Giancarlo GONZALEZ","Defender","34","3","192","26","USA"
"Esteghlal Tehran FC","22.01.1984","1","Iran","Hashem BEIKZADEH","Midfielder","17","19","180","30","Iran"
"FC Twente","08.10.1990","1","Chile","Felipe GUTIERREZ","Midfielder","17","16","175","23","Netherlands"
"RSC Anderlecht","16.03.1993","1","Honduras","Andy NAJAR","Midfielder","17","17","170","21","Belgium"
"Antalyaspor AS","23.03.1986","2","Cameroon","Enoh EYONG","Midfielder","35","18","180","28","Turkey"
"CS Herediano","14.02.1987","2","Costa Rica","Jose CUBERO","Midfielder","35","22","178","27","Costa Rica"
"Liverpool FC","19.03.1981","6","Ivory Coast","Kolo TOURE","Defender","106","4","183","33","England"
"FC Lokomotiv Moscow","05.02.1986","4","Croatia","Vedran CORLUKA","Defender","72","5","192","28","Russia"
"Juventus FC","01.05.1987","2","Italy","Leonardo BONUCCI","Defender","36","19","190","27","Italy"
"Valencia CF","16.05.1981","1","Portugal","RICARDO COSTA","Defender","18","13","183","33","Spain"
"Club Universidad de Chile","23.06.1983","1","Chile","Jose ROJAS","Defender","18","13","174","30","Chile"
"Bologna FC","19.12.1986","1","Greece","Lazaros CHRISTODOULOPOULOS","Midfielder","18","16","182","27","Italy"
"VfL Wolfsburg","23.07.1987","1","Brazil","LUIZ GUSTAVO","Midfielder","18","17","188","26","Germany"
"Manchester City FC","20.12.1980","2","Argentina","Martin DEMICHELIS","Defender","37","15","184","33","England"
"Stoke City FC","29.07.1984","5","Honduras","Wilson PALACIOS","Midfielder","93","8","181","29","England"
"Real Madrid CF","26.02.1983","3","Portugal","PEPE","Defender","57","3","186","31","Spain"
"AC Milan","12.11.1986","1","Italy","Ignazio ABATE","Defender","19","7","180","27","Italy"
"CSKA Moscow","14.07.1979","5","Russia","Sergey IGNASHEVICH","Defender","97","4","186","34","Russia"
"FC Girondins Bordeaux","28.11.1985","2","Cameroon","Landry NGUEMO","Midfielder","39","7","172","28","France"
"Southampton FC","24.08.1988","2","Japan","Maya YOSHIDA","Defender","40","22","189","25","England"
"Umm Salal SC","06.09.1983","1","Iran","Pejman MONTAZERI","Defender","20","15","186","30","Qatar"
"FC Basel","30.12.1986","1","Chile","Marcelo DIAZ","Midfielder","20","21","168","27","Switzerland"
"FC Schalke 04","29.02.1988","1","Germany","Benedikt HOEWEDES","Defender","20","4","187","26","Germany"
"Guangzhou Evergrande FC","27.02.1990","1","South Korea","KIM Younggwon","Defender","20","5","187","24","China"
"SS Lazio","25.12.1992","1","Nigeria","Ogenyi ONAZI","Midfielder","20","17","168","21","Italy"
"FC Dynamo Moscow","09.04.1985","2","Ecuador","Cristhian NOBOA","Midfielder","41","6","181","29","Russia"
"AS Monaco","20.01.1988","2","Nigeria","Uwa ECHIEJILE","Defender","41","3","185","26","France"
"FC Bayern Muenchen","11.11.1983","5","Germany","Philipp LAHM","Midfielder","105","16","170","30","Germany"
"Trabzonspor","13.01.1985","2","Ivory Coast","Souleymane BAMBA","Defender","42","22","190","29","Turkey"
"SS Lazio","29.10.1984","2","Uruguay","Alvaro GONZALEZ","Midfielder","42","20","175","29","Italy"
"Olympiacos Piraeus FC","27.06.1984","1","Greece","Jose CHOLEVAS","Defender","21","20","184","29","Greece"
"Deportivo Saprissa","20.06.1984","1","Costa Rica","Heiner MORA","Defender","21","8","179","29","Costa Rica"
"Jubilo Iwata","28.08.1985","1","Japan","Masahiko INOHA","Defender","21","19","179","28","Japan"
"TSG 1899 Hoffenheim","11.12.1987","1","USA","Fabian JOHNSON","Defender","21","23","182","26","Germany"
"SC Freiburg","16.03.1991","1","Switzerland","Admir MEHMEDI","Forward","21","18","183","23","Germany"
"Besiktas JK","03.11.1981","2","USA","Jermaine JONES","Midfielder","43","13","184","32","Turkey"
"Juventus FC","19.01.1986","2","Italy","Claudio MARCHISIO","Midfielder","43","8","179","28","Italy"
"FC Porto","15.04.1988","2","Belgium","Steven DEFOUR","Midfielder","43","16","173","26","Portugal"
"Nottingham Forest FC","29.08.1985","3","Chile","Gonzalo JARA","Defender","65","18","177","28","England"
"Paris Saint-Germain FC","28.08.1982","1","Italy","THIAGO MOTTA","Midfielder","22","5","187","31","France"
"FC Spartak Moscow","22.01.1987","1","Russia","Dmitry KOMBAROV","Defender","22","23","182","27","Russia"
"Paris Saint-Germain FC","09.04.1987","1","France","Blaise MATUIDI","Midfielder","22","14","175","27","France"
"FC Dynamo Kyiv","29.04.1989","1","Croatia","Domagoj VIDA","Defender","22","21","184","25","Ukraine"
"Paris Saint-Germain FC","22.09.1984","2","Brazil","THIAGO SILVA","Defender","45","3","182","29","France"
"FC Internazionale","12.09.1986","3","Japan","Yuto NAGATOMO","Defender","69","5","170","27","Italy"
"Juventus FC","12.06.1988","2","Chile","Mauricio ISLA","Defender","46","4","177","26","Italy"
"Aston Villa FC","16.02.1985","1","Netherlands","Ron VLAAR","Defender","23","2","190","29","England"
"Everton FC","11.12.1984","1","England","Leighton BAINES","Defender","23","3","172","29","England"
"CSD Colo-Colo","22.02.1985","1","Chile","Jose FUENZALIDA","Midfielder","23","19","170","29","Chile"
"CD Olimpia","28.11.1985","1","Honduras","Brayan BECKELES","Defender","23","21","186","28","Honduras"
"FC Dynamo Kyiv","11.05.1986","2","Portugal","MIGUEL VELOSO","Midfielder","47","4","181","28","Ukraine"
"SC Freiburg","02.09.1986","2","Switzerland","Gelson FERNANDES","Midfielder","47","16","179","27","Germany"
"SSC Napoli","19.04.1985","2","Switzerland","Valon BEHRAMI","Midfielder","48","11","184","29","Italy"
"FC Augsburg","12.08.1989","1","South Korea","HONG Jeongho","Defender","24","20","188","24","Germany"
"Arsenal FC","29.09.1984","4","Germany","Per MERTESACKER","Defender","97","17","198","29","England"
"Bayer 04 Leverkusen","18.08.1980","3","Bosnia & Herzegovina","Emir SPAHIC","Defender","74","4","183","33","Germany"
"Valenciennes FC","15.05.1985","1","Algeria","Carl MEDJANI","Defender","25","12","180","29","France"
"RSC Anderlecht","24.10.1987","1","Belgium","Anthony VANDEN BORRE","Defender","25","21","185","26","Belgium"
"Rosenborg BK","24.10.1989","1","Costa Rica","Cristian GAMBOA","Defender","25","16","175","24","Norway"
"1. FC Nuernberg","12.11.1989","1","Japan","Hiroshi KIYOTAKE","Forward","25","8","172","24","Germany"
"Evian TG FC","13.07.1990","1","Ghana","Jonathan MENSAH","Defender","25","19","182","23","France"
"San Jose Earthquakes","24.05.1982","3","Honduras","Victor BERNARDEZ","Defender","76","5","187","32","USA"
"Atletico Madrid","16.02.1986","3","Uruguay","Diego GODIN","Defender","76","3","185","28","Spain"
"CSKA Moscow","20.06.1982","3","Russia","Vasily BEREZUTSKIY","Defender","77","14","188","32","Russia"
"LD Alajuelense","21.07.1983","1","Costa Rica","Johnny ACOSTA","Defender","26","2","175","30","Costa Rica"
"Stoke City FC","11.07.1985","1","USA","Geoff CAMERON","Defender","26","20","190","28","England"
"FC Nantes","29.04.1987","1","USA","Alejandro BEDOYA","Midfielder","26","11","178","27","France"
"FC Kobenhavn","17.05.1984","2","Costa Rica","Christian BOLANOS","Midfielder","54","7","178","30","Denmark"
"Academica Coimbra","02.09.1986","1","Algeria","Rafik HALLICHE","Defender","28","5","187","27","Portugal"
"CS Emelec","28.09.1981","2","Ecuador","Jorge GUAGUA","Defender","58","2","179","32","Ecuador"
"Sepahan FC","25.02.1990","2","Iran","Ehsan HAJI SAFI","Midfielder","58","3","177","24","Iran"
"CA Monarcas Morelia","18.04.1981","1","Columbia","Aldo RAMIREZ","Midfielder","29","5","175","33","Mexico"
"Galatasaray SK","20.06.1985","1","Cameroon","Aurelien CHEDJOU","Defender","29","14","185","28","Turkey"
"SL Benfica","08.06.1984","3","Uruguay","Maximiliano PEREIRA","Defender","89","16","173","30","Portugal"
"Warri Wolves FC","16.07.1989","1","Nigeria","Azubuike EGWUEKWE","Defender","31","6","195","24","Nigeria"
"AS Monaco","08.09.1986","2","Portugal","JOAO MOUTINHO","Midfielder","66","8","170","27","France"
"SS Lazio","18.01.1986","1","Bosnia & Herzegovina","Senad LULIC","Midfielder","33","16","183","28","Italy"
"Hull City FC","02.05.1983","3","Honduras","Maynor FIGUEROA","Defender","100","3","184","31","England"
"FC Schalke 04","27.03.1988","2","Japan","Atsuto UCHIDA","Defender","67","2","176","26","Germany"
"SSC Napoli","12.04.1986","1","Switzerland","Blerim DZEMAILI","Midfielder","34","15","179","28","Italy"
"Atletico Madrid","02.03.1989","1","Belgium","Toby ALDERWEIRELD","Defender","34","2","186","25","Spain"
"Caykur Rizespor","16.09.1990","1","Nigeria","Godfrey OBOABONA","Defender","34","14","183","23","Turkey"
"US Sassuolo","16.01.1986","1","Switzerland","Reto ZIEGLER","Defender","35","3","183","28","Italy"
"Wigan Athletic FC","08.03.1988","1","Honduras","Juan Carlos GARCIA","Defender","35","6","175","26","England"
"Real Salt Lake","23.04.1982","1","USA","Kyle BECKERMAN","Midfielder","36","15","181","32","USA"
"CR Flamengo","05.05.1988","1","Ecuador","Frickson ERAZO","Defender","36","3","189","26","Brazil"
"Celtic FC","18.10.1988","1","Nigeria","Efe AMBROSE","Defender","36","5","190","25","Scotland"
"1. FC Nuernberg","18.01.1984","2","Japan","Makoto HASEBE","Midfielder","78","17","180","30","Germany"
"Newcastle United FC","21.06.1986","1","Ivory Coast","Ismael TIOTE","Midfielder","42","9","175","27","England"
"Hamburger SV","18.01.1987","1","Switzerland","Johan DJOUROU","Defender","44","20","192","27","Germany"
"Atalanta Bergamo","21.02.1987","1","Chile","Carlos CARMONA","Midfielder","44","6","179","27","Italy"
"Bologna FC","18.05.1980","2","Uruguay","Diego PEREZ","Midfielder","89","15","176","34","Italy"
"Houston Dynamo","04.09.1984","2","Honduras","Boniek GARCIA","Midfielder","90","14","176","29","USA"
"Brisbane Roar FC","11.01.1983","1","Australia","Matt McKAY","Midfielder","46","17","174","31","Australia"
"Manchester City FC","04.01.1986","1","England","James MILNER","Midfielder","46","17","175","28","England"
"FC Platanias","01.06.1989","1","Ghana","Samuel INKOOM","Defender","46","2","179","25","Greece"
"New York Red Bulls","24.11.1984","1","Costa Rica","Roy MILLER","Defender","47","19","189","29","USA"
"FC Barcelona","08.06.1984","2","Argentina","Javier MASCHERANO","Midfielder","96","14","171","30","Spain"
"Arsenal FC","14.11.1985","1","Belgium","Thomas VERMAELEN","Defender","48","3","178","28","England"
"Kayserispor","13.02.1985","1","Greece","Alexandros TZIOLIS","Midfielder","49","6","190","29","Turkey"
"SSC Napoli","14.12.1985","1","Columbia","Juan ZUNIGA","Defender","49","18","171","28","Italy"
"Liverpool FC","23.08.1984","1","England","Glen JOHNSON","Defender","51","2","180","29","England"
"West Ham United FC","02.11.1986","1","Columbia","Pablo ARMERO","Defender","52","7","174","27","England"
"RCD Espanyol","17.01.1988","1","Mexico","Hector MORENO","Defender","52","15","182","26","Spain"
"Juventus FC","07.04.1987","1","Uruguay","Martin CACERES","Defender","56","22","178","27","Italy"
"FSV Mainz 05","12.09.1983","1","Costa Rica","Junior DIAZ","Defender","61","15","185","30","Germany"
"Parma FC","23.07.1984","1","Uruguay","Walter GARGANO","Midfielder","62","5","168","29","Italy"
"Celtic FC","10.05.1986","1","Honduras","Emilio IZAGUIRRE","Midfielder","65","7","177","28","Scotland"
"AC Milan","30.11.1984","1","Netherlands","Nigel DE JONG","Midfielder","70","6","174","29","Italy"
"VfB Stuttgart","02.04.1983","1","Ivory Coast","Arthur BOKA","Defender","77","3","166","31","Germany"
"Gamba Osaka","25.01.1983","1","Japan","Yasuyuki KONNO","Defender","80","15","178","31","Japan"
"Deportivo Saprissa","16.07.1982","1","Costa Rica","Michael UMANA","Defender","81","4","180","31","Costa Rica"
"Club America","20.10.1981","1","Mexico","Francisco RODRIGUEZ","Defender","92","2","191","32","Mexico"
"Trabzonspor","14.12.1980","1","Ivory Coast","Didier ZOKORA","Defender","119","5","183","33","Turkey"
"Deportivo Cali","21.06.1971","0","Columbia","Faryd MONDRAGON","Goalkeeper","50","22","191","43","Columbia"
"CD Olimpia","03.05.1977","0","Honduras","Noel VALLADARES","Goalkeeper","120","18","178","37","Honduras"
"Juventus FC","28.01.1978","0","Italy","Gianluigi BUFFON","Goalkeeper","139","1","190","36","Italy"
"FC Rostov","08.01.1979","0","Croatia","Stipe PLETIKOSA","Goalkeeper","110","1","193","35","Russia"
"Everton FC","06.03.1979","0","USA","Tim HOWARD","Goalkeeper","98","1","187","35","England"
"SC Bastia","14.05.1979","0","France","Mickael LANDREAU","Goalkeeper","11","23","184","35","France"
"Real Salt Lake","17.06.1979","0","USA","Nick RIMANDO","Goalkeeper","14","22","182","35","USA"
"KSC Lokeren","30.12.1979","0","Ivory Coast","Boubacar BARRY","Goalkeeper","76","1","180","34","Belgium"
"Toronto FC","03.09.1979","0","Brazil","JULIO CESAR","Goalkeeper","79","12","179","34","Canada"
"FC Rubin Kazan","19.09.1980","0","Russia","Sergey RYZHIKOV","Goalkeeper","1","16","192","33","Russia"
"FK Borac Banja Luka","13.05.1981","0","Bosnia & Herzegovina","Asmir AVDUKIC","Goalkeeper","3","22","190","33","Bosnia & Herzegovina"
"Borussia Dortmund","06.08.1980","0","Germany","Roman WEIDENFELLER","Goalkeeper","2","22","188","33","Germany"
"Adelaide United FC","12.06.1981","0","Australia","Eugene GALEKOVIC","Goalkeeper","8","18","186","33","Australia"
"Juventus FC","08.05.1981","0","Italy","Andrea BARZAGLI","Defender","47","15","186","33","Italy"
"Real Madrid CF","20.05.1981","0","Spain","Iker CASILLAS","Goalkeeper","153","1","185","33","Spain"
"Levante UD","05.02.1981","0","Greece","Loukas VYNTRA","Defender","49","11","184","33","Spain"
"Club Universidad de Chile","09.05.1981","0","Chile","Johnny HERRERA","Goalkeeper","7","23","183","33","Chile"
"Sepahan FC","30.07.1980","0","Iran","Rahman AHMADI","Goalkeeper","11","1","182","33","Iran"
"FC Internazionale","27.06.1980","0","Argentina","Hugo CAMPAGNARO","Defender","13","3","181","33","Italy"
"CD Olimpia","03.02.1981","0","Honduras","Donis ESCOBER","Goalkeeper","20","22","180","33","Honduras"
"Cruz Azul FC","26.01.1981","0","Mexico","Jose CORONA","Goalkeeper","32","1","178","33","Mexico"
"Manchester United FC","15.05.1981","0","France","Patrice EVRA","Defender","57","3","171","33","England"
"Hellas Verona FC","26.08.1981","0","Greece","Vangelis MORAS","Defender","18","5","193","32","Italy"
"CA Boca Juniors","26.07.1981","0","Argentina","Agustin ORION","Goalkeeper","3","12","190","32","Argentina"
"Sevilla FC","01.05.1982","0","Portugal","BETO","Goalkeeper","7","22","183","32","Spain"
"Houston Dynamo","08.11.1981","0","USA","Brad DAVIS","Midfielder","16","14","180","32","USA"
"LD Alajuelense","24.04.1982","0","Costa Rica","Patrick PEMBERTON","Goalkeeper","20","18","178","32","Costa Rica"
"Paris Saint-Germain FC","27.08.1981","0","Brazil","MAXWELL","Defender","8","14","177","32","France"
"Panathinaikos FC","02.12.1981","0","Croatia","Danijel PRANJIC","Defender","49","3","172","32","Greece"
"CA Monarcas Morelia","01.01.1982","0","Uruguay","Egidio AREVALO","Midfielder","54","17","168","32","Mexico"
"Atletico Mineiro","21.01.1983","0","Brazil","VICTOR","Goalkeeper","6","22","195","31","Brazil"
"West Bromwich Albion FC","03.04.1983","0","England","Ben FOSTER","Goalkeeper","6","13","193","31","England"
"Botafogo FR","02.01.1983","0","Brazil","JEFFERSON","Goalkeeper","9","1","190","31","Brazil"
"Deportivo Toluca FC","18.09.1982","0","Mexico","Alfredo TALAVERA","Goalkeeper","14","12","188","31","Mexico"
"SSC Napoli","31.08.1982","0","Spain","Pepe REINA","Goalkeeper","32","23","187","31","Italy"
"Sporting Braga","19.09.1982","0","Portugal","EDUARDO","Goalkeeper","33","1","187","31","Portugal"
"CR Vasco da Gama","25.03.1983","0","Uruguay","Martin SILVA","Goalkeeper","4","23","187","31","Brazil"
"Konyaspor","02.11.1982","0","Cameroon","Charles ITANDJE","Goalkeeper","9","16","185","31","Turkey"
"Real Sociedad","13.04.1983","0","Chile","Claudio BRAVO","Goalkeeper","79","1","185","31","Spain"
"Standard Liege","20.03.1983","0","Japan","Eiji KAWASHIMA","Goalkeeper","56","1","185","31","Belgium"
"Lille OSC","29.08.1982","0","Nigeria","Vincent ENYEAMA","Goalkeeper","90","1","185","31","France"
"BSC Young Boys","10.06.1983","0","Switzerland","Steve VON BERGEN","Defender","41","5","183","31","Switzerland"
"Arsenal FC","14.02.1983","0","France","Bacary SAGNA","Defender","40","15","175","31","England"
"CS Emelec","10.12.1982","0","Ecuador","Oscar BAGUI","Defender","21","18","170","31","Ecuador"
"VfL Wolfsburg","08.09.1983","0","Switzerland","Diego BENAGLIO","Goalkeeper","57","1","195","30","Germany"
"Calcio Catania","30.07.1983","0","Argentina","Mariano ANDUJAR","Goalkeeper","10","21","194","30","Italy"
"CF Monterrey","03.04.1984","0","Argentina","Jose Maria BASANTA","Defender","8","23","188","30","Mexico"
"Hapoel Be'er Sheva FC","08.04.1984","0","Nigeria","Austine EJIDE","Goalkeeper","31","16","186","30","Israel"
"SC Freiburg","28.03.1984","0","Bosnia & Herzegovina","Mensur MUJDZA","Midfielder","24","13","184","30","Germany"
"Swansea City AFC","20.10.1983","0","Netherlands","Michel VORM","Goalkeeper","14","22","183","30","England"
"AC Ajaccio","30.08.1983","0","Algeria","Mehdi MOSTEFA","Midfielder","22","22","182","30","France"
"FC Dynamo Moscow","20.08.1983","0","Russia","Yury ZHIRKOV","Forward","60","18","180","30","Russia"
"Queens Park Rangers FC","24.03.1984","0","Cameroon","Benoit ASSOU EKOTTO","Defender","21","2","178","30","England"
"Zob Ahan Isfahan FC","12.07.1983","0","Iran","Ghasem HADADIFAR","Midfielder","16","11","178","30","Iran"
"FC Augsburg","01.09.1983","0","Netherlands","Paul VERHAEGH","Defender","2","12","178","30","Germany"
"FC Anzhi Makhachkala","09.02.1984","0","Russia","Andrey ESHCHENKO","Defender","11","22","177","30","Russia"
"FC Dynamo Moscow","17.05.1984","0","Russia","Igor DENISOV","Midfielder","43","7","176","30","Russia"
"Olympique Lyonnais","04.06.1984","0","Cameroon","Henri BEDIMO","Defender","30","12","176","30","France"
"Getafe CF","15.03.1984","0","Algeria","Medhi LACEN","Midfielder","29","8","175","30","Spain"
"Barcelona SC","20.10.1983","0","Ecuador","Luis SARITAMA","Midfielder","48","19","175","30","Ecuador"
"Esteghlal Tehran FC","14.09.1983","0","Iran","Khosro HEYDARI","Forward","47","2","175","30","Iran"
"Lille OSC","08.03.1984","0","France","Rio MAVUBA","Midfielder","11","12","172","30","France"
"Valencia CF","25.02.1984","0","Portugal","JOAO PEREIRA","Defender","35","21","172","30","Spain"
"Aston Villa FC","09.09.1984","0","USA","Brad GUZAN","Goalkeeper","25","12","193","29","England"
"Panathinaikos FC","18.03.1985","0","Croatia","Gordon SCHILDENFELD","Defender","21","13","191","29","Greece"
"AS Monaco","27.10.1984","0","Croatia","Danijel SUBASIC","Goalkeeper","6","23","191","29","France"
"Suwon Bluewings FC","04.01.1985","0","South Korea","JUNG Sungryong","Goalkeeper","60","1","190","29","South Korea"
"Qingdao Jonoon FC","29.07.1984","0","Honduras","Osman CHAVEZ","Defender","54","2","187","29","China"
"Enugu Rangers FC","28.11.1984","0","Nigeria","Chigozie AGBIM","Goalkeeper","14","21","187","29","Nigeria"
"USM Alger","19.03.1985","0","Algeria","Mohamed ZEMMAMOUCHE","Goalkeeper","7","16","187","29","Algeria"
"Parma FC","25.01.1985","0","Italy","Marco PAROLO","Midfielder","3","18","186","29","Italy"
"Jeonbuk Hyundai Motors FC","13.08.1984","0","Australia","Alex WILKINSON","Defender","2","22","183","29","South Korea"
"CS Emelec","24.03.1985","0","Ecuador","Gabriel ACHILIER","Defender","22","21","183","29","Ecuador"
"CS Constantine","09.01.1985","0","Algeria","Cedric SI MOHAMMED","Goalkeeper","1","1","182","29","Algeria"
"Beijing Guoan","02.03.1985","0","South Korea","HA Daesung","Midfielder","13","8","182","29","China"
"SL Benfica","27.01.1985","0","Portugal","RUBEN AMORIM","Midfielder","11","20","180","29","Portugal"
"Orlando Pirates","06.04.1985","0","Ghana","Fatawu DAUDA","Goalkeeper","17","16","180","29","South Africa"
"AS Livorno","09.10.1984","0","Algeria","Djamel MESBAH","Defender","26","6","179","29","Italy"
"FC Basel","07.11.1984","0","Ivory Coast","Die SEREY","Midfielder","6","20","179","29","Switzerland"
"FC Porto","19.11.1984","0","Uruguay","Jorge FUCILE","Defender","41","4","177","29","Portugal"
"Manchester City FC","16.01.1985","0","Argentina","Pablo ZABALETA","Defender","36","4","174","29","England"
"FC Bayern Muenchen","27.03.1986","0","Germany","Manuel NEUER","Goalkeeper","45","1","193","28","Germany"
"Galatasaray SK","16.06.1986","0","Uruguay","Fernando MUSLERA","Goalkeeper","57","1","190","28","Turkey"
"Granada CF","11.07.1985","0","Greece","Orestis KARNEZIS","Goalkeeper","18","1","189","28","Spain"
"Barcelona SC","16.12.1985","0","Ecuador","Maximo BANGUERA","Goalkeeper","24","1","187","28","Ecuador"
"Parma FC","15.02.1986","0","Italy","Gabriel PALETTA","Defender","2","20","187","28","Italy"
"SSC Napoli","04.09.1985","0","Spain","Raul ALBIOL","Defender","46","2","187","28","Italy"
"CSKA Sofia","25.04.1986","0","Algeria","Rais MBOLHI","Goalkeeper","27","23","186","28","Bulgaria"
"CSKA Moscow","08.04.1986","0","Russia","Igor AKINFEEV","Goalkeeper","68","1","185","28","Russia"
"Arsenal FC","10.09.1985","0","France","Laurent KOSCIELNY","Defender","17","21","185","28","England"
"AC Ajaccio","13.07.1985","0","Mexico","Guillermo OCHOA","Goalkeeper","56","13","185","28","France"
"Urawa Red Diamonds","18.06.1986","0","Japan","Shusaku NISHIKAWA","Goalkeeper","12","12","183","28","Japan"
"CS Herediano","25.10.1985","0","Costa Rica","Oscar GRANADOS","Midfielder","11","13","183","28","Costa Rica"
"Besiktas JK","11.04.1986","0","Cameroon","Dany NOUNKEU","Defender","15","5","183","28","Turkey"
"Elche CF","06.02.1986","0","Columbia","Carlos SANCHEZ","Midfielder","43","6","182","28","Spain"
"HNK Hajduk Split","06.03.1986","0","Bosnia & Herzegovina","Avdija VRSAJEVIC","Midfielder","13","2","182","28","Croatia"
"CS Herediano","08.01.1986","0","Costa Rica","Daniel CAMBRONERO","Goalkeeper","2","23","181","28","Costa Rica"
"Standard Liege","05.08.1985","0","Belgium","Laurent CIMAN","Defender","8","23","180","28","Belgium"
"Kashiwa Reysol","12.09.1985","0","South Korea","KIM Changsoo","Defender","8","2","179","28","Japan"
"CA Osasuna","11.02.1986","0","Chile","Francisco SILVA","Midfielder","11","5","178","28","Spain"
"CA Boca Juniors","10.04.1986","0","Argentina","Fernando GAGO","Midfielder","47","5","178","28","Argentina"
"SS Lazio","30.01.1986","0","Argentina","Lucas BIGLIA","Midfielder","17","6","175","28","Italy"
"Sanfrecce Hiroshima","22.02.1986","0","Japan","Toshihiro AOYAMA","Midfielder","5","14","174","28","Japan"
"VfL Wolfsburg","24.01.1986","0","Portugal","VIEIRINHA","Forward","7","10","170","28","Germany"
"LDU Quito","05.06.1987","0","Ecuador","Alexander DOMINGUEZ","Goalkeeper","18","22","196","27","Ecuador"
"AS Monaco","22.02.1987","0","Argentina","Sergio ROMERO","Goalkeeper","45","1","192","27","France"
"Manchester City FC","19.04.1987","0","England","Joe HART","Goalkeeper","40","1","191","27","England"
"PAOK FC","10.10.1986","0","Greece","Panagiotis GLYKOS","Goalkeeper","2","12","190","27","Greece"
"Paris Saint-Germain FC","12.01.1987","0","Italy","Salvatore SIRIGU","Goalkeeper","8","12","190","27","France"
"Chelsea FC","22.04.1987","0","Brazil","DAVID LUIZ","Defender","35","4","189","27","England"
"AS Saint-Etienne","27.09.1986","0","France","Stephane RUFFIER","Goalkeeper","2","16","188","27","France"
"Tottenham Hotspur FC","26.12.1986","0","France","Hugo LLORIS","Goalkeeper","56","1","188","27","England"
"AC Milan","30.09.1986","0","Columbia","Cristian ZAPATA","Defender","23","2","187","27","Italy"
"SL Benfica","10.10.1986","0","Argentina","Ezequiel GARAY","Defender","18","2","186","27","Portugal"
"Caykur Rizespor","21.12.1986","0","Ivory Coast","Ousmane DIARRASSOUBA","Defender","1","2","186","27","Turkey"
"SSC Napoli","14.10.1986","0","Brazil","HENRIQUE","Defender","5","15","186","27","Italy"
"FC Dynamo Moscow","25.12.1986","0","Russia","Aleksei KOZLOV","Defender","10","2","185","27","Russia"
"FC Dynamo Moscow","22.05.1987","0","Russia","Vladimir GRANAT","Defender","4","13","184","27","Russia"
"Levante UD","15.12.1986","0","Costa Rica","Keylor NAVAS","Goalkeeper","52","1","184","27","Spain"
"Sporting Kansas City","11.02.1987","0","USA","Matt BESLER","Defender","16","5","182","27","USA"
"Perspolis FC","16.09.1986","0","Iran","Hossein MAHINI","Defender","21","13","182","27","Iran"
"Ulsan Hyundai FC","24.12.1986","0","South Korea","LEE Yong","Defender","11","12","180","27","South Korea"
"Perspolis FC","26.02.1987","0","Iran","Mehrdad POOLADI","Defender","19","23","180","27","Iran"
"SS Lazio","28.02.1987","0","Italy","Antonio CANDREVA","Midfielder","19","6","180","27","Italy"
"Real Espana","20.11.1986","0","Honduras","Edder DELGADO","Midfielder","26","12","179","27","Honduras"
"Olympiacos Piraeus FC","12.10.1986","0","Greece","Ioannis MANIATIS","Midfielder","29","2","178","27","Greece"
"Getafe CF","23.04.1987","0","Croatia","SAMMIR","Midfielder","5","19","178","27","Spain"
"Vancouver Whitecaps FC","01.02.1987","0","Iran","Steven BEITASHOUR","Defender","6","20","178","27","Canada"
"Eintracht Frankfurt","17.10.1986","0","Ivory Coast","Constant DJAKPA","Defender","4","18","177","27","Germany"
"FSV Mainz 05","16.01.1987","0","South Korea","PARK Jooho","Defender","13","22","174","27","Germany"
"Esperance Sportive de Tunis","24.07.1986","0","Ghana","Harrison AFFUL","Defender","40","23","168","27","Tunisia"
"Celtic FC","17.03.1988","0","England","Fraser FORSTER","Goalkeeper","1","22","201","26","Scotland"
"Stoke City FC","20.06.1987","0","Bosnia & Herzegovina","Asmir BEGOVIC","Goalkeeper","30","1","198","26","England"
"Sporting Covilha","02.05.1988","0","Iran","Alireza HAGHIGHI","Goalkeeper","4","12","193","26","Portugal"
"Liverpool FC","06.03.1988","0","Belgium","Simon MIGNOLET","Goalkeeper","14","12","193","26","England"
"Eintracht Braunschweig","06.01.1988","0","Iran","Daniel DAVARI","Goalkeeper","4","22","193","26","Germany"
"Newcastle United FC","03.04.1988","0","Netherlands","Tim KRUL","Goalkeeper","5","23","193","26","England"
"Stromsgodset IF","12.12.1987","0","Ghana","Adam KWARASEY","Goalkeeper","21","12","190","26","Norway"
"Sporting Braga","22.12.1987","0","Portugal","EDER","Forward","7","11","190","26","Portugal"
"Sporting CP","15.02.1988","0","Portugal","RUI PATRICIO","Goalkeeper","29","12","189","26","Portugal"
"FC Internazionale","12.04.1988","0","Argentina","Ricardo ALVAREZ","Midfielder","5","19","188","26","Italy"
"RCD Mallorca","05.03.1988","0","Algeria","Liassine CADAMURO","Defender","6","17","187","26","Spain"
"Borussia Dortmund","09.06.1988","0","Greece","Sokratis PAPASTATHOPOULOS","Defender","47","19","186","26","Germany"
"FC Zenit St. Petersburg","26.05.1988","0","Portugal","LUIS NETO","Defender","7","14","186","26","Russia"
"Bologna FC","26.07.1987","0","Greece","Panagiotis KONE","Midfielder","15","8","184","26","Italy"
"PAOK FC","26.11.1987","0","Greece","Georgios TZAVELAS","Defender","13","3","183","26","Greece"
"FC Barcelona","09.09.1987","0","Cameroon","Alexandre SONG","Midfielder","46","6","183","26","Spain"
"CD Universidad Catolica","15.06.1988","0","Chile","Cristopher TOSELLI","Goalkeeper","4","12","181","26","Chile"
"Brisbane Roar FC","10.09.1987","0","Australia","Ivan FRANJIC","Defender","8","2","180","26","Australia"
"Barcelona SC","08.07.1987","0","Ecuador","Juan PAREDES","Defender","37","4","179","26","Ecuador"
"Southampton FC","10.05.1988","0","England","Adam LALLANA","Midfielder","4","20","179","26","England"
"Torino FC","23.07.1987","0","Italy","Alessio CERCI","Forward","11","11","177","26","Italy"
"Swansea City AFC","13.09.1987","0","Netherlands","Jonathan DE GUZMAN","Midfielder","10","8","174","26","England"
"Granada CF","10.05.1988","0","Cameroon","Allan NYOM","Defender","9","22","170","26","Spain"
"Club Leon","14.03.1988","0","Mexico","Jose VAZQUEZ","Midfielder","4","23","164","26","Mexico"
"Los Angeles Galaxy","11.10.1988","0","USA","Omar GONZALEZ","Defender","19","3","195","25","USA"
"FC Bayern Muenchen","03.09.1988","0","Germany","Jerome BOATENG","Defender","38","20","192","25","Germany"
"FC Zorya Lugansk","15.12.1988","0","Bosnia & Herzegovina","Toni SUNJIC","Defender","7","15","192","25","Ukraine"
"FC Terek Grozny","24.03.1989","0","Russia","Andrey SEMENOV","Defender","1","5","191","25","Russia"
"Borussia Dortmund","22.08.1988","0","Australia","Mitch LANGERAK","Goalkeeper","3","12","191","25","Germany"
"Perspolis FC","01.02.1989","0","Iran","Reza HAGHIGHI","Midfielder","7","8","190","25","Iran"
"Olympiacos Piraeus FC","13.06.1989","0","Greece","Andreas SAMARIS","Midfielder","4","22","190","25","Greece"
"FC Bayern Muenchen","02.09.1988","0","Spain","Javi MARTINEZ","Midfielder","16","4","190","25","Germany"
"Sewe Sport","29.10.1988","0","Ivory Coast","Sylvain GBOHOUO","Goalkeeper","2","16","190","25","Ivory Coast"
"FC Barcelona","16.07.1988","0","Spain","Sergio BUSQUETS","Midfielder","65","16","189","25","Spain"
"Western Sydney Wanderers FC","27.06.1988","0","Australia","Matthew SPIRANOVIC","Defender","17","6","188","25","Australia"
"CD El Nacional","08.09.1988","0","Ecuador","Adrian BONE","Goalkeeper","3","12","188","25","Ecuador"
"Atletico Madrid","07.10.1988","0","Spain","Diego COSTA","Forward","3","19","188","25","Spain"
"FC Tokyo","03.03.1989","0","Japan","Shuichi GONDA","Goalkeeper","2","23","187","25","Japan"
"Hannover 96","12.02.1989","0","Germany","Ron-Robert ZIELER","Goalkeeper","3","12","187","25","Germany"
"AFC Ajax","22.04.1989","0","Netherlands","Jasper CILLESSEN","Goalkeeper","7","1","187","25","Netherlands"
"Borussia Dortmund","19.07.1988","0","Germany","Kevin GROSSKREUTZ","Defender","4","2","186","25","Germany"
"Club Brugge KV","03.06.1989","0","Costa Rica","Oscar DUARTE","Defender","10","6","184","25","Belgium"
"OGC Nice","31.08.1988","0","Columbia","David OSPINA","Goalkeeper","43","1","183","25","France"
"FC Basel","17.12.1988","0","Switzerland","Yann SOMMER","Goalkeeper","6","12","183","25","Switzerland"
"FK Austria Wien","15.05.1989","0","Australia","James HOLLAND","Midfielder","13","16","180","25","Austria"
"Guangzhou R&F FC","10.03.1989","0","South Korea","PARK Jongwoo","Midfielder","10","15","180","25","China"
"FC Basel","31.03.1989","0","Ivory Coast","Giovanni SIO","Forward","7","21","180","25","Switzerland"
"Atletico Nacional","11.07.1988","0","Columbia","Alexander MEJIA","Midfielder","8","15","179","25","Columbia"
"FC Dynamo Moscow","18.02.1989","0","Russia","Alexey IONOV","Forward","5","21","178","25","Russia"
"Deportivo Toluca FC","12.04.1989","0","Mexico","Miguel PONCE","Defender","7","16","175","25","Mexico"
"FC Luzern","08.01.1989","0","Australia","Oliver BOZANIC","Midfielder","3","13","167","25","Switzerland"
"Manchester United FC","22.11.1989","0","England","Chris SMALLING","Defender","11","12","194","24","England"
"Sporting CP","20.03.1990","0","Argentina","Marcos ROJO","Defender","20","16","189","24","Portugal"
"Kuban Krasnodar","31.12.1989","0","Ghana","Mohammed RABIU","Midfielder","16","17","189","24","Russia"
"Norwich City FC","05.01.1990","0","Netherlands","Leroy FER","Midfielder","5","18","188","24","England"
"Newcastle United FC","16.08.1989","0","France","Moussa SISSOKO","Midfielder","16","18","187","24","England"
"Liverpool FC","17.06.1990","0","England","Jordan HENDERSON","Midfielder","9","14","187","24","England"
"Feyenoord Rotterdam","22.07.1989","0","Netherlands","Daryl JANMAAT","Defender","15","7","186","24","Netherlands"
"FC Zenit St. Petersburg","26.05.1990","0","Russia","Yury LODYGIN","Goalkeeper","2","12","186","24","Russia"
"Elazigspor","24.10.1989","0","Bosnia & Herzegovina","Ognjen VRANJES","Defender","13","6","186","24","Turkey"
"1. FC Nuernberg","29.03.1990","0","USA","Timmy CHANDLER","Defender","12","21","186","24","Germany"
"Shandong Luneng Taishan FC","15.08.1989","0","Australia","Ryan McGOWAN","Defender","9","19","185","24","China"
"Olympique Marseille","27.03.1990","0","Cameroon","Nicolas NKOULOU","Defender","47","3","185","24","France"
"Hannover 96","12.04.1990","0","Japan","Hiroki SAKAI","Defender","17","21","185","24","Germany"
"Torino FC","20.02.1990","0","Italy","Ciro IMMOBILE","Forward","2","17","184","24","Italy"
"SK Sturm Graz","16.08.1989","0","Bosnia & Herzegovina","Anel HADZIC","Midfielder","2","21","184","24","Austria"
"Kashiwa Reysol","19.04.1990","0","South Korea","HAN Kookyoung","Midfielder","9","14","183","24","Japan"
"Queens Park Rangers FC","13.02.1990","0","South Korea","YUN Sukyoung","Defender","3","3","182","24","England"
"Sanfrecce Hiroshima","27.06.1989","0","South Korea","HWANG Seokho","Defender","3","6","182","24","Japan"
"Torino FC","02.12.1989","0","Italy","Matteo DARMIAN","Defender","1","4","182","24","Italy"
"FC Porto","19.04.1990","0","Mexico","Hector HERRERA","Midfielder","12","6","180","24","Portugal"
"AFC Ajax","09.03.1990","0","Netherlands","Daley BLIND","Defender","11","5","180","24","Netherlands"
"Fethiyespor","25.02.1990","0","Cameroon","Sammy NDJOCK","Goalkeeper","2","23","178","24","Turkey"
"Chelsea FC","28.08.1989","0","Spain","Cesar AZPILICUETA","Midfielder","6","22","178","24","England"
"Aduana Stars","28.09.1989","0","Ghana","Stephen ADAMS","Goalkeeper","6","1","177","24","Ghana"
"Istanbul BBSK","17.02.1990","0","Bosnia & Herzegovina","Edin VISCA","Forward","10","19","172","24","Turkey"
"Granada CF","08.02.1990","0","Algeria","Yacine BRAHIMI","Midfielder","5","11","171","24","Spain"
"Villarreal CF","11.02.1990","0","Mexico","Javier AQUINO","Midfielder","21","20","166","24","Spain"
"Club Nacional de Football","07.10.1990","0","Uruguay","Sebastian COATES","Defender","14","19","196","23","Uruguay"
"Torino FC","15.02.1991","0","Greece","Panagiotis TACHTSIDIS","Midfielder","5","23","194","23","Italy"
"Borussia Moenchengladbach","19.02.1991","0","Germany","Christoph KRAMER","Midfielder","2","23","189","23","Germany"
"FC Porto","13.02.1991","0","France","Eliaquim MANGALA","Defender","3","13","188","23","Portugal"
"Ulsan Hyundai FC","30.09.1990","0","South Korea","KIM Seunggyu","Goalkeeper","5","21","187","23","South Korea"
"Sunshine Stars FC","30.04.1991","0","Nigeria","Ebenezer ODUNLAMI","Defender","11","12","187","23","Nigeria"
"Olympique Lyonnais","07.01.1991","0","France","Clement GRENIER","Midfielder","5","22","186","23","France"
"Olympiacos Piraeus FC","14.06.1991","0","Greece","Konstantinos MANOLAS","Defender","8","4","186","23","Greece"
"Fortuna Duesseldorf","14.11.1990","0","Ivory Coast","Mathis BOLLY","Midfielder","3","6","185","23","Germany"
"SL Benfica","10.09.1990","0","Portugal","ANDRE ALMEIDA","Defender","3","19","185","23","Portugal"
"KV Waasland-Beveren","25.09.1990","0","Nigeria","Ruben GABRIEL","Midfielder","10","4","184","23","Belgium"
"SSC Napoli","01.02.1991","0","Algeria","Faouzi GHOULAM","Defender","5","3","184","23","Italy"
"FC Ashdod","14.09.1990","0","Nigeria","Juwon OSHANIWA","Defender","9","13","184","23","Israel"
"Southampton FC","02.12.1990","0","Uruguay","Gaston RAMIREZ","Midfielder","28","18","183","23","England"
"CSKA Moscow","27.04.1991","0","Russia","Georgy SHCHENNIKOV","Defender","3","3","179","23","Russia"
"Leicester City FC","21.02.1991","0","Algeria","Riyad MAHREZ","Forward","1","21","179","23","England"
"VfB Stuttgart","14.03.1991","0","Japan","Gotoku SAKAI","Defender","12","3","176","23","Germany"
"Columbus Crew","20.09.1990","0","Costa Rica","Waylon FRANCIS","Defender","1","12","175","23","USA"
"Cerezo Osaka","06.10.1990","0","Japan","Hotaru YAMAGUCHI","Midfielder","11","16","173","23","Japan"
"Deportivo Toluca FC","28.08.1990","0","Mexico","Isaac BRIZUELA","Midfielder","7","17","173","23","Mexico"
"Standard Liege","18.10.1990","0","Ghana","Daniel OPARE","Defender","16","4","172","23","Belgium"
"Vitesse Arnheim","20.01.1991","0","Ecuador","Alex IBARRA","Midfielder","17","5","171","23","Netherlands"
"CD Olimpia","05.11.1990","0","Honduras","Luis GARRIDO","Midfielder","19","19","170","23","Honduras"
"Atletico Madrid","11.05.1992","0","Belgium","Thibaut COURTOIS","Goalkeeper","16","1","198","22","Spain"
"FC Schalke 04","08.08.1991","0","Cameroon","Joel MATIP","Midfielder","22","21","194","22","Germany"
"Feyenoord Rotterdam","05.02.1992","0","Netherlands","Stefan DE VRIJ","Defender","11","3","190","22","Netherlands"
"HNK Hajduk Split","13.02.1992","0","Bosnia & Herzegovina","Tino Sven SUSIC","Midfielder","2","14","186","22","Croatia"
"Sporting CP","07.04.1992","0","Portugal","WILLIAM","Midfielder","3","6","185","22","Portugal"
"Manchester United FC","21.02.1992","0","England","Phil JONES","Defender","9","16","185","22","England"
"Stade de Reims","22.10.1991","0","Algeria","Aissa MANDI","Defender","2","20","184","22","France"
"FK Amkar Perm","14.07.1991","0","Russia","Maksim KANUNNIKOV","Forward","2","6","184","22","Russia"
"Genoa CFC","10.01.1992","0","Croatia","Sime VRSALJKO","Defender","6","2","183","22","Italy"
"Borussia Dortmund","12.05.1992","0","Germany","Erik DURM","Defender","1","15","183","22","Germany"
"AFC Ajax","15.01.1992","0","Netherlands","Joel VELTMAN","Defender","2","13","183","22","Netherlands"
"Club Brugge KV","08.04.1992","0","Australia","Maty RYAN","Goalkeeper","6","1","181","22","Belgium"
"Fortuna Duesseldorf","14.06.1992","0","Australia","Ben HALLORAN","Forward","1","10","180","22","Germany"
"SC Heracles Almelo","29.06.1991","0","Australia","Jason DAVIDSON","Defender","6","3","179","22","Netherlands"
"Foolad Khuzestan FC","23.09.1991","0","Iran","Bakhtiar RAHMANI","Midfielder","3","18","179","22","Iran"
"Deportivo Saprissa","17.03.1992","0","Costa Rica","Yeltsin TEJEDA","Midfielder","22","17","179","22","Costa Rica"
"Coton Sport FC","14.04.1992","0","Cameroon","Loic FEUDJOU","Goalkeeper","1","1","178","22","Cameroon"
"Atletico Madrid","08.01.1992","0","Spain","KOKE","Midfielder","7","17","178","22","Spain"
"Arsenal FC","01.01.1992","0","England","Jack WILSHERE","Midfielder","16","7","172","22","England"
"PSV Eindhoven","13.01.1992","0","Columbia","Santiago ARIAS","Defender","5","4","171","22","Netherlands"
"Feyenoord Rotterdam","27.06.1991","0","Netherlands","Jordy CLASIE","Midfielder","8","16","169","22","Netherlands"
"Stabaek IF","15.06.1993","0","Ivory Coast","Sayouba MANDE","Goalkeeper","1","23","193","21","Norway"
"Hertha BSC","28.01.1993","0","USA","John BROOKS","Defender","4","6","193","21","Germany"
"Real Madrid CF","25.04.1993","0","France","Raphael VARANE","Defender","5","4","191","21","Spain"
"FC Porto","19.09.1992","0","Mexico","Diego REYES","Defender","14","5","189","21","Portugal"
"CA River Plate","28.02.1993","0","Columbia","Eder BALANTA","Defender","2","16","181","21","Argentina"
"VfL Wolfsburg","25.08.1992","0","Switzerland","Ricardo RODRIGUEZ","Defender","21","13","180","21","Germany"
"AS Saint-Etienne","28.08.1992","0","Ivory Coast","Ismael DIOMANDE","Midfielder","1","14","180","21","France"
"Toulouse FC","11.10.1992","0","Ivory Coast","Jean Daniel AKPA","Defender","1","7","180","21","France"
"AC Milan","20.10.1992","0","Italy","Mattia DE SCIGLIO","Defender","10","2","179","21","Italy"
"Ferencvarosi TC","10.09.1992","0","Bosnia & Herzegovina","Muhamed BESIC","Midfielder","9","7","177","21","Hungary"
"Toulouse FC","24.12.1992","0","Ivory Coast","Serge AURIER","Defender","7","17","176","21","France"
"Swindon Town FC","25.09.1992","0","Australia","Massimo LUONGO","Midfielder","1","21","176","21","England"
"Coton Sport FC","28.08.1992","0","Cameroon","Cedric DJEUGOUE","Defender","3","4","175","21","Cameroon"
"Sporting Braga","17.05.1993","0","Portugal","RAFA","Forward","2","15","173","21","Portugal"
"UD Almeria","12.12.1992","0","Nigeria","Ramon AZEEZ","Midfielder","1","15","170","21","Spain"
"FC Porto","18.01.1993","0","Columbia","Juan QUINTERO","Midfielder","4","20","168","21","Portugal"
"FC Volyn Lutsk","24.12.1992","0","Nigeria","Michael BABATUNDE","Forward","4","18","165","21","Ukraine"
"RC Lens","17.08.1992","0","Cameroon","Edgar SALLI","Midfielder","8","20","163","21","France"
"Mamelodi Sundowns FC","18.12.1992","0","Ghana","Rashid SUMAILA","Defender","8","15","160","21","South Africa"
"Panathinaikos FC","18.03.1994","0","Greece","Stefanos KAPINO","Goalkeeper","2","13","196","20","Greece"
"SC Freiburg","19.01.1994","0","Germany","Matthias GINTER","Defender","2","3","187","20","Germany"
"Everton FC","05.12.1993","0","England","Ross BARKLEY","Midfielder","4","21","185","20","England"
"Middlesbrough FC","17.10.1993","0","Nigeria","Kenneth OMERUO","Defender","17","22","185","20","England"
"FC Schalke 04","20.06.1993","0","Bosnia & Herzegovina","Sead KOLASINAC","Defender","4","5","183","20","Germany"
"Feyenoord Rotterdam","14.02.1994","0","Netherlands","Terence KONGOLO","Defender","1","14","183","20","Netherlands"
"FC Internazionale","06.05.1994","0","Croatia","Mateo KOVACIC","Midfielder","9","20","181","20","Italy"
"Paris Saint-Germain FC","20.07.1993","0","France","Lucas DIGNE","Defender","2","17","179","20","France"
"PSV Eindhoven","13.02.1994","0","Netherlands","Memphis DEPAY","Forward","6","21","178","20","Netherlands"
"Seattle Sounders FC","09.07.1993","0","USA","DeAndre YEDLIN","Defender","4","2","175","20","USA"
"Tottenham Hotspur FC","24.11.1994","0","Algeria","Nabil BENTALEB","Midfielder","2","14","189","19","England"
"Lille OSC","18.04.1995","0","Belgium","Divock ORIGI","Forward","1","17","185","19","France"
"Atletico Madrid","20.01.1995","0","Uruguay","Jose GIMENEZ","Defender","5","13","184","19","Spain"
"FC Bayern Muenchen","06.06.1995","0","USA","Julian GREEN","Midfielder","2","16","172","19","Germany"
"VfB Stuttgart","19.04.1995","0","Ecuador","Carlos GRUEZO","Midfielder","2","23","171","19","Germany"
"Liverpool FC","08.12.1994","0","England","Raheem STERLING","Midfielder","3","19","170","19","England"
"Southampton FC","12.07.1995","0","England","Luke SHAW","Defender","1","23","184","18","England"
"Club Libertad","22.01.1982","0","Uruguay","Rodrigo MUNOZ","Goalkeeper","0","12","185","32","Paraguay"
"VfR Aalen","15.05.1986","0","Bosnia & Herzegovina","Jasmin FEJZIC","Goalkeeper","0","12","198","28","Germany"
"SV Zulte Waregem","11.08.1985","0","Belgium","Sammy BOSSUT","Goalkeeper","0","13","187","28","Belgium"
"Busan IPark FC","02.04.1989","0","South Korea","LEE Bumyoung","Goalkeeper","0","23","199","25","South Korea"
"Independiente Santa Fe","09.03.1989","0","Columbia","Camilo VARGAS","Goalkeeper","0","12","185","25","Columbia"
"Manchester United FC","07.11.1990","0","Spain","David DE GEA","Goalkeeper","0","12","190","23","England"
"Grasshopper Club","14.11.1990","0","Switzerland","Roman BUERKI","Goalkeeper","0","21","188","23","Switzerland"
"NK Lokomotiva Zagreb","14.05.1993","0","Croatia","Oliver ZELENIKA","Goalkeeper","0","12","192","21","Croatia"
"Genoa CFC","10.11.1992","0","Italy","Mattia PERIN","Goalkeeper","0","13","188","21","Italy"
"Preston North End FC","28.07.1992","0","Australia","Bailey WRIGHT","Defender","0","8","184","21","England"
"HNK Rijeka","30.04.1993","0","Croatia","Ivan MOCINIC","Midfielder","0","15","180","21","Croatia"
"GNK Dinamo Zagreb","16.11.1992","0","Croatia","Marcelo BROZOVIC","Midfielder","0","14","180","21","Croatia"
"Real Espana","13.09.1993","0","Honduras","Luis LOPEZ","Goalkeeper","0","1","182","20","Honduras"
"Manchester United FC","05.02.1995","0","Belgium","Adnan JANUZAJ","Midfielder","0","20","180","19","England"
