"FIFADisplayName","Club","LastName","DateofBirth","Country","Position","ClubCountry","FirstName","","Height","ShirtName"
"Lounes GAOUAOUI","Chlef","GAOUAOUI","28 Sep 1977","Algeria","Goalkeeper","ALG","Lounes","1","188","GAOUAOUI"
"Madjid BOUGHERRA","Rangers","BOUGHERRA","07 Oct 1982","Algeria","Defender","SCO","Madjid","2","190","BOUGHERRA"
"Nadir BELHADJ","Portsmouth","BELHADJ","18 Jun 1982","Algeria","Defender","ENG","Nadir","3","180","BELHADJ"
"Anther YAHIA","Bochum","YAHIA","21 Mar 1982","Algeria","Defender","GER","Anther","4","185","YAHIA"
"Rafik HALLICHE","Nacional Madeira","HALLICHE","02 Sep 1986","Algeria","Defender","POR","Rafik","5","187","HALLICHE"
"Yazid MANSOURI","Lorient","MANSOURI","25 Feb 1978","Algeria","Midfielder","FRA","Yazid","6","175","MANSOURI"
"Ryad BOUDEBOUZ","Sochaux","BOUDEBOUZ","19 Feb 1990","Algeria","Midfielder","FRA","Ryad","7","178","BOUDEBOUZ"
"Medhi LACEN","Racing Santander","LACEN","15 Mar 1984","Algeria","Midfielder","ESP","Medhi Gregory Guiseppe","8","178","LACEN"
"Abdelkader GHEZZAL","Siena","GHEZZAL","05 Dec 1984","Algeria","Forward","ITA","Abdelkader Mohamed","9","186","GHEZZAL"
"Rafik SAIFI","Istres","SAIFI","07 Feb 1975","Algeria","Forward","FRA","Rafik","10","178","SAIFI"
"Rafik DJEBBOUR","AEK Athens","DJEBBOUR","08 Mar 1984","Algeria","Forward","GRE","Rafik Zoheir","11","185","DJEBBOUR"
"Habib BELLAID","Boulogne","BELLAID","28 Mar 1986","Algeria","Defender","FRA","Habib Mohamed","12","189","BELLAID"
"Karim MATMOUR","Borussia Moenchengladbach","MATMOUR","25 Jun 1985","Algeria","Midfielder","GER","Karim","13","181","MATMOUR"
"Abdelkader LAIFAOUI","Setif","LAIFAOUI","29 Jul 1981","Algeria","Defender","ALG","Abdelkader","14","177","LAIFAOUI"
"Karim ZIANI","Wolfsburg","ZIANI","17 Aug 1982","Algeria","Midfielder","GER","Karim Koceila Yanis","15","168","ZIANI"
"Faouzi CHAOUCHI","Setif","CHAOUCHI","05 Dec 1984","Algeria","Goalkeeper","ALG","Faouzi","16","180","CHAOUCHI"
"Adlane GUEDIOURA","Wolverhampton","GUEDIOURA","12 Nov 1985","Algeria","Midfielder","ENG","Adlane","17","183","GUEDIOURA"
"Carl MEDJANI","Ajaccio","MEDJANI","15 May 1985","Algeria","Defender","FRA","Carl","18","184","MEDJANI"
"Hassan YEBDA","Portsmouth","YEBDA","14 May 1984","Algeria","Midfielder","ENG","Hassan","19","188","YEBDA"
"Djamel MESBAH","Lecce","MESBAH","MESBAH 09 Oct 1984","Algeria","Defender","ITA","Djamel","20","180","Eddine"
"Foued KADIR","Valenciennes","KADIR","05 Dec 1983","Algeria","Midfielder","FRA","Foued","21","180","KADIR"
"Djamal ABDOUN","Nantes","ABDOUN","14 Feb 1986","Algeria","Midfielder","FRA","Djamal","22","180","ABDOUN"
"Rais M BOLHI","Slavia Sofia","M'BOLHI","25 Apr 1986","Algeria","Goalkeeper","BUL","Adi Rais Cobos Adrien","23","190","MBOLHI"
"Diego POZO","Atletico Colon","POZO","16 Feb 1978","Argentina","Goalkeeper","ARG","Diego","1","183","POZO"
"Martin DEMICHELIS","Bayern Munich","DEMICHELIS","20 Dec 1980","Argentina","Defender","GER","Martin Gaston","2","184","DEMICHELIS"
"Clemente RODRIGUEZ","Estudiantes La Plata","RODRIGUEZ","31 Jul 1981","Argentina","Defender","ARG","Clemente Juan","3","166","RODRIGUEZ C."
"Nicolas BURDISSO","AS Roma","BURDISSO","12 Apr 1981","Argentina","Defender","ITA","Nicolas Andres","4","174","BURDISSO"
"Mario BOLATTI","Fiorentina","BOLATTI","17 Feb 1985","Argentina","Midfielder","ITA","Mario Ariel","5","189","BOLATTI"
"Gabriel HEINZE","Marseille","HEINZE","19 Apr 1978","Argentina","Defender","FRA","Gabriel Ivan","6","178","HEINZE"
"Angel DI MARIA","Benfica","DI MARIA","14 Feb 1988","Argentina","Midfielder","POR","Angel Fabian","7","180","DI MARIA"
"Juan VERON","Estudiantes La Plata","VERON","09 Mar 1975","Argentina","Midfielder","ARG","Juan Sebastian","8","183","VERON"
"Gonzalo HIGUAIN","Real Madrid","HIGUAIN","10 Dec 1987","Argentina","Forward","ESP","Gonzalo Gerardo","9","182","HIGUAIN"
"Lionel MESSI","Barcelona","MESSI CUCCITTINI","24 Jun 1987","Argentina","Forward","ESP","Lionel Andres","10","170","MESSI"
"Carlos TEVEZ","Manchester City","TEVEZ","05 Feb 1984","Argentina","Forward","ENG","Carlos Alberto","11","173","CARLITOS"
"Ariel GARCE","Atletico Colon","GARCE","14 Jul 1979","Argentina","Defender","ARG","Ariel Hernan","12","175","GARCE"
"Walter SAMUEL","Inter","SAMUEL","23 Mar 1978","Argentina","Defender","ITA","Walter Adrian","13","182","SAMUEL"
"Javier MASCHERANO","Liverpool","MASCHERANO","08 Jun 1984","Argentina","Midfielder","ENG","Javier Alejandro","14","171","MASCHERANO"
"Nicolas OTAMENDI","Velez Sarsfield","OTAMENDI","12 Feb 1988","Argentina","Defender","ARG","Nicolas Hernan","15","171","OTAMENDI"
"Sergio AGUERO","Atletico Madrid","AGERO","02 Jun 1988","Argentina","Forward","ESP","Sergio Leonel","16","170","KUN AGUERO"
"Jonas GUTIERREZ","Newcastle Utd.","GUTIERREZ","05 Jul 1983","Argentina","Midfielder","ENG","Jonas Manuel","17","182","JONAS"
"Martin PALERMO","Boca Juniors","PALERMO","07 Nov 1973","Argentina","Forward","ARG","Martin","18","188","PALERMO"
"Diego MILITO","Inter","MILITO","12 Jun 1979","Argentina","Forward","ITA","Diego","19","177","MILITO D."
"Maxi RODRIGUEZ","Liverpool","RODRIGUEZ","02 Jan 1981","Argentina","Midfielder","ENG","Maximiliano Ruben","20","173","RODRIGUEZ M."
"Mariano ANDUJAR","Catania","ANDUJAR","30 Jul 1983","Argentina","Goalkeeper","ITA","Mariano","21","180","ANDUJAR"
"Sergio ROMERO","AZ Alkmaar","ROMERO","22 Feb 1987","Argentina","Goalkeeper","NED","Sergio German","22","191","ROMERO"
"Javier PASTORE","Palermo","PASTORE","20 Jun 1989","Argentina","Midfielder","ITA","Javier","23","173","PASTORE"
"Mark SCHWARZER","Fulham","SCHWARZER","06 Oct 1972","Australia","Goalkeeper","ENG","Mark","1","196","SCHWARZER"
"Lucas NEILL","Galatasaray","NEILL","09 Mar 1978","Australia","Defender","TUR","Lucas Edward","2","185","NEILL"
"Craig MOORE","No club affiliation","MOORE","12 Dec 1975","Australia","Defender","UNK","Craig Andrew","3","186","MOORE"
"Tim CAHILL","Everton","CAHILL","06 Dec 1979","Australia","Forward","ENG","Timothy Filiga","4","180","CAHILL"
"Jason CULINA","Gold Coast United","CULINA","05 Aug 1980","Australia","Midfielder","AUS","Jason","5","175","CULINA"
"Michael BEAUCHAMP","Al Jazira","BEAUCHAMP","08 Mar 1981","Australia","Defender","UAE","Michael Francis","6","191","BEAUCHAMP"
"Brett EMERTON","Blackburn Rovers","EMERTON","22 Feb 1979","Australia","Midfielder","ENG","Brett Michael","7","185","EMERTON"
"Luke WILKSHIRE","Dynamo Moscow","WILKSHIRE","02 Oct 1981","Australia","Defender","RUS","Luke","8","177","WILKSHIRE"
"Joshua KENNEDY","Nagoya Grampus Eight","KENNEDY","20 Aug 1982","Australia","Forward","JPN","Joshua Blake","9","192","KENNEDY"
"Harry KEWELL","Galatasaray","KEWELL","22 Sep 1978","Australia","Forward","TUR","Harry","10","183","KEWELL"
"Scott CHIPPERFIELD","Basel","CHIPPERFIELD","30 Dec 1975","Australia","Defender","SUI","Scott Kenneth","11","180","CHIPPERFIELD"
"Adam FEDERICI","Reading","FEDERICI","31 Jan 1985","Australia","Goalkeeper","ENG","Adam Jay","12","188","FEDERICI"
"Vince GRELLA","Blackburn Rovers","GRELLA","05 Oct 1979","Australia","Midfielder","ENG","Vincenzo","13","183","GRELLA"
"Brett HOLMAN","AZ Alkmaar","HOLMAN","27 Mar 1984","Australia","Forward","NED","Brett Trevor","14","176","HOLMAN"
"Mile JEDINAK","Antalyaspor","JEDINAK","03 Aug 1984","Australia","Midfielder","TUR","Michael John","15","188","JEDINAK"
"Carl VALERI","Sassuolo","VALERI","14 Aug 1984","Australia","Midfielder","ITA","Carl","16","180","VALERI"
"Nikita RUKAVYTSYA","Twente Enschede","RUKAVYTSYA","22 Jun 1987","Australia","Forward","NED","Nikita","17","183","RUKAVYTSYA"
"Brad JONES","Middlesbrough","JONES","19 Mar 1982","Australia","Goalkeeper","ENG","Bradley Scott","18","193","JONES"
"Richard GARCIA","Hull City","GARCIA","04 Sep 1981","Australia","Forward","ENG","Richard","19","180","GARCIA"
"Mark MILLIGAN","JEF United Ichihara","MILLIGAN","04 Aug 1985","Australia","Defender","JPN","Mark Daniel","20","178","MILLIGAN"
"David CARNEY","Twente Enschede","CARNEY","30 Nov 1983","Australia","Defender","NED","David Raymond","21","181","CARNEY"
"Dario VIDOSIC","MSV Duisburg","VIDOSIC","08 Apr 1987","Australia","Midfielder","GER","Dario","22","185","VIDOSIC"
"Marco BRESCIANO","Palermo","BRESCIANO","11 Feb 1980","Australia","Forward","ITA","Mark","23","182","BRESCIANO"
"JULIO CESAR","Inter","SOARES DE ESPINDOLA","03 Sep 1979","Brazil","Goalkeeper","ITA","Julio Cesar","1","186","JULIO CESAR"
"MAICON","Inter","SISENANDO","26 Jul 1981","Brazil","Defender","ITA","Maicon Douglas","2","186","MAICON"
"LUCIO","Inter","DA SILVA FERREIRA","08 May 1978","Brazil","Defender","ITA","Lucimar","3","188","LCIO"
"JUAN","AS Roma","SILVEIRA DOS SANTOS","01 Feb 1979","Brazil","Defender","ITA","Juan","4","182","JUAN"
"FELIPE MELO","Juventus","MELO DE CARVALHO","26 Jun 1983","Brazil","Midfielder","ITA","Felipe","5","183","FELIPE MELO"
"MICHEL BASTOS","Lyon","FERNANDES BASTOS","02 Aug 1983","Brazil","Defender","FRA","Michel M.","6","179","BASTOS"
"ELANO","Galatasaray","BLUMER","14 Jun 1981","Brazil","Midfielder","TUR","Elano","7","174","ELANO"
"GILBERTO SILVA","Panathinaikos","DA SILVA","07 Oct 1976","Brazil","Midfielder","GRE","Gilberto Aparecido","8","184","G. SILVA"
"LUIS FABIANO","Sevilla FC","CLEMENTE","08 Nov 1980","Brazil","Forward","ESP","Luis Fabiano","9","186","L. FABIANO"
"KAKA","Real Madrid","IZECSON DOS SANTOS LEITE","22 Apr 1982","Brazil","Midfielder","ESP","Ricardo","10","186","KAK"
"ROBINHO","Santos","DE SOUZA","25 Jan 1984","Brazil","Forward","BRA","Robson","11","175","ROBINHO"
"GOMES","Tottenham Hotspur","DA SILVA GOMES","15 Feb 1981","Brazil","Goalkeeper","ENG","Heurelho","12","191","GOMES"
"DANI ALVES","Barcelona","ALVES DA SILVA","06 May 1983","Brazil","Defender","ESP","Daniel D.","13","173","ALVES"
"LUISAO","Benfica","DA SILVA","13 Feb 1981","Brazil","Defender","POR","Anderson Luis","14","193","LUISO"
"THIAGO SILVA","AC Milan","DA SILVA","22 Sep 1984","Brazil","Defender","ITA","Thiago Emiliano","15","183","T. SILVA"
"GILBERTO MELO","Cruzeiro","DA SILVA MELO","25 Apr 1976","Brazil","Defender","BRA","Gilberto","16","180","GILBERTO"
"JOSUE","Wolfsburg","DE OLIVEIRA","19 Jul 1979","Brazil","Midfielder","GER","Josu Anunciado","17","169","JOSU"
"RAMIRES","Benfica","SANTOS DO NASCIMENTO","24 Mar 1987","Brazil","Midfielder","POR","Ramires","18","179","RAMIRES"
"JULIO BAPTISTA","AS Roma","BAPTISTA","01 Oct 1981","Brazil","Midfielder","ITA","Julio Cesar J.","19","185","BAPTISTA"
"KLEBERSON","Flamengo","PEREIRA","19 Jun 1979","Brazil","Midfielder","BRA","Jos Kleberson","20","175","KLEBERSON"
"NILMAR","Villarreal","HONORATO DA SILVA","14 Jul 1984","Brazil","Forward","ESP","Nilmar","21","180","NILMAR"
"DONI","AS Roma","MARANGON","22 Oct 1979","Brazil","Goalkeeper","ITA","Donieber Alexander","22","194","DONI"
"GRAFITE","Wolfsburg","LIBANIO BATISTA","02 Apr 1979","Brazil","Forward","GER","Edinaldo","23","189","GRAFITE"
"Idriss KAMENI","Espanyol","KAMENI","18 Feb 1984","Cameroon","Goalkeeper","ESP","Idris Carlos","1","185","KAMENI"
"Benoit ASSOU-EKOTTO","Tottenham Hotspur","ASSOU-EKOTTO","24 Mar 1984","Cameroon","Defender","ENG","Benoit","2","178","ASSOU EKOTTO"
"Nicolas NKOULOU","Monaco","NKOULOU NDOUBENA","27 Mar 1990","Cameroon","Defender","FRA","Nicolas Julio","3","185","NKOULOU"
"Rigobert SONG","Trabzonspor","SONG BAHANAG","01 Jul 1976","Cameroon","Defender","TUR","Rigobert","4","185","SONG"
"Sebastien BASSONG","Tottenham Hotspur","BASSONG NGUEMA","09 Jul 1986","Cameroon","Defender","ENG","Sebastien Aymer","5","187","BASSONG"
"Alexandre SONG","Arsenal","SONG BILONG","09 Sep 1987","Cameroon","Midfielder","ENG","Alexandre Dimitri","6","183","A. SONG"
"Landry NGUEMO","Celtic","TSAFACK NGUEMO","28 Nov 1985","Cameroon","Midfielder","SCO","Joel Landry","7","172","NGUEMO"
"GEREMI","Ankaragucu","NJITAP FOTSO","20 Dec 1978","Cameroon","Defender","TUR","Geremi Sorelle","8","177","NJITAP"
"Samuel ETOO","Inter","ETO'O FILS","10 Mar 1981","Cameroon","Forward","ITA","Samuel","9","178","ETO'O"
"Achille EMANA","Betis Sevilla","EMANA EDZIMBI","05 Jun 1982","Cameroon","Forward","ESP","Achille","10","180","EMANA"
"Jean MAKOUN","Lyon","MAKOUN","29 May 1983","Cameroon","Midfielder","FRA","Jean II","11","170","MAKOUN"
"Gaetan BONG","Valenciennes","BONG","25 Apr 1988","Cameroon","Defender","FRA","Thomas Gatan","12","183","BONG"
"Eric CHOUPO MOTING","Nuremberg","CHOUPO MOTING","23 Mar 1989","Cameroon","Forward","GER","Eric Maxim","13","190","CHOUPO - MOTING"
"Aurelien CHEDJOU","Lille","CHEDJOU FONGANG","20 Jun 1985","Cameroon","Defender","FRA","Aurelien Bayard","14","185","CHEDJOU"
"Pierre WEBO","Mallorca","WEBO KOUAMO","20 Jan 1982","Cameroon","Forward","ESP","Pierre Achille","15","180","WEBO"
"Souleymanou HAMIDOU","Kayserispor","HAMIDOU","22 Nov 1973","Cameroon","Goalkeeper","TUR","Souleymanou","16","187","SOULEYMANOU"
"Mohamadou IDRISSOU","SC Freiburg","IDRISSOU","08 Mar 1980","Cameroon","Forward","GER","Mohamadou","17","190","IDRISSOU"
"Eyong ENOH","Ajax","TARKANG ENOH","23 Mar 1986","Cameroon","Midfielder","NED","Eyong","18","180","EYONG"
"Stephane MBIA","Marseille","MBIA ETOUNDI","20 May 1986","Cameroon","Defender","FRA","Stephane","19","190","MBIA"
"Georges MANDJECK","Kaiserslautern","MANDJECK","09 Dec 1988","Cameroon","Midfielder","GER","Georges Constant","20","181","MANDJECK"
"Joel MATIP","Schalke 04","MATIP JOB","08 Aug 1991","Cameroon","Midfielder","GER","Joel Andre","21","194","MATIP"
"Guy NDY","Valenciennes","NDY ASSEMBE","28 Feb 1986","Cameroon","Goalkeeper","FRA","Guy Roland","22","185","NDY ASSEMBE"
"Vincent ABOUBAKAR","Coton Sport","ABOUBAKAR","22 Jan 1992","Cameroon","Forward","CMR","Vincent","23","176","ABOUBAKAR"
"Claudio BRAVO","Real Sociedad","BRAVO MUNOZ","13 Apr 1983","Chile","Goalkeeper","ESP","Claudio Andres","1","183","BRAVO"
"Ismael FUENTES","Univ. Catolica","FUENTES CASTRO","04 Aug 1981","Chile","Defender","CHI","Ismael Ignacio","2","181","FUENTES"
"Waldo PONCE","Univ. Catolica","PONCE CARRIZO","04 Dec 1982","Chile","Defender","CHI","Waldo Alonso","3","183","PONCE"
"Mauricio ISLA","Udinese","ISLA ISLA","12 Jun 1988","Chile","Defender","ITA","Mauricio Anibal","4","177","ISLA"
"Pablo CONTRERAS","PAOK","CONTRERAS FICA","11 Sep 1978","Chile","Defender","GRE","Pablo Andres","5","178","CONTRERAS"
"Carlos CARMONA","Reggina","CARMONA TELLO","21 Feb 1987","Chile","Midfielder","ITA","Carlos Emilio","6","179","CARMONA"
"Alexis SANCHEZ","Udinese","SANCHEZ SANCHEZ","19 Dec 1988","Chile","Forward","ITA","Alexis Alejandro","7","168","SANCHEZ"
"Arturo VIDAL","Bayer Leverkusen","VIDAL PARDO","22 May 1987","Chile","Midfielder","GER","Arturo Erasmo","8","178","VIDAL"
"Humberto SUAZO","Zaragoza","SUAZO PONTIVO","10 May 1981","Chile","Forward","ESP","Humberto Andres","9","171","SUAZO"
"Jorge VALDIVIA","Al Ain","VALDIVIA TORO","19 Oct 1983","Chile","Midfielder","UAE","Jorge Luis","10","173","VALDIVIA"
"Mark GONZALEZ","CSKA Moscow","GONZALEZ HOFFMANN","10 Jul 1984","Chile","Forward","RUS","Mark Dennis M.","11","175","GONZALEZ"
"Miguel PINTO","Univ. de Chile","PINTO JEREZ","04 Jul 1983","Chile","Goalkeeper","CHI","Miguel Angel","12","180","PINTO"
"Marco ESTRADA","Univ. de Chile","ESTRADA QUINTEROS","28 May 1983","Chile","Midfielder","CHI","Marco Andres","13","174","ESTRADA"
"Matias FERNANDEZ","Sporting Lisbon","FERNANDEZ FERNANDEZ","15 May 1986","Chile","Midfielder","POR","Matias Ariel","14","176","FERNANDEZ"
"Jean BEAUSEJOUR","America","BEAUSEJOUR COLIQUEO","01 Jun 1984","Chile","Forward","MEX","Jean Andre","15","178","BEAUSEJOUR"
"Fabian ORELLANA","Xerez","ORELLANA VALENZUELA","27 Jan 1986","Chile","Forward","ESP","Fabian Ariel","16","168","ORELLANA"
"Gary MEDEL","Boca Juniors","MEDEL SOTO","03 Aug 1987","Chile","Defender","ARG","Gary Alexis","17","171","MEDEL"
"Gonzalo JARA","West Bromwich Albion","JARA REYES","29 Aug 1985","Chile","Defender","ENG","Gonzalo Alejandro","18","177","JARA"
"Gonzalo FIERRO","Flamengo","FIERRO CANIULLAN","21 Mar 1983","Chile","Midfielder","BRA","Gonzalo Antonio","19","171","FIERRO"
"Rodrigo MILLAR","Colo Colo","MILLAR CARVAJAL","03 Nov 1981","Chile","Midfielder","CHI","Rodrigo Javier","20","182","MILLAR"
"Rodrigo TELLO","Besiktas","TELLO VALENZUELA","14 Oct 1979","Chile","Midfielder","TUR","Rodrigo Alvaro","21","171","TELLO"
"Esteban PAREDES","Colo Colo","PAREDES QUINTANILLA","01 Aug 1980","Chile","Forward","CHI","Esteban Efrain","22","179","PAREDES"
"Luis MARIN","Union Espanola","MARIN BARAHONA","18 May 1983","Chile","Goalkeeper","CHI","Luis Antonio","23","186","MARIN"
"Boubacar BARRY","Lokeren","BARRY","30 Dec 1979","Cte d'Ivoire","Goalkeeper","BEL","Boubacar","1","180","BARRY"
"Brou ANGOUA","Valenciennes","ANGOUA","28 Nov 1986","Cte d'Ivoire","Defender","FRA","Brou Benjamin","2","178","ANGOUA"
"Arthur BOKA","VfB Stuttgart","BOKA","02 Apr 1983","Cte d'Ivoire","Defender","GER","Etienne Arthur","3","166","BOKA"
"Kolo TOURE","Manchester City","TOURE","19 Mar 1981","Cte d'Ivoire","Defender","ENG","Kolo Habib","4","183","TOURE KOLO"
"Didier ZOKORA","Sevilla FC","ZOKORA","14 Dec 1980","Cte d'Ivoire","Midfielder","ESP","Alain Didier Deguy","5","183","ZOKORA"
"Steve GOHOURI","Wigan","GOHOURI","08 Feb 1981","Cte d'Ivoire","Defender","ENG","Lohore Steve Ulrich","6","187","GOHOURI"
"Seydou DOUMBIA","Young Boys","DOUMBIA","31 Dec 1987","Cte d'Ivoire","Forward","SUI","Seydou","7","183","DOUMBIA"
"Salomon KALOU","Chelsea","KALOU","05 Aug 1985","Cte d'Ivoire","Forward","ENG","Salomon Armand Magloire","8","175","KALOU"
"Ismael TIOTE","Twente Enschede","TIOTE CHEIK","21 Jun 1986","Cte d'Ivoire","Midfielder","NED","Ismael","9","175","TIOTE"
"GERVINHO","Lille","YAO KOUASSI","27 May 1987","Cte d'Ivoire","Forward","FRA","Gervais","10","179","GERVINHO"
"Didier DROGBA","Chelsea","DROGBA TEBILY","11 Mar 1978","Cte d'Ivoire","Forward","ENG","Didier Yves","11","180","DROGBA"
"Jean Jacques GOSSO","Monaco","GOSSO","15 Mar 1983","Cte d'Ivoire","Midfielder","FRA","Jean Jacques","12","177","GOSSO"
"ROMARIC","Sevilla FC","N'DRI","04 Jun 1983","Cte d'Ivoire","Midfielder","ESP","Koffi Christian Romaric","13","187","ROMARIC"
"Emmanuel KONE","International","KONE KOUAMATIEN","31 Dec 1986","Cte d'Ivoire","Midfielder","ROU","Emmanuel","14","177","KONE"
"Aruna DINDANE","Portsmouth","DINDANE","26 Nov 1980","Cte d'Ivoire","Forward","ENG","Aruna","15","174","DINDANE"
"Aristide ZOGBO","Maccabi Netanya","ZOGBO","30 Dec 1981","Cte d'Ivoire","Goalkeeper","ISR","Aristide Benoit","16","183","ZOGBO"
"Siaka TIENE","Valenciennes","TIENE","22 Feb 1982","Cte d'Ivoire","Defender","FRA","Siaka","17","176","TIENE"
"Kader KEITA","Lyon","KEITA","06 Aug 1981","Cte d'Ivoire","Forward","FRA","Abdul Kader","18","184","KEITA"
"Yaya TOURE","Barcelona","TOURE","13 May 1983","Cte d'Ivoire","Midfielder","ESP","Yaya Gnegneri","19","189","TOURE YAYA"
"Guy DEMEL","Hamburger SV","DEMEL","13 Jun 1981","Cte d'Ivoire","Defender","GER","Guy","20","191","DEMEL"
"Emmanuel EBOUE","Arsenal","EBOUE","04 Jun 1983","Cte d'Ivoire","Defender","ENG","Emmanuel","21","178","EBOUE"
"Souleymane BAMBA","Hibernian","BAMBA","13 Jan 1985","Cte d'Ivoire","Defender","SCO","Souleman","22","190","BAMBA"
"Daniel YEBOAH","ASEC Mimosas","YEBOAH","13 Nov 1984","Cte d'Ivoire","Goalkeeper","CIV","Daniel Techi","23","187","YEBOAH"
"Thomas SORENSEN","Stoke City","SORENSEN","12 Jun 1976","Denmark","Goalkeeper","ENG","Thomas Lvendahl","1","185","SRENSEN"
"Christian POULSEN","Juventus","POULSEN","28 Feb 1980","Denmark","Midfielder","ITA","Christian Bjrnshj","2","182","C. POULSEN"
"Simon KJAER","Palermo","KJAER","26 Mar 1989","Denmark","Defender","ITA","Simon Thorup","3","191","KJR"
"Daniel AGGER","Liverpool","AGGER","12 Dec 1984","Denmark","Defender","ENG","Daniel Munthe","4","188","AGGER"
"William KVIST","Copenhagen","KVIST JRGENSEN","24 Feb 1985","Denmark","Midfielder","DEN","William","5","185","KVIST"
"Lars JACOBSEN","Blackburn Rovers","JACOBSEN","20 Sep 1979","Denmark","Defender","ENG","Lars Christian","6","184","L. JACOBSEN"
"Daniel JENSEN","Werder Bremen","JENSEN","25 Jun 1979","Denmark","Midfielder","GER","Daniel Monberg","7","180","JENSEN"
"Jesper GRONKJAER","Copenhagen","GRONKJAER","12 Aug 1977","Denmark","Forward","DEN","Jesper","8","187","GRNKJR"
"Jon Dahl TOMASSON","Feyenoord","TOMASSON","29 Aug 1976","Denmark","Forward","NED","Jon Dahl","9","182","TOMASSON"
"Martin JORGENSEN","AGF Aarhus","JORGENSEN","06 Oct 1976","Denmark","Midfielder","DEN","Lars Martin","10","180","JRGENSEN"
"Nicklas BENDTNER","Arsenal","BENDTNER","16 Jan 1988","Denmark","Forward","ENG","Nicklas","11","194","BENDTNER"
"Thomas KAHLENBERG","Wolfsburg","KAHLENBERG","20 Mar 1983","Denmark","Midfielder","GER","Thomas","12","185","KAHLENBERG"
"Per KROLDRUP","Fiorentina","KROLDRUP","31 Jul 1979","Denmark","Defender","ITA","Per Billeskov","13","194","KRLDRUP"
"Jakob POULSEN","AGF Aarhus","POULSEN","07 Jul 1983","Denmark","Midfielder","DEN","Jakob Bendix Uhd","14","185","J. POULSEN"
"Simon POULSEN","AZ Alkmaar","BUSK POULSEN","07 Apr 1984","Denmark","Defender","NED","Simon","15","187","S.B. POULSEN"
"Stephan ANDERSEN","Brondby","ANDERSEN","26 Nov 1981","Denmark","Goalkeeper","DEN","Stephan Maigaard","16","188","ANDERSEN"
"Mikkel BECKMANN","Randers","BECKMANN","24 Oct 1983","Denmark","Forward","DEN","Mikkel","17","178","BECKMANN"
"Soren LARSEN","MSV Duisburg","LARSEN","06 Sep 1981","Denmark","Forward","GER","Soren","18","194","LARSEN"
"Dennis ROMMEDAHL","Ajax","ROMMEDAHL","22 Jul 1978","Denmark","Forward","NED","Dennis","19","178","ROMMEDAHL"
"Thomas ENEVOLDSEN","Groningen","ENEVOLDSEN","27 Jul 1987","Denmark","Midfielder","NED","Thomas","20","182","ENEVOLDSEN"
"Christian ERIKSEN","Ajax","ERIKSEN","14 Feb 1992","Denmark","Midfielder","NED","Christian Dannemann","21","181","ERIKSEN"
"Jesper CHRISTIANSEN","Copenhagen","RINGSBORG CHRISTIANSEN","24 Apr 1978","Denmark","Goalkeeper","DEN","Jesper","22","192","CHRISTIANSEN"
"Patrick MTILIGA","Malaga","MTILIGA","28 Jan 1981","Denmark","Defender","ESP","Patrick Jan","23","170","MTILIGA"
"David JAMES","Portsmouth","JAMES","01 Aug 1970","England","Goalkeeper","ENG","David Benjamin","1","196","JAMES"
"Glen JOHNSON","Liverpool","JOHNSON","23 Aug 1984","England","Defender","ENG","Glen","2","178","JOHNSON"
"Ashley COLE","Chelsea","COLE","20 Dec 1980","England","Defender","ENG","Ashley","3","173","A COLE"
"Steven GERRARD","Liverpool","GERRARD","30 May 1980","England","Midfielder","ENG","Steven George","4","185","GERRARD"
"Rio FERDINAND","Manchester Utd.","FERDINAND","07 Nov 1978","England","Defender","ENG","Rio Gavin","5","188","FERDINAND"
"John TERRY","Chelsea","TERRY","07 Dec 1980","England","Defender","ENG","John George","6","188","TERRY"
"Aaron LENNON","Tottenham Hotspur","LENNON","16 Apr 1987","England","Midfielder","ENG","Aaron","7","165","LENNON"
"Frank LAMPARD","Chelsea","LAMPARD","20 Jun 1978","England","Midfielder","ENG","Frank James","8","183","LAMPARD"
"Peter CROUCH","Tottenham Hotspur","CROUCH","30 Jan 1981","England","Forward","ENG","Peter James","9","201","CROUCH"
"Wayne ROONEY","Manchester Utd.","ROONEY","24 Oct 1985","England","Forward","ENG","Wayne Mark","10","178","ROONEY"
"Joe COLE","Chelsea","COLE","08 Nov 1981","England","Midfielder","ENG","Joseph John","11","175","J COLE"
"Robert GREEN","West Ham Utd.","GREEN","18 Jan 1980","England","Goalkeeper","ENG","Robert Paul","12","187","GREEN"
"Stephen WARNOCK","Aston Villa","WARNOCK","12 Dec 1981","England","Defender","ENG","Stephen","13","175","WARNOCK"
"Gareth BARRY","Manchester City","BARRY","23 Feb 1981","England","Midfielder","ENG","Gareth","14","180","BARRY"
"Matt UPSON","West Ham Utd.","UPSON","18 Apr 1979","England","Defender","ENG","Matthew","15","185","UPSON"
"James MILNER","Aston Villa","MILNER","04 Jan 1986","England","Midfielder","ENG","James","16","170","MILNER"
"Shaun WRIGHT-PHILLIPS","Manchester City","WRIGHT-PHILLIPS","25 Oct 1981","England","Midfielder","ENG","Shaun Cameron","17","168","WRIGHT-PHILLIPS"
"Jamie CARRAGHER","Liverpool","CARRAGHER","28 Jan 1978","England","Defender","ENG","James Lee","18","185","CARRAGHER"
"Jermain DEFOE","Tottenham Hotspur","DEFOE","07 Oct 1982","England","Forward","ENG","Jermain Colin","19","170","DEFOE"
"Ledley KING","Tottenham Hotspur","KING","12 Oct 1980","England","Defender","ENG","Ledley Brenton","20","188","KING"
"Emile HESKEY","Aston Villa","HESKEY","11 Jan 1978","England","Forward","ENG","Emile William Ivanhoe","21","188","HESKEY"
"Michael CARRICK","Manchester Utd.","CARRICK","28 Jul 1981","England","Midfielder","ENG","Michael","22","183","CARRICK"
"Joe HART","Birmingham City","HART","19 Apr 1987","England","Goalkeeper","ENG","Joe","23","191","HART"
"Hugo LLORIS","Lyon","LLORIS","26 Dec 1986","France","Goalkeeper","FRA","Hugo","1","188","LLORIS"
"Bakari SAGNA","Arsenal","SAGNA","14 Feb 1983","France","Defender","ENG","Bakari","2","175","SAGNA"
"Eric ABIDAL","Barcelona","ABIDAL","11 Sep 1979","France","Defender","ESP","Eric Sylvain","3","180","ABIDAL"
"Anthony REVEILLERE","Lyon","REVEILLERE","10 Nov 1979","France","Defender","FRA","Anthony","4","181","REVEILLERE"
"William GALLAS","Arsenal","GALLAS","17 Aug 1977","France","Defender","ENG","William Eric","5","181","GALLAS"
"Marc PLANUS","Bordeaux","PLANUS","07 Mar 1982","France","Defender","FRA","Marc","6","183","PLANUS"
"Franck RIBERY","Bayern Munich","RIBRY","07 Apr 1983","France","Forward","GER","Franck","7","175","RIBERY"
"Yoann GOURCUFF","Bordeaux","GOURCUFF","11 Jul 1986","France","Midfielder","FRA","Yoann Miguel","8","185","GOURCUFF"
"Djibril CISSE","Panathinaikos","CISSE","12 Aug 1981","France","Forward","GRE","Djibril","9","182","CISSE"
"Sidney GOVOU","Lyon","GOVOU","27 Jul 1979","France","Forward","FRA","Sidney Rodrigue Noukpo","10","175","GOVOU"
"Andre Pierre GIGNAC","Toulouse","GIGNAC","05 Dec 1985","France","Forward","FRA","Andr Pierre","11","187","GIGNAC"
"Thierry HENRY","Barcelona","HENRY","17 Aug 1977","France","Forward","ESP","Thierry Daniel","12","188","HENRY"
"Patrice EVRA","Manchester Utd.","EVRA","15 May 1981","France","Defender","ENG","Patrice Latyr","13","171","EVRA"
"Jeremy TOULALAN","Lyon","TOULALAN","10 Sep 1983","France","Midfielder","FRA","Jeremy","14","183","TOULALAN"
"Florent MALOUDA","Chelsea","MALOUDA","13 Jun 1980","France","Midfielder","ENG","Florent","15","184","MALOUDA"
"Steve MANDANDA","Marseille","MANDANDA","28 Mar 1985","France","Goalkeeper","FRA","Steve","16","185","MANDANDA"
"Sebastien SQUILLACI","Sevilla FC","SQUILLACI","11 Aug 1980","France","Defender","ESP","Sbastien","17","184","SQUILLACI"
"Alou DIARRA","Bordeaux","DIARRA","15 Jul 1981","France","Midfielder","FRA","Alou","18","190","A. DIARRA"
"Abou DIABY","Arsenal","DIABY","11 May 1986","France","Midfielder","ENG","Abou","19","188","DIABY"
"Mathieu VALBUENA","Marseille","VALBUENA","28 Sep 1984","France","Forward","FRA","Mathieu","20","167","VALBUENA"
"Nicolas ANELKA","Chelsea","ANELKA","14 Mar 1979","France","Forward","ENG","Nicolas Sebastien","21","185","ANELKA"
"Gael CLICHY","Arsenal","CLICHY","26 Jul 1985","France","Defender","ENG","Gael","22","181","CLICHY"
"Cedric CARRASSO","Bordeaux","CARRASSO","30 Dec 1981","France","Goalkeeper","FRA","Cedric","23","187","CARRASSO"
"Manuel NEUER","Schalke 04","NEUER","27 Mar 1986","Germany","Goalkeeper","GER","Manuel","1","190","NEUER"
"Marcell JANSEN","Hamburger SV","JANSEN","04 Nov 1985","Germany","Midfielder","GER","Marcell","2","190","JANSEN"
"Arne FRIEDRICH","Hertha Berlin","FRIEDRICH","29 May 1979","Germany","Defender","GER","Arne","3","185","FRIEDRICH"
"Dennis AOGO","Hamburger SV","AOGO","14 Jan 1987","Germany","Defender","GER","Dennis","4","184","AOGO"
"Serdar TASCI","VfB Stuttgart","TASCI","24 Apr 1987","Germany","Defender","GER","Serdar","5","186","TASCI"
"Sami KHEDIRA","VfB Stuttgart","KHEDIRA","04 Apr 1987","Germany","Midfielder","GER","Sami","6","189","KHEDIRA"
"Bastian SCHWEINSTEIGER","Bayern Munich","SCHWEINSTEIGER","01 Aug 1984","Germany","Midfielder","GER","Bastian","7","180","SCHWEINSTEIGER"
"Mesut OEZIL","Werder Bremen","ZIL","15 Oct 1988","Germany","Midfielder","GER","Mesut","8","182","ZIL"
"Stefan KIESSLING","Bayer Leverkusen","KIESSLING","25 Jan 1984","Germany","Forward","GER","Stefan","9","191","KIESSLING"
"Lukas PODOLSKI","FC Cologne","PODOLSKI","04 Jun 1985","Germany","Forward","GER","Lukas Josef","10","180","PODOLSKI"
"Miroslav KLOSE","Bayern Munich","KLOSE","09 Jun 1978","Germany","Forward","GER","Miroslaw Josef","11","182","KLOSE"
"Tim WIESE","Werder Bremen","WIESE","17 Dec 1981","Germany","Goalkeeper","GER","Tim","12","193","WIESE"
"Thomas MUELLER","Bayern Munich","MLLER","13 Sep 1989","Germany","Midfielder","GER","Thomas","13","186","MLLER"
"Holger BADSTUBER","Bayern Munich","BADSTUBER","13 Mar 1989","Germany","Defender","GER","Holger","14","190","BADSTUBER"
"Piotr TROCHOWSKI","Hamburger SV","TROCHOWSKI","22 Mar 1984","Germany","Midfielder","GER","Piotr Artur","15","168","TROCHOWSKI"
"Philipp LAHM","Bayern Munich","LAHM","11 Nov 1983","Germany","Defender","GER","Philipp","16","170","LAHM"
"Per MERTESACKER","Werder Bremen","MERTESACKER","29 Sep 1984","Germany","Defender","GER","Per","17","196","MERTESACKER"
"Toni KROOS","Bayer Leverkusen","KROOS","04 Jan 1990","Germany","Midfielder","GER","Toni","18","180","KROOS"
"CACAU","VfB Stuttgart","BARRETO","27 Mar 1981","Germany","Forward","GER","Claudemir Jeronimo","19","180","CACAU"
"Jerome BOATENG","Hamburger SV","BOATENG","03 Sep 1988","Germany","Defender","GER","Jerome","20","192","BOATENG"
"Marko MARIN","Werder Bremen","MARIN","13 Mar 1989","Germany","Midfielder","GER","Marko","21","169","MARIN"
"Hans Joerg BUTT","Bayern Munich","BUTT","28 May 1974","Germany","Goalkeeper","GER","Hans Jrg","22","191","BUTT"
"Mario GOMEZ","Bayern Munich","GOMEZ GARCIA","10 Jul 1985","Germany","Forward","GER","Mario","23","189","GOMEZ"
"Daniel AGYEI","Liberty","AGYEI","10 Nov 1989","Ghana","Goalkeeper","GHA","Daniel","1","186","AGYEI"
"Hans SARPEI","Bayer Leverkusen","SARPEI","28 Jun 1976","Ghana","Defender","GER","Hans Adu","2","178","SARPEI"
"Asamoah GYAN","Rennes","GYAN","22 Nov 1985","Ghana","Forward","FRA","Asamoah","3","186","A. GYAN"
"John PANTSIL","Fulham","PANTSIL","15 Jun 1981","Ghana","Defender","ENG","John","4","178","PANTSIL"
"John MENSAH","Sunderland","MENSAH","29 Nov 1982","Ghana","Defender","ENG","John","5","177","MENSAH"
"Anthony ANNAN","Rosenborg","ANNAN","21 Jul 1986","Ghana","Midfielder","NOR","Anthony","6","171","ANNAN"
"Samuel INKOOM","Basel","INKOOM","01 Jun 1989","Ghana","Defender","SUI","Samuel","7","179","INKOOM"
"Jonathan MENSAH","Free State Stars","MENSAH","13 Jul 1990","Ghana","Defender","RSA","Jonathan","8","182","JONATHAN"
"Derek BOATENG","Getafe","BOATENG","02 May 1983","Ghana","Midfielder","ESP","Derek Owusu","9","185","D. BOATENG"
"Stephen APPIAH","Bologna","APPIAH","24 Dec 1980","Ghana","Midfielder","ITA","Stephen","10","178","S. APPIAH"
"Sulley MUNTARI","Inter","MUNTARI","27 Aug 1984","Ghana","Midfielder","ITA","Sulley Ali","11","180","MUNTARI"
"Prince TAGOE","Hoffenheim","TAGOE","09 Nov 1986","Ghana","Forward","GER","Prince","12","179","TAGOE"
"Andre AYEW","Arles","AYEW","17 Dec 1989","Ghana","Midfielder","FRA","Andre Morgan Rami","13","175","A. AYEW"
"Matthew AMOAH","NAC Breda","AMOAH","24 Oct 1980","Ghana","Forward","NED","Matthew","14","175","AMOAH"
"Isaac VORSAH","Hoffenheim","VORSAH","21 Jun 1988","Ghana","Defender","GER","Isaac","15","180","VORSAH"
"Stephen AHORLU","Heart of Lions","AHORLU","05 Sep 1988","Ghana","Goalkeeper","GHA","Stephen","16","179","AHORLU"
"Ibrahim AYEW","Zamalek","AYEW","16 Apr 1988","Ghana","Defender","EGY","Ibrahim","17","176","I. AYEW"
"Dominic ADIYIAH","AC Milan","ADIYIAH","29 Nov 1989","Ghana","Forward","ITA","Dominic","18","170","ADIYIAH"
"Lee ADDY","Bechem Chelsea","ADDY","26 Sep 1985","Ghana","Defender","GHA","Lee","19","178","ADDY"
"Quincy OWUSU-ABEYIE","Al Sadd","OWUSU-ABEYIE","15 Apr 1986","Ghana","Forward","QAT","Quincy Jamie","20","180","OWUSU ABEYIE"
"Kwadwo ASAMOAH","Udinese","ASAMOAH","09 Dec 1988","Ghana","Midfielder","ITA","Kwadwo","21","168","K. ASAMOAH"
"Richard KINGSON","Wigan","KINGSON","13 Jun 1978","Ghana","Goalkeeper","ENG","Richard","22","182","KINGSON"
"Kevin Prince BOATENG","Portsmouth","BOATENG","06 Mar 1987","Ghana","Forward","ENG","Kevin Prince","23","182","PRINCE"
"Konstantinos CHALKIAS","PAOK","CHALKIAS","30 May 1974","Greece","Goalkeeper","GRE","Konstantinos","1","198","CHALKIAS"
"Giourkas SEITARIDIS","Panathinaikos","SEITARIDIS","04 Jun 1981","Greece","Defender","GRE","Georgios","2","185","GIOURKAS"
"Christos PATSATZOGLOU","Omonia","PATSATZOGLOU","19 Mar 1979","Greece","Defender","CYP","Christos","3","183","PATSA"
"Nikos SPIROPOULOS","Panathinaikos","SPYROPOULOS","10 Oct 1983","Greece","Defender","GRE","Nikolaos","4","171","SPYROPOULOS"
"Vangelis MORAS","Bologna","MORAS","26 Aug 1981","Greece","Defender","ITA","Evangelos","5","193","MORAS"
"Alexandros TZIOLIS","Siena","TZIOLIS","13 Feb 1985","Greece","Midfielder","ITA","Alexandros","6","190","TZIOLIS"
"Georgios SAMARAS","Celtic","SAMARAS","21 Feb 1985","Greece","Forward","SCO","Georgios","7","192","SAMARAS"
"Avraam PAPADOPOULOS","Olympiacos","PAPADOPOULOS","03 Dec 1984","Greece","Defender","GRE","Avraam","8","186","PAPADOPOULOS"
"Angelos CHARISTEAS","Nuremberg","CHARISTEAS","09 Feb 1980","Greece","Forward","GER","Angelos","9","191","CHARISTEAS"
"Georgios KARAGOUNIS","Panathinaikos","KARAGKOUNIS","06 Mar 1977","Greece","Midfielder","GRE","Georgios","10","176","KARAGOUNIS"
"Loukas VYNTRA","Panathinaikos","VYNTRA","05 Feb 1981","Greece","Defender","GRE","Loukas","11","184","VYNTRA"
"Alexandros TZORVAS","Panathinaikos","TZORVAS","12 Aug 1982","Greece","Goalkeeper","GRE","Alexandros","12","190","TZORVAS"
"Michail SIFAKIS","Aris Thessaloniki","SIFAKIS","09 Sep 1984","Greece","Goalkeeper","GRE","Michail","13","186","SIFAKIS"
"Dimitrios SALPINGIDIS","Panathinaikos","SALPINGIDIS","18 Aug 1981","Greece","Forward","GRE","Dimitrios","14","171","SALPINGIDIS"
"Vasileios TOROSIDIS","Olympiacos","TOROSIDIS","10 Jun 1985","Greece","Defender","GRE","Vasileios","15","185","TOROSIDIS"
"Sotirios KYRGIAKOS","Liverpool","KYRGIAKOS","23 Jul 1979","Greece","Defender","ENG","Sotirios","16","192","KYRGIAKOS"
"Theofanis GEKAS","Hertha Berlin","GKEKAS","23 May 1980","Greece","Forward","GER","Theofanis","17","179","GEKAS"
"Sotiris NINIS","Panathinaikos","NINIS","03 Apr 1990","Greece","Midfielder","GRE","Sotiris","18","173","NINIS"
"Sokratis PAPASTATHOPOULOS","Genoa","PAPASTATHOPOULOS","09 Jun 1988","Greece","Defender","ITA","Sokratis","19","186","SOKRATIS"
"Pantelis KAPETANOS","Steaua","KAPETANOS","08 Jun 1983","Greece","Forward","ROU","Pantelis","20","190","KAPETANOS"
"Konstantinos KATSOURANIS","Panathinaikos","KATSOURANIS","21 Jun 1979","Greece","Midfielder","GRE","Konstantinos","21","183","KATSOURANIS"
"Stelios MALEZAS","PAOK","MALEZAS","11 Mar 1985","Greece","Defender","GRE","Stylianos","22","192","MALEZAS"
"Athanasios PRITTAS","Aris Thessaloniki","PRITTAS","09 Jan 1979","Greece","Midfielder","GRE","Athanasios","23","185","PRITTAS"
"Ricardo CANALES","Motagua","CANALES LANZA","30 May 1982","Honduras","Goalkeeper","HON","Ricardo Gabriel","1","180","CANALES"
"Osman CHAVEZ","Platense","CHAVEZ GUITY","29 Jul 1984","Honduras","Defender","HON","Osman Danilo","2","187","CHAVEZ"
"Maynor FIGUEROA","Wigan","FIGUEROA ROCHEZ","02 May 1983","Honduras","Defender","ENG","Maynor Alexis","3","182","FIGUEROA"
"Jhony PALACIOS","Olimpia Tegucigalpa","PALACIOS CACHO","20 Dec 1986","Honduras","Defender","HON","Jhony Eulogio","4","182","J. PALACIOS"
"Victor BERNARDEZ","Anderlecht","BERNARDEZ BLANCO","24 May 1982","Honduras","Defender","BEL","Victor Salvador","5","187","BERNARDEZ"
"Hendry THOMAS","Wigan","THOMAS SUAZO","23 Feb 1985","Honduras","Midfielder","ENG","Hendry Bernardo","6","180","THOMAS"
"Ramon NUNEZ","Olimpia Tegucigalpa","NUNEZ","14 Nov 1985","Honduras","Midfielder","HON","Ramon Fernando","7","169","NUEZ"
"Wilson PALACIOS","Tottenham Hotspur","PALACIOS SUAZO","29 Jul 1984","Honduras","Midfielder","ENG","Wilson Roberto","8","176","W. PALACIOS"
"Carlos PAVON","Real Espana","PLUMMER PAVON","09 Oct 1973","Honduras","Forward","HON","Carlos Alberto","9","180","PAVON"
"Julio Cesar DE LEON","Torino","DE LEON DAILEY","13 Sep 1979","Honduras","Midfielder","ITA","Julio Cesar","10","170","LEON"
"David SUAZO","Genoa","SUAZO VELASQUEZ","05 Nov 1979","Honduras","Forward","ITA","Oscar David","11","183","SUAZO"
"George WELCOME","Motagua","WELCOME COLLINS","09 Mar 1985","Honduras","Forward","HON","George Wilson","12","192","WELCOME"
"Roger ESPINOZA","Kansas City Wizards","ESPINOZA RAMIREZ","25 Oct 1986","Honduras","Forward","USA","Roger Anibal","13","178","ESPINOZA"
"Oscar GARCIA","Olimpia Tegucigalpa","GARCIA RAMIREZ","04 Sep 1984","Honduras","Defender","HON","Oscar Boniek","14","176","GARCIA"
"Walter MARTINEZ","Marathon","MARTINEZ RAMOS","24 Mar 1982","Honduras","Forward","HON","Walter Julian","15","166","MARTINEZ"
"Mauricio SABILLON","Hangzhou Greentown","SABILLON PEA","11 Nov 1978","Honduras","Defender","CHN","Mauricio Alberto","16","180","SABILLON"
"Edgar ALVAREZ","Bari","ALVAREZ REYES","18 Jan 1980","Honduras","Midfielder","ITA","Edgar Anthony","17","170","ALVAREZ"
"Noel VALLADARES","Olimpia Tegucigalpa","VALLADARES BONILLA","03 May 1977","Honduras","Goalkeeper","HON","Noel Eduardo","18","179","VALLADARES"
"Danilo TURCIOS","Olimpia Tegucigalpa","TURCIOS FUNEZ","08 May 1978","Honduras","Midfielder","HON","Elvis Danilo","19","166","TURCIOS"
"Amado GUEVARA","Motagua","GUEVARA","02 May 1976","Honduras","Midfielder","HON","Amado","20","176","GUEVARRA"
"Emilio IZAGUIRRE","Motagua","IZAGUIRRE GIRON","10 May 1986","Honduras","Defender","HON","Emilio Arturo","21","178","IZAGUIRRE"
"Donis ESCOBER","Olimpia Tegucigalpa","ESCOBER IZAGUIRRE","03 Feb 1981","Honduras","Goalkeeper","HON","Donis Salatiel","22","180","ESCOBER"
"Sergio MENDOZA","Motagua","MENDOZA ESCOBAR","23 May 1981","Honduras","Defender","HON","Sergio Giovany","23","177","MENDOZA"
"Gianluigi BUFFON","Juventus","BUFFON","28 Jan 1978","Italy","Goalkeeper","ITA","Gianluigi","1","190","BUFFON"
"Christian MAGGIO","Napoli","MAGGIO","11 Feb 1982","Italy","Defender","ITA","Christian","2","184","MAGGIO"
"Domenico CRISCITO","Genoa","CRISCITO","30 Dec 1986","Italy","Defender","ITA","Domenico","3","175","CRISCITO"
"Giorgio CHIELLINI","Juventus","CHIELLINI","14 Aug 1984","Italy","Defender","ITA","Giorgio","4","192","CHIELLINI"
"Fabio CANNAVARO","Juventus","CANNAVARO","13 Sep 1973","Italy","Defender","ITA","Fabio","5","175","CANNAVARO"
"Daniele DE ROSSI","AS Roma","DE ROSSI","24 Jul 1983","Italy","Midfielder","ITA","Daniele","6","182","DE ROSSI"
"Simone PEPE","Udinese","PEPE","30 Aug 1983","Italy","Midfielder","ITA","Simone","7","179","PEPE"
"Gennaro GATTUSO","AC Milan","GATTUSO","09 Jan 1978","Italy","Midfielder","ITA","Gennaro Ivan","8","177","GATTUSO"
"Vincenzo IAQUINTA","Juventus","IAQUINTA","21 Nov 1979","Italy","Forward","ITA","Vincenzo","9","186","IAQUINTA"
"Antonio DI NATALE","Udinese","DI NATALE","13 Oct 1977","Italy","Forward","ITA","Antonio","10","170","DI NATALE"
"Alberto GILARDINO","Fiorentina","GILARDINO","05 Jul 1982","Italy","Forward","ITA","Alberto","11","184","GILARDINO"
"Federico MARCHETTI","Cagliari","MARCHETTI","07 Feb 1983","Italy","Goalkeeper","ITA","Federico","12","188","MARCHETTI"
"Salvatore BOCCHETTI","Genoa","BOCCHETTI","30 Nov 1986","Italy","Defender","ITA","Salvatore","13","178","BOCCHETTI"
"Morgan DE SANCTIS","Napoli","DE SANCTIS","26 Mar 1977","Italy","Goalkeeper","ITA","Morgan","14","190","DE SANCTIS"
"Claudio MARCHISIO","Juventus","MARCHISIO","19 Jan 1986","Italy","Midfielder","ITA","Claudio","15","179","MARCHISIO"
"Mauro CAMORANESI","Juventus","CAMORANESI","04 Oct 1976","Italy","Midfielder","ITA","Mauro German","16","174","CAMORANESI"
"Angelo PALOMBO","Sampdoria","PALOMBO","25 Sep 1981","Italy","Midfielder","ITA","Angelo","17","177","PALOMBO"
"Fabio QUAGLIARELLA","Napoli","QUAGLIARELLA","31 Jan 1983","Italy","Forward","ITA","Fabio","18","180","QUAGLIARELLA"
"Gianluca ZAMBROTTA","AC Milan","ZAMBROTTA","19 Feb 1977","Italy","Defender","ITA","Gianluca","19","181","ZAMBROTTA"
"Giampaolo PAZZINI","Sampdoria","PAZZINI","02 Aug 1984","Italy","Forward","ITA","Giampaolo","20","180","PAZZINI"
"Andrea PIRLO","AC Milan","PIRLO","19 May 1979","Italy","Midfielder","ITA","Andrea","21","177","PIRLO"
"Riccardo MONTOLIVO","Fiorentina","MONTOLIVO","18 Jan 1985","Italy","Midfielder","ITA","Riccardo","22","181","MONTOLIVO"
"Leonardo BONUCCI","Bari","BONUCCI","01 May 1987","Italy","Defender","ITA","Leonardo","23","190","BONUCCI"
"Seigo NARAZAKI","Nagoya Grampus Eight","NARAZAKI","15 Apr 1976","Japan","Goalkeeper","JPN","Seigo","1","187","NARAZAKI"
"Yuki ABE","Urawa Reds","ABE","06 Sep 1981","Japan","Midfielder","JPN","Yuki","2","177","ABE"
"Yuichi KOMANO","Jubilo Iwata","KOMANO","25 Jul 1981","Japan","Defender","JPN","Yuichi","3","172","KOMANO"
"Marcus Tulio TANAKA","Nagoya Grampus Eight","TANAKA","24 Apr 1981","Japan","Defender","JPN","Marcus Tulio Lyuji Murzani","4","185","TULIO"
"Yuto NAGATOMO","FC Tokyo","NAGATOMO","12 Sep 1986","Japan","Defender","JPN","Yuto","5","170","NAGATOMO"
"Atsuto UCHIDA","Kashima Antlers","UCHIDA","27 Mar 1988","Japan","Defender","JPN","Atsuto","6","176","UCHIDA"
"Yasuhito ENDO","Gamba Osaka","ENDO","28 Jan 1980","Japan","Midfielder","JPN","Yasuhito","7","178","ENDO"
"Daisuke MATSUI","Grenoble","MATSUI","11 May 1981","Japan","Midfielder","FRA","Daisuke","8","175","MATSUI"
"Shinji OKAZAKI","Shimizu S-Pulse","OKAZAKI","16 Apr 1986","Japan","Forward","JPN","Shinji","9","174","OKAZAKI"
"Shunsuke NAKAMURA","Yokohama F Marinos","NAKAMURA","24 Jun 1978","Japan","Midfielder","JPN","Shunsuke","10","178","NAKAMURA"
"Keiji TAMADA","Nagoya Grampus Eight","TAMADA","11 Apr 1980","Japan","Forward","JPN","Keiji","11","173","TAMADA"
"Kisho YANO","Albirex Niigata","YANO","05 Apr 1984","Japan","Forward","JPN","Kisho","12","185","YANO"
"Daiki IWAMASA","Kashima Antlers","IWAMASA","30 Jan 1982","Japan","Defender","JPN","Daiki","13","187","IWAMASA"
"Kengo NAKAMURA","Kawasaki Frontale","NAKAMURA","31 Oct 1980","Japan","Midfielder","JPN","Kengo","14","175","NAKAMURA"
"Yasuyuki KONNO","FC Tokyo","KONNO","25 Jan 1983","Japan","Defender","JPN","Yasuyuki","15","178","KONNO"
"Yoshito OKUBO","Vissel Kobe","OKUBO","09 Jun 1982","Japan","Forward","JPN","Yoshito","16","170","OKUBO"
"Makoto HASEBE","Wolfsburg","HASEBE","18 Jan 1984","Japan","Midfielder","GER","Makoto","17","177","HASEBE"
"Keisuke HONDA","CSKA Moscow","HONDA","13 Jun 1986","Japan","Midfielder","RUS","Keisuke","18","182","HONDA"
"Takayuki MORIMOTO","Catania","MORIMOTO","07 May 1988","Japan","Forward","ITA","Takayuki","19","180","MORIMOTO"
"Junichi INAMOTO","Kawasaki Frontale","INAMOTO","18 Sep 1979","Japan","Midfielder","JPN","Junichi","20","181","INAMOTO"
"Eiji KAWASHIMA","Kawasaki Frontale","KAWASHIMA","20 Mar 1983","Japan","Goalkeeper","JPN","Eiji","21","185","KAWASHIMA"
"Yuji NAKAZAWA","Yokohama F Marinos","NAKAZAWA","25 Feb 1978","Japan","Defender","JPN","Yuji","22","187","NAKAZAWA"
"Yoshikatsu KAWAGUCHI","Jubilo Iwata","KAWAGUCHI","15 Aug 1975","Japan","Goalkeeper","JPN","Yoshikatsu","23","180","KAWAGUCHI"
"RI Myong Guk","Pyongyang City","RI","09 Sep 1986","Korea DPR","Goalkeeper","PRK","Myong Guk","1","187","R. MYONG GUK"
"CHA Jong Hyok","Amrokgang","CHA","25 Sep 1985","Korea DPR","Defender","PRK","Jong Hyok","2","178","C. JONG HYOK"
"RI Jun Il","Sobaeksu","RI","24 Aug 1987","Korea DPR","Defender","PRK","Jun Il","3","178","R. JUN IL"
"PAK Nam Chol","April 25","PAK","02 Jul 1985","Korea DPR","Midfielder","PRK","Nam Chol","4","172","P. NAM CHOL"
"RI Kwang Chon","April 25","RI","04 Sep 1985","Korea DPR","Defender","PRK","Kwang Chon","5","183","R. KWANG CHON"
"KIM Kum Il","April 25","KIM","10 Oct 1987","Korea DPR","Midfielder","PRK","Kum Il","6","170","K. KUM IL"
"AN Chol Hyok","Rimyongsu","AN","27 Jun 1987","Korea DPR","Forward","PRK","Chol Hyok","7","178","A. CHOL HYOK"
"JI Yun Nam","April 25","JI","20 Nov 1976","Korea DPR","Defender","PRK","Yun Nam","8","172","J. YUN NAM"
"JONG Tae Se","Kawasaki Frontale","JONG","02 Mar 1984","Korea DPR","Defender","JPN","Tae Se","9","181","J. TAE SE"
"HONG Yong Jo","FK Rostov","HONG","22 May 1982","Korea DPR","Forward","RUS","Yong Jo","10","174","H. YONG JO"
"MUN In Guk","April 25","MUN","29 Sep 1978","Korea DPR","Midfielder","PRK","In Guk","11","167","M. IN GUK"
"CHOE Kum Chol","April 25","CHOE","09 Feb 1987","Korea DPR","Forward","PRK","Kum Chol","12","178","C. KUM CHOL"
"PAK Chol Jin","Amrokgang","PAK","05 Sep 1985","Korea DPR","Defender","PRK","Chol Jin","13","184","P. CHOL JIN"
"PAK Nam Chol","Amrokgang","PAK","03 Oct 1988","Korea DPR","Defender","PRK","Nam Chol","14","183","P. NAM CHOL"
"KIM Yong Jun","Pyongyang City","KIM","19 Jul 1983","Korea DPR","Midfielder","PRK","Yong Jun","15","182","K. YONG JUN"
"NAM Song Chol","April 25","NAM","07 May 1982","Korea DPR","Defender","PRK","Song Chol","16","178","N. SONG CHOL"
"AN Yong Hak","Omiya Ardija","AN","25 Oct 1978","Korea DPR","Midfielder","JPN","Yong Hak","17","182","A. YONG HAK"
"KIM Myong Gil","Amrokgang","KIM","16 Oct 1984","Korea DPR","Goalkeeper","PRK","Myong Gil","18","181","K. MYONG GIL"
"RI Chol Myong","Pyongyang City","RI","18 Feb 1988","Korea DPR","Midfielder","PRK","Chol Myong","19","173","R. CHOL MYONG"
"KIM Myong Won","Amrokgang","KIM","15 Jul 1983","Korea DPR","Goalkeeper","PRK","Myong Won","20","180","K. MYONG WON"
"RI Kwang Hyok","Kyonggongop","RI","17 Aug 1987","Korea DPR","Defender","PRK","Kwang Hyok","21","178","R. KWANG HYOK"
"KIM Kyong Il","Rimyongsu","KIM","11 Dec 1988","Korea DPR","Midfielder","PRK","Kyong Il","22","174","K. KYONG IL"
"PAK Sung Hyok","Sobaeksu","PAK","30 May 1990","Korea DPR","Midfielder","PRK","Sung Hyok","23","175","P. SUNG HYOK"
"LEE Woon Jae","Suwon Bluewings","LEE","26 Apr 1973","Korea Republic","Goalkeeper","KOR","Woon Jae","1","182","WOONJAE"
"OH Beom Seok","Ulsan Hyundai","OH","29 Jul 1984","Korea Republic","Defender","KOR","Beom Seok","2","181","BEOMSEOK"
"KIM Hyung Il","Pohang Steelers","KIM","27 Apr 1984","Korea Republic","Defender","KOR","Hyung Il","3","187","HYUNGIL"
"CHO Yong Hyung","Jeju Utd.","CHO","03 Nov 1983","Korea Republic","Defender","KOR","Yong Hyung","4","182","YONGHYUNG"
"KIM Nam Il","Tom Tomsk","KIM","14 Mar 1977","Korea Republic","Midfielder","RUS","Nam Il","5","180","NAMIL"
"KIM Bo Kyung","Oita Trinita","KIM","06 Oct 1989","Korea Republic","Midfielder","JPN","Bo Kyung","6","178","BOKYUNG"
"PARK Ji Sung","Manchester Utd.","PARK","25 Feb 1981","Korea Republic","Midfielder","ENG","Ji Sung","7","178","JISUNG"
"KIM Jung Woo","Gwangju Sangmu","KIM","09 May 1982","Korea Republic","Midfielder","KOR","Jung Woo","8","183","JUNGWOO"
"AHN Jung Hwan","Dalian Shide","AHN","27 Jan 1976","Korea Republic","Forward","CHN","Jung Hwan","9","177","JUNGHWAN"
"PARK Chu Young","Monaco","PARK","10 Jul 1985","Korea Republic","Forward","FRA","Chu Young","10","183","CHUYOUNG"
"LEE Seung Yeoul","FC Seoul","LEE","06 Mar 1989","Korea Republic","Forward","KOR","Seung Yeoul","11","183","SEUNGYEOUL"
"LEE Young Pyo","Al Hilal","LEE","23 Apr 1977","Korea Republic","Defender","KSA","Young Pyo","12","177","YOUNGPYO"
"KIM Jae Sung","Pohang Steelers","KIM","03 Oct 1983","Korea Republic","Midfielder","KOR","Jae Sung","13","180","JAESUNG"
"LEE Jung Soo","Kashima Antlers","LEE","08 Jan 1980","Korea Republic","Defender","JPN","Jung Soo","14","185","JUNGSOO"
"KIM Dong Jin","Ulsan Hyundai","KIM","29 Jan 1982","Korea Republic","Defender","KOR","Dong Jin","15","184","DONGJIN"
"KI Sung Yueng","Celtic","KI","24 Jan 1989","Korea Republic","Midfielder","SCO","Sung Yueng","16","187","SUNGYUENG"
"LEE Chung Yong","Bolton Wanderers","LEE","02 Jul 1988","Korea Republic","Midfielder","ENG","Chung Yong","17","180","CHUNGYONG"
"JUNG Sung Ryong","Seongnam Ilhwa Chunma","JUNG","04 Jan 1985","Korea Republic","Goalkeeper","KOR","Sung Ryong","18","190","SUNGRYONG"
"YEOM Ki Hun","Suwon Bluewings","YEOM","30 Mar 1983","Korea Republic","Midfielder","KOR","Ki Hun","19","182","KIHUN"
"LEE Dong Gook","Jeonbuk Motors","LEE","29 Apr 1979","Korea Republic","Forward","KOR","Dong Gook","20","187","DONGGOOK"
"KIM Young Kwang","Ulsan Hyundai","KIM","28 Jun 1983","Korea Republic","Goalkeeper","KOR","Young Kwang","21","184","YOUNGKWANG"
"CHA Du Ri","SC Freiburg","CHA","25 Jul 1980","Korea Republic","Defender","GER","Du Ri","22","181","DURI"
"KANG Min Soo","Suwon Bluewings","KANG","14 Feb 1986","Korea Republic","Defender","KOR","Min Soo","23","186","MINSOO"
"Oscar PEREZ","Jaguares","PEREZ ROJAS","01 Feb 1973","Mexico","Goalkeeper","MEX","Oscar","1","174","O PEREZ"
"Francisco RODRIGUEZ","PSV Eindhoven","RODRIGUEZ PINEDO","20 Oct 1981","Mexico","Defender","NED","Francisco Javier","2","191","F RODRIGUEZ"
"Carlos SALCIDO","PSV Eindhoven","SALCIDO FLORES","02 Apr 1980","Mexico","Defender","NED","Carlos Arnoldo","3","176","C SALCIDO"
"Rafael MARQUEZ","Barcelona","MRQUEZ ALVAREZ","13 Feb 1979","Mexico","Defender","ESP","Rafael","4","182","R MARQUEZ"
"Ricardo OSORIO","VfB Stuttgart","OSORIO MENDOZA","30 Mar 1980","Mexico","Defender","GER","Ricardo","5","173","R OSORIO"
"Gerardo TORRADO","Cruz Azul","TORRADO DIEZ DE BONILLA","30 Apr 1979","Mexico","Midfielder","MEX","Gerardo","6","174","G TORRADO"
"Pablo BARRERA","Pumas UNAM","BARRERA ACOSTA","21 Jun 1987","Mexico","Forward","MEX","Pablo Edson","7","172","P BARRERA"
"Israel CASTRO","Pumas UNAM","CASTRO MARCIAS","20 Dec 1980","Mexico","Midfielder","MEX","Israel","8","175","I CASTRO"
"Guillermo FRANCO","West Ham Utd.","FRANCO FARQUARSON","03 Nov 1976","Mexico","Forward","ENG","Guillermo Luis","9","182","G FRANCO"
"Cuauhtemoc BLANCO","Veracruz","BLANCO BRAVO","17 Jan 1973","Mexico","Forward","MEX","Cuauhtemoc","10","177","C BLANCO"
"Carlos VELA","Arsenal","VELA GARRIDO","01 Mar 1989","Mexico","Forward","ENG","Carlos Alberto","11","179","C VELA"
"Paul AGUILAR","Pachuca","AGUILAR ROJAS","06 Mar 1986","Mexico","Defender","MEX","Paul Nicolas","12","178","P AGUILAR"
"Guillermo OCHOA","America","OCHOA MAGAA","13 Jul 1985","Mexico","Goalkeeper","MEX","Francisco Guillermo","13","183","G OCHOA"
"Javier HERNANDEZ","Chivas","HERNANDEZ BALCAZAR","01 Jun 1988","Mexico","Forward","MEX","Javier","14","175","J HERNANDEZ"
"Hector MORENO","AZ Alkmaar","MORENO HERRERA","17 Jan 1988","Mexico","Defender","NED","Hector Alfredo","15","184","H MORENO"
"Efrain JUAREZ","Pumas UNAM","JUAREZ VALDEZ","22 Feb 1988","Mexico","Defender","MEX","Efrain","16","175","E JUAREZ"
"Giovani DOS SANTOS","Galatasaray","DOS SANTOS RAMIREZ","11 May 1989","Mexico","Forward","TUR","Giovani","17","175","G DOS SANTOS"
"Andres GUARDADO","Deportivo La Coruna","GUARDADO HERNANDEZ","28 Sep 1986","Mexico","Midfielder","ESP","Jos Andrs","18","169","A GUARDADO"
"Jonny MAGALLON","Chivas","MAGALLON OLIVA","21 Nov 1981","Mexico","Defender","MEX","Jose Jonny","19","178","J MAGALLON"
"Jorge TORRES","Atlas","TORRES NILO","16 Jan 1988","Mexico","Midfielder","MEX","Jorge Emmanuel","20","182","J TORRES"
"Adolfo BAUTISTA","Chivas","BAUTISTA HERRERA","15 May 1979","Mexico","Forward","MEX","Adolfo","21","185","A BAUTISTA"
"Alberto MEDINA","Chivas","MEDINA BRISENO","29 May 1983","Mexico","Forward","MEX","Alberto","22","172","A MEDINA"
"Luis MICHEL","Chivas","MICHEL VERGARA","21 Jul 1979","Mexico","Goalkeeper","MEX","Luis Ernesto","23","183","L MICHEL"
"Maarten STEKELENBURG","Ajax","STEKELENBURG","22 Sep 1982","Netherlands","Goalkeeper","NED","Maarten","1","197","STEKELENBURG"
"Gregory VAN DER WIEL","Ajax","VAN DER WIEL","03 Feb 1988","Netherlands","Defender","NED","Gregory Kurtley","2","180","VAN DER WIEL"
"John HEITINGA","Everton","HEITINGA","15 Nov 1983","Netherlands","Defender","ENG","John Gijsbert Alan","3","182","HEITINGA"
"Joris MATHIJSEN","Hamburger SV","MATHIJSEN","05 Apr 1980","Netherlands","Defender","GER","Joris","4","182","MATHIJSEN"
"Giovanni VAN BRONCKHORST","Feyenoord","VAN BRONCKHORST","05 Feb 1975","Netherlands","Defender","NED","Giovanni Christiaan","5","176","V. BRONCKHORST"
"Mark VAN BOMMEL","Bayern Munich","VAN BOMMEL","22 Apr 1977","Netherlands","Midfielder","GER","Mark Peter Gertruda Andreas","6","187","V. BOMMEL"
"Dirk KUYT","Liverpool","KUIJT","22 Jul 1980","Netherlands","Forward","ENG","Dirk","7","183","KUYT"
"Nigel DE JONG","Manchester City","DE JONG","30 Nov 1984","Netherlands","Midfielder","ENG","Nigel","8","174","DE JONG"
"Robin VAN PERSIE","Arsenal","VAN PERSIE","06 Aug 1983","Netherlands","Forward","ENG","Robin","9","184","V. PERSIE"
"Wesley SNEIJDER","Inter","SNEIJDER","09 Jun 1984","Netherlands","Midfielder","ITA","Wesley","10","170","SNEIJDER"
"Arjen ROBBEN","Bayern Munich","ROBBEN","23 Jan 1984","Netherlands","Forward","GER","Arjen","11","180","ROBBEN"
"Khalid BOULAHROUZ","VfB Stuttgart","BOULAHROUZ","28 Dec 1981","Netherlands","Defender","GER","Khalid","12","184","BOULAHROUZ"
"Andre OOIJER","PSV Eindhoven","OOIJER","11 Jul 1974","Netherlands","Defender","NED","Andre Antonius Maria","13","184","OOIJER"
"Demy DE ZEEUW","Ajax","DE ZEEUW","26 May 1983","Netherlands","Midfielder","NED","Demy Patrick Ren","14","174","DE ZEEUW"
"Edson BRAAFHEID","Celtic","BRAAFHEID","08 Apr 1983","Netherlands","Defender","SCO","Edson Ren","15","174","BRAAFHEID"
"Michel VORM","Utrecht","VORM","20 Oct 1983","Netherlands","Goalkeeper","NED","Michel","16","182","VORM"
"Eljero ELIA","Hamburger SV","ELIA","13 Feb 1987","Netherlands","Forward","GER","Eljero George Rinaldo","17","177","ELIA"
"Stijn SCHAARS","AZ Alkmaar","SCHAARS","11 Jan 1984","Netherlands","Midfielder","NED","Stephanus Johannes","18","178","SCHAARS"
"Ryan BABEL","Liverpool","BABEL","19 Dec 1986","Netherlands","Forward","ENG","Ryan Guno","19","185","BABEL"
"Ibrahim AFELLAY","PSV Eindhoven","AFELLAY","02 Apr 1986","Netherlands","Midfielder","NED","Ibrahim","20","184","AFELLAY"
"Klaas Jan HUNTELAAR","AC Milan","HUNTELAAR","12 Aug 1983","Netherlands","Forward","ITA","Dirk Klaas Jan","21","185","HUNTELAAR"
"Sander BOSCHKER","Twente Enschede","BOSCHKER","20 Oct 1970","Netherlands","Goalkeeper","NED","Sander Bernard Jozef","22","185","BOSCHKER"
"Rafael VAN DER VAART","Real Madrid","VAN DER VAART","11 Feb 1983","Netherlands","Midfielder","ESP","Rafael Ferdinand","23","178","VAN DER VAART"
"Mark PASTON","Wellington Phoenix","PASTON","13 Dec 1976","New Zealand","Goalkeeper","NZL","Mark Nelson","1","195","PASTON"
"Ben SIGMUND","Wellington Phoenix","SIGMUND","03 Feb 1981","New Zealand","Defender","NZL","Benjamin Robert","2","187","SIGMUND"
"Tony LOCHHEAD","Wellington Phoenix","LOCHHEAD","12 Jan 1982","New Zealand","Defender","NZL","Tony James","3","183","LOCHHEAD"
"Winston REID","Midtjylland","REID","03 Jul 1988","New Zealand","Defender","DEN","Winston Wiremu","4","190","REID"
"Ivan VICELICH","Auckland City","VICELICH","03 Sep 1976","New Zealand","Defender","NZL","Ivan Robert","5","193","VICELICH"
"Ryan NELSEN","Blackburn Rovers","NELSEN","18 Oct 1977","New Zealand","Defender","ENG","Ryan William","6","185","NELSEN"
"Simon ELLIOTT","No club affiliation","ELLIOTT","10 Jun 1974","New Zealand","Midfielder","UNK","Simon John","7","180","ELLIOTT"
"Tim BROWN","Wellington Phoenix","BROWN","06 Mar 1981","New Zealand","Midfielder","NZL","Timothy Oliver","8","185","BROWN"
"Shane SMELTZ","Gold Coast United","SMELTZ","29 Sep 1981","New Zealand","Forward","AUS","Shane Edward","9","184","SMELTZ"
"Chris KILLEN","Middlesbrough","KILLEN","08 Oct 1981","New Zealand","Forward","ENG","Christopher John","10","188","KILLEN"
"Leo BERTOS","Wellington Phoenix","BERTOS","20 Dec 1981","New Zealand","Midfielder","NZL","Leonidas Christos","11","177","BERTOS"
"Glen MOSS","Melbourne Victory","MOSS","19 Jan 1983","New Zealand","Goalkeeper","AUS","Glen Robert","12","188","MOSS"
"Andy BARRON","Team Wellington","BARRON","24 Dec 1980","New Zealand","Midfielder","NZL","Andrew","13","178","BARRON"
"Rory FALLON","Plymouth Argyle","FALLON","20 Mar 1982","New Zealand","Forward","ENG","Rory Micheal","14","191","FALLON"
"Michael McGLINCHEY","Motherwell","MC GLINCHEY","07 Jan 1987","New Zealand","Midfielder","SCO","Michael Ryan","15","173","MCGLINCHEY"
"Aaron CLAPHAM","Canterbury Utd.","CLAPHAM","15 Jan 1987","New Zealand","Midfielder","NZL","Aaron Daniel","16","172","CLAPHAM"
"Dave MULLIGAN","No club affiliation","MULLIGAN","24 Mar 1982","New Zealand","Midfielder","UNK","David James","17","173","MULLIGAN"
"Andy BOYENS","New York Red Bulls","BOYENS","18 Sep 1983","New Zealand","Defender","USA","Andrew Victor","18","192","BOYENS"
"Tommy SMITH","Ipswich Town","SMITH","31 Mar 1990","New Zealand","Defender","ENG","Thomas Jefferson","19","187","SMITH"
"Chris WOOD","West Bromwich Albion","WOOD","07 Dec 1991","New Zealand","Forward","ENG","Christopher Grant","20","191","WOOD"
"Jeremy CHRISTIE","Tampa Bay","CHRISTIE","22 May 1983","New Zealand","Midfielder","USA","Jeremy John","21","180","CHRISTIE"
"Jeremy BROCKIE","Newcastle United Jets","BROCKIE","07 Oct 1987","New Zealand","Forward","AUS","Jeremy Russell","22","182","BROCKIE"
"James BANNATYNE","Team Wellington","BANNATYNE","30 Jun 1975","New Zealand","Goalkeeper","NZL","James Alexander","23","195","BANNATYNE"
"Vincent ENYEAMA","Hapoel Tel-Aviv","ENYEAMA","29 Aug 1982","Nigeria","Goalkeeper","ISR","Vincent","1","185","ENYEAMA"
"Joseph YOBO","Everton","YOBO","06 Sep 1980","Nigeria","Defender","ENG","Joseph","2","185","YOBO"
"Taye TAIWO","Marseille","ISMAILA TAIWO","16 Apr 1985","Nigeria","Defender","FRA","Taye","3","188","TAIWO"
"Nwankwo KANU","Portsmouth","KANU","01 Aug 1976","Nigeria","Midfielder","ENG","Nwankwo","4","197","KANU"
"Rabiu AFOLABI","Red Bull Salzburg","AFOLABI","18 Apr 1980","Nigeria","Defender","AUT","Rabiu","5","183","AFOLABI"
"Danny SHITTU","Bolton Wanderers","SHITTU","02 Sep 1980","Nigeria","Defender","ENG","Daniel Olusola","6","190","SHITTU"
"John UTAKA","Portsmouth","UTAKA","08 Jan 1982","Nigeria","Forward","ENG","John Chukwudi","7","179","UTAKA"
"Yakubu AIYEGBENI","Everton","AIYEGBENI","22 Nov 1982","Nigeria","Forward","ENG","Yakubu","8","188","YAKUBU"
"Obafemi MARTINS","Wolfsburg","MARTINS","28 Oct 1984","Nigeria","Forward","GER","Obafemi Akinwunmi","9","170","MARTINS"
"John Obi MIKEL","Chelsea","MIKEL","22 Apr 1987","Nigeria","Midfielder","ENG","John Obi","10","191","MIKEL"
"Peter ODEMWINGIE","Lokomotiv Moscow","ODEMWINGIE","15 Jul 1981","Nigeria","Forward","RUS","Peter Osaze","11","181","ODEMWINGIE"
"Kalu UCHE","Almeria","UCHE","15 Nov 1982","Nigeria","Midfielder","ESP","Kalu","12","171","UCHE"
"Yussuf AYILA","Dynamo Kyiv","AYILA","04 Nov 1984","Nigeria","Midfielder","UKR","Yussuf Atanda","13","179","AYILA"
"Sani KAITA","Alania Vladikavkaz","KAITA","02 May 1986","Nigeria","Midfielder","RUS","Sani Haruna","14","180","KAITA"
"Lukman HARUNA","Monaco","HARUNA","04 Dec 1990","Nigeria","Midfielder","FRA","Lukman","15","177","HARUNA"
"Austin EJIDE","Hapoel Petah Tikva","EJIDE","08 Apr 1984","Nigeria","Goalkeeper","ISR","Austine Amamchukwu","16","186","EJIDE"
"Chidi ODIAH","CSKA Moscow","ODIAH","17 Dec 1983","Nigeria","Defender","RUS","Chidi","17","181","ODIAH"
"Victor OBINNA","Malaga","NSOFOR OBINNA","25 Mar 1987","Nigeria","Forward","ESP","Victor","18","178","NSOFOR"
"Chinedu OGBUKE OBASI","Hoffenheim","OGBUKE OBASI","01 Jun 1986","Nigeria","Forward","GER","Chinedu","19","181","OBASI"
"Dickson ETUHU","Fulham","ETUHU","08 Jun 1982","Nigeria","Midfielder","ENG","Dickson","20","191","ETUHU"
"Uwa ECHIEJILE","Rennes","ECHIEJILE","20 Jan 1988","Nigeria","Defender","FRA","Elderson Uwa","21","198","ECHIEJILE"
"Dele ADELEYE","Sparta Rotterdam","ADELEYE","25 Dec 1988","Nigeria","Defender","NED","Ayodele","22","189","ADELEYE"
"Dele AIYENUGBA","Bnei Yehuda","AIYENUGBA","20 Nov 1983","Nigeria","Goalkeeper","ISR","Dele","23","186","AIYENUGBA"
"Justo VILLAR","Valladolid","VILLAR VIVEROS","30 Jun 1977","Paraguay","Goalkeeper","ESP","Justo Wilmar","1","180","J. VILLAR"
"Dario VERON","Pumas UNAM","VERON","26 Jul 1979","Paraguay","Defender","MEX","Dario","2","181","VERON"
"Claudio MOREL","Boca Juniors","MOREL RODRIGUEZ","02 Feb 1978","Paraguay","Defender","ARG","Claudio Marcelo","3","175","MOREL R."
"Denis CANIZA","Leon","CANIZA ACUNA","29 Aug 1974","Paraguay","Defender","MEX","Denis Ramon","4","174","CANIZA"
"Julio Cesar CACERES","Atletico Mineiro","CACERES LOPEZ","05 Oct 1979","Paraguay","Defender","BRA","Julio Cesar","5","181","J. CACERES"
"Carlos BONET","Olimpia Asuncion","BONET CACERES","02 Oct 1977","Paraguay","Midfielder","PAR","Carlos","6","176","BONET"
"Oscar CARDOZO","Benfica","CARDOZO","20 May 1983","Paraguay","Forward","POR","Oscar Rene","7","192","CARDOZO"
"Edgar BARRETO","Atalanta","BARRETO CACERES","15 Jul 1984","Paraguay","Midfielder","ITA","Edgar Osvaldo","8","178","E. BARRETO"
"Roque SANTA CRUZ","Manchester City","SANTA CRUZ CANTERO","16 Aug 1981","Paraguay","Forward","ENG","Roque","9","191","SANTA CRUZ"
"Edgar BENITEZ","Pachuca","BENITEZ SANTANDER","08 Nov 1987","Paraguay","Forward","MEX","Edgar","10","176","BENITEZ"
"Jonathan SANTANA","Wolfsburg","SANTANA","19 Oct 1981","Paraguay","Midfielder","GER","Jonathan","11","181","SANTANA"
"Diego BARRETO","Cerro Porteno","BARRETO CACERES","16 Jul 1981","Paraguay","Goalkeeper","PAR","Diego Daniel","12","182","D. BARRETO"
"Enrique VERA","Liga de Quito","VERA","10 Mar 1979","Paraguay","Midfielder","ECU","Enrique Daniel","13","178","VERA"
"Paulo DA SILVA","Sunderland","DA SILVA","01 Feb 1980","Paraguay","Defender","ENG","Paulo","14","184","DA SILVA"
"Victor CACERES","Libertad","CACERES","25 Mar 1985","Paraguay","Midfielder","PAR","Victor","15","186","V. CACERES"
"Cristian RIVEROS","Cruz Azul","RIVEROS","16 Oct 1982","Paraguay","Midfielder","MEX","Cristian","16","179","RIVEROS"
"Aureliano TORRES","San Lorenzo","TORRES ROMAN","16 Jun 1982","Paraguay","Defender","ARG","Aureliano","17","178","TORRES"
"Nelson VALDEZ","Borussia Dortmund","HAEDO VALDEZ","28 Nov 1983","Paraguay","Forward","GER","Nelson Antonio","18","178","H. VALDEZ"
"Lucas BARRIOS","Borussia Dortmund","BARRIOS CCERES","13 Nov 1984","Paraguay","Forward","GER","Lucas Ramn","19","187","BARRIOS"
"Nestor ORTIGOZA","Argentinos Juniors","ORTIGOZA","07 Oct 1984","Paraguay","Midfielder","ARG","Nestor Ezequiel","20","180","ORTIGOZA"
"Antolin ALCARAZ","Club Brugge","ALCARAZ VIVEROS","30 Jul 1982","Paraguay","Defender","BEL","Antolin","21","184","ALCARAZ"
"Aldo BOBADILLA","Independiente Medellin","BOBADILLA","20 Apr 1976","Paraguay","Goalkeeper","COL","Aldo Antonio","22","192","BOBADILLA"
"Rodolfo GAMARRA","Libertad","GAMARRA","10 Dec 1988","Paraguay","Forward","PAR","Rodolfo","23","168","GAMARRA"
"EDUARDO","Braga","REIS CARVALHO","19 Sep 1982","Portugal","Goalkeeper","POR","Eduardo","1","187","EDUARDO"
"BRUNO ALVES","Porto","REFUGE ALVES","27 Nov 1981","Portugal","Defender","POR","Bruno Eduardo","2","187","BRUNO ALVES"
"PAULO FERREIRA","Chelsea","REBOCHO FERREIRA","18 Jan 1979","Portugal","Defender","ENG","Paulo Renato","3","181","P. FERREIRA"
"ROLANDO","Porto","PIRES DA FONSECA","31 Aug 1985","Portugal","Defender","POR","Rolando Jorge","4","189","ROLANDO"
"DUDA","Malaga","BARBOSA VALENTE","27 Jun 1980","Portugal","Defender","ESP","Sergio Paulo","5","175","DUDA"
"RICARDO CARVALHO","Chelsea","SILVEIRA DE CARVALHO","18 May 1978","Portugal","Defender","ENG","Ricardo Alberto","6","183","R. CARVALHO"
"CRISTIANO RONALDO","Real Madrid","DOS SANTOS AVEIRO","05 Feb 1985","Portugal","Forward","ESP","Cristiano Ronaldo","7","185","RONALDO"
"PEDRO MENDES","Sporting Lisbon","DA SILVA MENDES","26 Feb 1979","Portugal","Midfielder","POR","Pedro Miguel","8","177","P. MENDES"
"LIEDSON","Sporting Lisbon","DA SILVA MUNIZ","17 Dec 1977","Portugal","Forward","POR","Liedson","9","173","LIEDSON"
"DANNY","Zenit St Petersburg","ALVES GOMES","07 Aug 1983","Portugal","Forward","RUS","Danny Miguel","10","179","DANNY"
"SIMAO","Atletico Madrid","DE FONSECA SABROSA","31 Oct 1979","Portugal","Forward","ESP","Simao Pedro","11","170","SIMO"
"BETO","Porto","BASTOS PIMPAREL","01 May 1982","Portugal","Goalkeeper","POR","Antonio Alberto","12","183","BETO"
"MIGUEL","Valencia","BRITO GARCIA MONTEIRO","04 Jan 1980","Portugal","Defender","ESP","Luis Miguel","13","175","MIGUEL"
"MIGUEL VELOSO","Sporting Lisbon","PINTO VELOSO","11 May 1986","Portugal","Midfielder","POR","Miguel Luis","14","181","M. VELOSO"
"PEPE","Real Madrid","LIMA FERREIRA","26 Feb 1983","Portugal","Midfielder","ESP","Kepler Laveran","15","186","PEPE"
"RAUL MEIRELES","Porto","TRINDADE MEIRELES","17 Mar 1983","Portugal","Midfielder","POR","Raul Jose","16","179","R. MEIRELES"
"NANI","Manchester Utd.","ALMEIDA DA CUNHA","17 Nov 1986","Portugal","Forward","ENG","Lus Carlos","17","175","NANI"
"HUGO ALMEIDA","Werder Bremen","PEREIRA DE ALMEIDA","23 May 1984","Portugal","Forward","GER","Hugo Miguel","18","193","H. ALMEIDA"
"TIAGO","Atletico Madrid","CARDOSO MENDES","02 May 1981","Portugal","Midfielder","ESP","Tiago","19","183","TIAGO"
"DECO","Chelsea","DE SOUZA","27 Aug 1977","Portugal","Midfielder","ENG","Anderson Luis","20","175","DECO"
"RICARDO COSTA","Lille","MOREIRA DA COSTA","16 May 1981","Portugal","Defender","FRA","Ricardo Miguel","21","183","R. COSTA"
"DANIEL FERNANDES","Iraklis","FERNANDES","25 Sep 1983","Portugal","Goalkeeper","GRE","Daniel Marcio","22","194","D. FERNANDES"
"FABIO COENTRAO","Benfica","SILVA COENTRAO","11 Mar 1988","Portugal","Defender","POR","Fabio Alexandre","23","181","F. COENTRO"
"Vladimir STOJKOVIC","Wigan","STOJKOVIC","28 Jul 1983","Serbia","Goalkeeper","ENG","Vladimir","1","195","STOJKOVI"
"Antonio RUKAVINA","Munich 1860","RUKAVINA","26 Jan 1984","Serbia","Defender","GER","Antonio","2","177","RUKAVINA"
"Aleksandar KOLAROV","Lazio","KOLAROV","10 Nov 1985","Serbia","Defender","ITA","Aleksandar","3","187","KOLAROV"
"Gojko KACAR","Hertha Berlin","KACAR","26 Jan 1987","Serbia","Midfielder","GER","Gojko","4","185","KAAR"
"Nemanja VIDIC","Manchester Utd.","VIDIC","21 Oct 1981","Serbia","Defender","ENG","Nemanja","5","185","VIDI"
"Branislav IVANOVIC","Chelsea","IVANOVIC","22 Feb 1984","Serbia","Defender","ENG","Branislav","6","188","IVANOVI"
"Zoran TOSIC","FC Cologne","TOIC","28 Apr 1987","Serbia","Midfielder","GER","Zoran","7","171","TOI"
"Danko LAZOVIC","Zenit St Petersburg","LAZOVIC","17 May 1983","Serbia","Forward","RUS","Danko","8","185","LAZOVI"
"Marko PANTELIC","Ajax","PANTELIC","15 Sep 1978","Serbia","Forward","NED","Marko","9","181","PANTELI"
"Dejan STANKOVIC","Inter","STANKOVIC","11 Sep 1978","Serbia","Midfielder","ITA","Dejan","10","181","STANKOVI"
"Nenad MILIJAS","Wolverhampton","MILIJA","30 Apr 1983","Serbia","Midfielder","ENG","Nenad","11","182","MILIJA"
"Bojan ISAILOVIC","Zaglebie Lubin","ISAILOVIC","25 Mar 1980","Serbia","Goalkeeper","POL","Bojan","12","192","ISAILOVI"
"Aleksandar LUKOVIC","Udinese","LUKOVIC","23 Oct 1982","Serbia","Defender","ITA","Aleksandar","13","184","LUKOVI"
"Milan JOVANOVIC","Standard Liege","JOVANOVIC","18 Apr 1981","Serbia","Midfielder","BEL","Milan","14","183","JOVANOVI"
"Nikola ZIGIC","Valencia","IGIC","25 Sep 1980","Serbia","Forward","ESP","Nikola","15","202","IGI"
"Ivan OBRADOVIC","Zaragoza","OBRADOVIC","25 Jul 1988","Serbia","Defender","ESP","Ivan","16","181","OBRADOVI"
"Milos KRASIC","CSKA Moscow","KRASIC","01 Nov 1984","Serbia","Midfielder","RUS","Milo","17","185","KRASI"
"Milos NINKOVIC","Dynamo Kyiv","NINKOVIC","25 Dec 1984","Serbia","Midfielder","UKR","Milos","18","179","NINKOVI"
"Radosav PETROVIC","Partizan","PETROVIC","08 Mar 1989","Serbia","Midfielder","SRB","Radosav","19","193","PETROVI"
"Neven SUBOTIC","Borussia Dortmund","SUBOTIC","10 Dec 1988","Serbia","Defender","GER","Neven","20","193","SUBOTI"
"Dragan MRDJA","Vojvodina Novi Sad","MRDJA","23 Jan 1984","Serbia","Forward","SRB","Dragan","21","187","MRDJA"
"Zdravko KUZMANOVIC","VfB Stuttgart","KUZMANOVIC","22 Sep 1987","Serbia","Midfielder","GER","Zdravko","22","187","KUZMANOVI"
"Andjelko DJURICIC","Leiria","JURICIC","21 Nov 1980","Serbia","Goalkeeper","POR","Andelko","23","194","URII"
"Jan MUCHA","Legia Warsaw","MUCHA","05 Dec 1982","Slovakia","Goalkeeper","POL","Jan","1","189","MUCHA"
"Peter PEKARIK","Wolfsburg","PEKARIK","30 Oct 1986","Slovakia","Defender","GER","Peter","2","176","PEKARIK"
"Martin SKRTEL","Liverpool","SKRTEL","15 Dec 1984","Slovakia","Defender","ENG","Martin","3","188","SKRTEL"
"Marek CECH","West Bromwich Albion","CECH","26 Jan 1983","Slovakia","Defender","ENG","Marek","4","181","CECH"
"Radoslav ZABAVNIK","Mainz 05","ZABAVNIK","16 Sep 1980","Slovakia","Defender","GER","Radoslav","5","180","ZABAVNIK"
"Zdenko STRBA","Xanthi","STRBA","09 Jun 1976","Slovakia","Midfielder","GRE","Zdenko","6","187","STRBA"
"Vladimir WEISS","Manchester City","WEISS","30 Nov 1989","Slovakia","Midfielder","ENG","Vladimir","7","176","WEISS"
"Jan KOZAK","Timisoara","KOZAK","22 Apr 1980","Slovakia","Midfielder","ROU","Jan","8","192","KOZAK"
"Stanislav SESTAK","Bochum","SESTAK","16 Dec 1982","Slovakia","Forward","GER","Stanislav","9","178","SESTAK"
"Marek SAPARA","Ankaragucu","SAPARA","31 Jul 1982","Slovakia","Midfielder","TUR","Marek","10","176","SAPARA"
"Robert VITTEK","Ankaragucu","VITTEK","01 Apr 1982","Slovakia","Forward","TUR","Robert","11","188","VITTEK"
"Dusan PERNIS","Dundee Utd.","PERNIS","28 Nov 1984","Slovakia","Goalkeeper","SCO","Dusan","12","190","PERNIS"
"Filip HOLOSKO","Besiktas","HOLOSKO","17 Jan 1984","Slovakia","Forward","TUR","Filip","13","186","HOLOSKO"
"Martin JAKUBKO","FC Moscow","JAKUBKO","26 Feb 1980","Slovakia","Forward","RUS","Martin","14","193","JAKUBKO"
"Miroslav STOCH","Twente Enschede","STOCH","19 Oct 1989","Slovakia","Midfielder","NED","Miroslav","15","168","STOCH"
"Jan DURICA","Hannover 96","DURICA","10 Dec 1981","Slovakia","Defender","GER","Jan","16","187","DURICA"
"Marek HAMSIK","Napoli","HAMSIK","27 Jul 1987","Slovakia","Midfielder","ITA","Marek","17","184","HAMSIK"
"Erik JENDRISEK","Kaiserslautern","JENDRISEK","26 Oct 1986","Slovakia","Forward","GER","Erik","18","176","JENDRISEK"
"Juraj KUCKA","Sparta Prague","KUCKA","26 Feb 1987","Slovakia","Midfielder","CZE","Juraj","19","186","KUCKA"
"Kamil KOPUNEK","Spartak Trnava","KOPUNEK","18 May 1984","Slovakia","Midfielder","SVK","Kamil","20","180","KOPUNEK"
"Kornel SALATA","Slovan Bratislava","SALATA","24 Jan 1985","Slovakia","Defender","SVK","Kornel","21","190","SALATA"
"Martin PETRAS","Cesena","PETRAS","02 Nov 1979","Slovakia","Defender","ITA","Martin","22","187","PETRAS"
"Dusan KUCIAK","Vaslui","KUCIAK","21 May 1985","Slovakia","Goalkeeper","ROU","Dusan","23","195","KUCIAK"
"Samir HANDANOVIC","Udinese","HANDANOVIC","14 Jul 1984","Slovenia","Goalkeeper","ITA","Samir","1","193","HANDANOVI S."
"Miso BRECKO","FC Cologne","BRECKO","01 May 1984","Slovenia","Defender","GER","Mio","2","172","BREKO"
"Elvedin DZINIC","Maribor","DINIC","25 Aug 1985","Slovenia","Defender","SVN","Elvedin","3","189","DINI"
"Marko SULER","Gent","ULER","09 Mar 1983","Slovenia","Defender","BEL","Marko","4","187","ULER"
"Bostjan CESAR","Grenoble","CESAR","09 Jul 1982","Slovenia","Defender","FRA","Botjan","5","190","CESAR"
"Branko ILIC","FC Moscow","ILIC","06 Feb 1983","Slovenia","Defender","RUS","Branko","6","186","ILI"
"Nejc PECNIK","Nacional Madeira","PECNIK","03 Jan 1986","Slovenia","Forward","POR","Nejc","7","187","PENIK"
"Robert KOREN","West Bromwich Albion","KOREN","20 Sep 1980","Slovenia","Midfielder","ENG","Robert","8","173","KOREN"
"Zlatan LJUBIJANKIC","Gent","LJUBIJANKIC","15 Dec 1983","Slovenia","Forward","BEL","Zlatan","9","185","LJUBIJANKI"
"Valter BIRSA","Auxerre","BIRSA","07 Aug 1986","Slovenia","Midfielder","FRA","Valter","10","180","BIRSA"
"Milivoje NOVAKOVIC","FC Cologne","NOVAKOVIC","18 May 1979","Slovenia","Forward","GER","Milivoje","11","191","NOVAKOVI"
"Jasmin HANDANOVIC","Mantova","HANDANOVIC","28 Jan 1978","Slovenia","Goalkeeper","ITA","Jasmin","12","197","HANDANOVI J."
"Bojan JOKIC","Chievo","JOKIC","17 May 1986","Slovenia","Defender","ITA","Bojan","13","171","JOKI"
"Zlatko DEDIC","Bochum","DEDIC","05 Oct 1984","Slovenia","Forward","GER","Zlatko","14","172","DEDI"
"Rene KRHIN","Inter","KRHIN","21 May 1990","Slovenia","Midfielder","ITA","Rene","15","184","KRHIN"
"Aleksander SELIGA","Sparta Rotterdam","ELIGA","01 Feb 1980","Slovenia","Goalkeeper","NED","Aleksander","16","187","ELIGA"
"Andraz KIRM","Wisla Krakow","KIRM","06 Sep 1984","Slovenia","Midfielder","POL","Andraz","17","185","KIRM"
"Aleksandar RADOSAVLJEVIC","Larissa","RADOSAVLJEVIC","25 Apr 1979","Slovenia","Midfielder","GRE","Aleksandar","18","181","RADOSAVLJEVI"
"Suad FILEKOVIC","Maribor","FILEKOVIC","16 Sep 1978","Slovenia","Defender","SVN","Suad","19","190","FILEKOVI"
"Andrej KOMAC","Maccabi Tel-Aviv","KOMAC","04 Dec 1979","Slovenia","Midfielder","ISR","Andrej","20","170","KOMAC"
"Dalibor STEVANOVIC","Vitesse Arnhem","STEVANOVIC","27 Sep 1984","Slovenia","Midfielder","NED","Dalibor","21","183","STEVANOVI"
"Matej MAVRIC","TuS Koblenz","ROIC MAVRIC","29 Jan 1979","Slovenia","Defender","GER","Matej","22","186","MAVRI"
"Tim MATAVZ","Groningen","MATAV","13 Jan 1989","Slovenia","Forward","NED","Tim","23","190","MATAV"
"Moneeb JOSEPHS","Orlando Pirates","JOSEPHS","19 May 1980","South Africa","Goalkeeper","RSA","Moneeb","1","184","JOSEPHS"
"Siboniso GAXA","Mamelodi Sundowns","GAXA","06 Apr 1984","South Africa","Defender","RSA","Siboniso","2","178","GAXA"
"Tsepo MASILELA","Maccabi Haifa","MASILELA","05 May 1985","South Africa","Defender","ISR","Tsepo","3","174","MASILELA"
"Aaron MOKOENA","Portsmouth","MOKOENA","25 Nov 1980","South Africa","Defender","ENG","Teboho Aaron","4","183","MOKOENA"
"Anele NGCONGCA","Racing Genk","NGCONGCA","20 Oct 1987","South Africa","Defender","BEL","Anele Calvin","5","177","NGCONGCA"
"MacBeth SIBAYA","Rubin Kazan","SIBAYA","25 Nov 1977","South Africa","Midfielder","RUS","Ntuthuko MacBeth-Mao","6","176","SIBAYA"
"Lance DAVIDS","Ajax Cape Town","DAVIDS","11 Apr 1985","South Africa","Midfielder","RSA","Lance","7","171","DAVIDS"
"Siphiwe TSHABALALA","Kaizer Chiefs","TSHABALALA","25 Sep 1984","South Africa","Midfielder","RSA","Siphiwe","8","170","TSHABALALA"
"Katlego MPHELA","Mamelodi Sundowns","MPHELA","29 Nov 1984","South Africa","Forward","RSA","Katlego","9","180","MPHELA"
"Steven PIENAAR","Everton","PIENAAR","17 Mar 1982","South Africa","Midfielder","ENG","Steven Jerome","10","173","PIENAAR"
"Teko MODISE","Orlando Pirates","MODISE","22 Dec 1982","South Africa","Midfielder","RSA","Teko","11","172","MODISE"
"Reneilwe LETSHOLONYANE","Kaizer Chiefs","LETSHOLONYANE","09 Jun 1982","South Africa","Midfielder","RSA","Reneilwe","12","173","LETSHOLONYANE"
"Kagisho DIKGACOI","Fulham","DIKGACOI","24 Nov 1984","South Africa","Midfielder","ENG","Kagisho","13","180","DIKGACOI"
"Matthew BOOTH","Mamelodi Sundowns","BOOTH","14 Mar 1977","South Africa","Defender","RSA","Matthew Paul","14","198","BOOTH"
"Lucas THWALA","Orlando Pirates","THWALA","19 Oct 1981","South Africa","Defender","RSA","Lucas","15","170","THWALA"
"Itumeleng KHUNE","Kaizer Chiefs","KHUNE","20 Jun 1987","South Africa","Goalkeeper","RSA","Itumeleng","16","180","KHUNE"
"Bernard PARKER","Twente Enschede","PARKER","16 Mar 1986","South Africa","Forward","NED","Bernard Melvin","17","172","PARKER"
"Siyabonga NOMVETHE","Moroka Swallows","NOMVETHE","02 Dec 1977","South Africa","Forward","RSA","Siyabonga Eugene","18","173","NOMVETHE"
"Surprise MORIRI","Mamelodi Sundowns","MORIRI","20 Mar 1980","South Africa","Midfielder","RSA","Surprise","19","173","MORIRI"
"Bongani KHUMALO","SuperSport Utd.","KHUMALO","06 Jan 1987","South Africa","Defender","RSA","Bongani","20","184","KHUMALO"
"Siyabonga SANGWENI","Golden Arrows","SANGWENI","29 Sep 1981","South Africa","Defender","RSA","Siyabonga","21","182","SANGWENI"
"Shu-Aib WALTERS","Maritzburg Utd.","WALTERS","26 Dec 1981","South Africa","Goalkeeper","RSA","Shu-Aib","22","188","WALTERS"
"Thanduyise KHUBONI","Golden Arrows","KHUBONI","23 May 1986","South Africa","Midfielder","RSA","Thanduyise","23","181","KHUBONI"
"Iker CASILLAS","Real Madrid","CASILLAS FERNANDEZ","20 May 1981","Spain","Goalkeeper","ESP","Iker","1","184","CASILLAS"
"Raul ALBIOL","Real Madrid","ALBIOL TORTAJADA","04 Sep 1985","Spain","Defender","ESP","Raul","2","187","R.ALBIOL"
"Gerard PIQUE","Barcelona","PIQUE BERNABEU","02 Feb 1987","Spain","Defender","ESP","Gerard","3","192","PIQU"
"Carlos MARCHENA","Valencia","MARCHENA LOPEZ","31 Jul 1979","Spain","Defender","ESP","Carlos","4","182","C.MARCHENA"
"Carles PUYOL","Barcelona","PUYOL SAFORCADA","13 Apr 1978","Spain","Defender","ESP","Carlos","5","178","PUYOL"
"Andres INIESTA","Barcelona","INIESTA LUJAN","11 May 1984","Spain","Midfielder","ESP","Andres","6","170","A.INIESTA"
"David VILLA","Valencia","VILLA SANCHEZ","03 Dec 1981","Spain","Forward","ESP","David","7","175","DAVID VILLA"
"XAVI","Barcelona","HERNANDEZ CREUS","25 Jan 1980","Spain","Midfielder","ESP","Xavier","8","170","XAVI"
"Fernando TORRES","Liverpool","TORRES SANZ","20 Mar 1984","Spain","Forward","ENG","Fernando Jos","9","181","TORRES"
"Cesc FABREGAS","Arsenal","FABREGAS SOLER","04 May 1987","Spain","Midfielder","ENG","Francesc","10","175","FABREGAS"
"Joan CAPDEVILA","Villarreal","CAPDEVILA MENDEZ","03 Feb 1978","Spain","Defender","ESP","Joan","11","182","CAPDEVILA"
"Victor VALDES","Barcelona","VALDES ARRIBAS","14 Jan 1982","Spain","Goalkeeper","ESP","Victor","12","183","V.VALDES"
"Juan Manuel MATA","Valencia","MATA GARCIA","28 Apr 1988","Spain","Forward","ESP","Juan Manuel","13","174","MATA"
"XABI ALONSO","Real Madrid","ALONSO OLANO","25 Nov 1981","Spain","Midfielder","ESP","Xabier","14","183","ALONSO"
"SERGIO RAMOS","Real Madrid","RAMOS GARCIA","30 Mar 1986","Spain","Defender","ESP","Sergio","15","183","RAMOS"
"Sergio BUSQUETS","Barcelona","BUSQUETS BURGOS","16 Jul 1988","Spain","Midfielder","ESP","Sergio","16","189","SERGIO"
"Alvaro ARBELOA","Real Madrid","ARBELOA COCA","17 Jan 1983","Spain","Defender","ESP","Alvaro","17","184","ARBELOA"
"PEDRO","Barcelona","RODRIGUE LEDESMA","28 Jul 1987","Spain","Forward","ESP","Pedro Eliezer","18","169","PEDRO"
"Fernando LLORENTE","Athletic Bilbao","LLORENTE TORRES","26 Feb 1985","Spain","Forward","ESP","Fernando Javier","19","194","LLORENTE"
"Javier MARTINEZ","Athletic Bilbao","MARTINEZ AGUINAGA","02 Sep 1988","Spain","Midfielder","ESP","Javier","20","190","J.MARTINEZ"
"DAVID SILVA","Valencia","JIMENEZ SILVA","08 Jan 1986","Spain","Midfielder","ESP","David Josue","21","177","SILVA"
"Jesus NAVAS","Sevilla FC","NAVAS GONZALEZ","21 Nov 1985","Spain","Forward","ESP","Jesus","22","172","J.NAVAS"
"Pepe REINA","Liverpool","REINA PAEZ","31 Aug 1982","Spain","Goalkeeper","ENG","Jos Manuel","23","187","REINA"
"Diego BENAGLIO","Wolfsburg","BENAGLIO","08 Sep 1983","Switzerland","Goalkeeper","GER","Diego","1","193","BENAGLIO"
"Stephan LICHTSTEINER","Lazio","LICHTSTEINER","16 Jan 1984","Switzerland","Defender","ITA","Stephan","2","180","LICHTSTEINER"
"Ludovic MAGNIN","FC Zurich","MAGNIN","20 Apr 1979","Switzerland","Defender","SUI","Ludovic","3","186","MAGNIN"
"Philippe SENDEROS","Everton","SENDEROS","14 Feb 1985","Switzerland","Defender","ENG","Philippe","4","190","SENDEROS"
"Steve VON BERGEN","Hertha Berlin","VON BERGEN","10 Jun 1983","Switzerland","Defender","GER","Steve","5","183","VON BERGEN"
"Benjamin HUGGEL","Basel","HUGGEL","07 Jul 1977","Switzerland","Midfielder","SUI","Benjamin","6","190","HUGGEL"
"Tranquillo BARNETTA","Bayer Leverkusen","BARNETTA","22 May 1985","Switzerland","Midfielder","GER","Tranquillo","7","178","BARNETTA"
"Gokhan INLER","Udinese","INLER","27 Jun 1984","Switzerland","Midfielder","ITA","Gokhan","8","183","INLER"
"Alexander FREI","Basel","FREI","15 Jul 1979","Switzerland","Forward","SUI","Alexander","9","180","FREI"
"Blaise NKUFO","Twente Enschede","NKUFO","25 May 1975","Switzerland","Forward","NED","Blaise","10","186","NKUFO"
"Valon BEHRAMI","West Ham Utd.","BEHRAMI","19 Apr 1985","Switzerland","Midfielder","ENG","Valon","11","184","BEHRAMI"
"Marco WOELFLI","Young Boys","WLFLI","22 Aug 1982","Switzerland","Goalkeeper","SUI","Marco","12","185","WLFLI"
"Stephane GRICHTING","Auxerre","GRICHTING","30 Mar 1979","Switzerland","Defender","FRA","Stephane","13","186","GRICHTING"
"Marco PADALINO","Sampdoria","PADALINO","08 Dec 1983","Switzerland","Midfielder","ITA","Marco","14","177","PADALINO"
"Hakan YAKIN","Lucerne","YAKIN","22 Feb 1977","Switzerland","Midfielder","SUI","Hakan","15","180","YAKIN"
"Gelson FERNANDES","Saint-Etienne","TAVARES FERNANDES","02 Sep 1986","Switzerland","Midfielder","FRA","Gelson","16","183","FERNANDES"
"Reto ZIEGLER","Sampdoria","ZIEGLER","16 Jan 1986","Switzerland","Defender","ITA","Reto","17","183","ZIEGLER"
"Albert BUNJAKU","Nuremberg","BUNJAKU","29 Nov 1983","Switzerland","Forward","GER","Albert","18","178","BUNJAKU"
"Eren DERDIYOK","Bayer Leverkusen","DERDIYOK","12 Jun 1988","Switzerland","Forward","GER","Eren","19","190","DERDIYOK"
"Pirmin SCHWEGLER","Eintracht Frankfurt","SCHWEGLER","09 Mar 1987","Switzerland","Midfielder","GER","Pirmin","20","178","SCHWEGLER"
"Johnny LEONI","FC Zurich","LEONI","30 Jun 1984","Switzerland","Goalkeeper","SUI","Johnny","21","189","LEONI"
"Mario EGGIMANN","Hannover 96","EGGIMANN","24 Jan 1981","Switzerland","Defender","GER","Mario","22","184","EGGIMANN"
"Xherdan SHAQIRI","Basel","SHAQIRI","10 Oct 1991","Switzerland","Midfielder","SUI","Xherdan","23","169","SHAQIRI"
"Fernando MUSLERA","Lazio","MUSLERA MICOL","16 Jun 1986","Uruguay","Goalkeeper","ITA","Nestor Fernando","1","190","MUSLERA"
"Diego LUGANO","Fenerbahce","LUGANO MORENO","02 Nov 1980","Uruguay","Defender","TUR","Diego Alfredo","2","188","LUGANO"
"Diego GODIN","Villarreal","GODIN LEAL","16 Feb 1986","Uruguay","Defender","ESP","Diego Roberto","3","185","GODIN"
"Jorge FUCILE","Porto","FUCILE PERDOMO","19 Nov 1984","Uruguay","Defender","POR","Jorge Ciro","4","177","FUCILE"
"Walter GARGANO","Napoli","GARGANO GUEVARA","23 Jul 1984","Uruguay","Midfielder","ITA","Walter Alejandro","5","168","GARGANO"
"Mauricio VICTORINO","Univ. de Chile","VICTORINO DANSILIO","11 Oct 1982","Uruguay","Defender","CHI","Mauricio Bernardo","6","182","VICTORINO"
"Edinson CAVANI","Palermo","CAVANI GOMEZ","14 Feb 1987","Uruguay","Forward","ITA","Edinson Roberto","7","188","CAVANI"
"Sebastian EGUREN","AIK Stockholm","EGUREN LEDESMA","08 Jan 1981","Uruguay","Midfielder","SWE","Sebastian","8","186","EGUREN"
"Luis SUAREZ","Ajax","SUAREZ DIAZ","24 Jan 1987","Uruguay","Forward","NED","Luis Alberto","9","181","SUAREZ"
"Diego FORLAN","Atletico Madrid","FORLN CORAZO","19 May 1979","Uruguay","Forward","ESP","Diego","10","181","FORLAN"
"Alvaro PEREIRA","Porto","PEREIRA BARRAGAN","28 Nov 1985","Uruguay","Midfielder","POR","Alvaro Daniel","11","182","A.PEREIRA"
"Juan CASTILLO","Deportivo Cali","CASTILLO IRIART","17 Apr 1978","Uruguay","Goalkeeper","COL","Juan Guillermo","12","181","CASTILLO"
"Sebastian ABREU","Botafogo","ABREU GALLO","17 Oct 1976","Uruguay","Forward","BRA","Washington Sebastian","13","193","W.S.ABREU.G"
"Nicolas LODEIRO","Ajax","LODEIRO BENITEZ","21 Mar 1989","Uruguay","Midfielder","NED","Marcelo Nicolas","14","173","LODEIRO"
"Diego PEREZ","Monaco","PEREZ AGUADO","18 May 1980","Uruguay","Midfielder","FRA","Diego Fernando","15","176","PEREZ"
"Maximiliano PEREIRA","Benfica","PEREIRA PAEZ","08 Jun 1984","Uruguay","Defender","POR","Victorio Maximiliano","16","173","M.PEREIRA"
"Egidio AREVALO","Penarol","AREVALO RIOS","01 Jan 1982","Uruguay","Midfielder","URU","Egidio Raul","17","168","AREVALO RIOS"
"Ignacio GONZALEZ","Valencia","GONZALEZ GATTI","14 May 1982","Uruguay","Midfielder","ESP","Ignacio Maria","18","180","I.GONZALEZ"
"Andres SCOTTI","Colo Colo","SCOTTI PONCE DE LEON","14 Dec 1975","Uruguay","Defender","CHI","Andres","19","183","SCOTTI"
"Alvaro FERNANDEZ","Univ. de Chile","FERNANDEZ GAY","11 Oct 1985","Uruguay","Midfielder","CHI","Alvaro A.","20","185","FERNANDEZ"
"Sebastian FERNANDEZ","Banfield","FERNANDEZ MIGLIERINA","23 May 1985","Uruguay","Forward","ARG","Sebastin Bruno","21","167","S.FERNANDEZ"
"Martin CACERES","Juventus","CACERES SILVA","07 Apr 1987","Uruguay","Defender","ITA","Jos Martn","22","178","CACERES"
"Martin SILVA","Defensor Sporting","SILVA LEITES","25 Mar 1983","Uruguay","Goalkeeper","URU","Martin Andres","23","187","SILVA"
"Tim HOWARD","Everton","HOWARD","06 Mar 1979","USA","Goalkeeper","ENG","Timothy Matthew","1","187","HOWARD"
"Jonathan SPECTOR","West Ham Utd.","SPECTOR","01 Mar 1986","USA","Defender","ENG","Jonathan Michael Paul","2","183","SPECTOR"
"Carlos BOCANEGRA","Rennes","BOCANEGRA","25 May 1979","USA","Defender","FRA","Carlos Manuel","3","184","BOCANEGRA"
"Michael BRADLEY","Borussia Moenchengladbach","BRADLEY","31 Jul 1987","USA","Midfielder","GER","Michael Sheehan","4","185","BRADLEY"
"Oguchi ONYEWU","AC Milan","ONYEWU","13 May 1982","USA","Defender","ITA","Oguchialu Chijioke","5","192","ONYEWU"
"Steve CHERUNDOLO","Hannover 96","CHERUNDOLO","19 Feb 1979","USA","Defender","GER","Steven Emil","6","168","CHERUNDOLO"
"DaMarcus BEASLEY","Rangers","BEASLEY","24 May 1982","USA","Midfielder","SCO","DaMarcus Lamont","7","170","BEASLEY"
"Clint DEMPSEY","Fulham","DEMPSEY","09 Mar 1983","USA","Midfielder","ENG","Clinton","8","185","DEMPSEY"
"Herculez GOMEZ","Puebla","GOMEZ","06 Apr 1982","USA","Forward","MEX","Herculez","9","178","GOMEZ"
"Landon DONOVAN","Los Angeles Galaxy","DONOVAN","04 Mar 1982","USA","Midfielder","USA","Landon Timothy","10","173","DONOVAN"
"Stuart HOLDEN","Bolton Wanderers","HOLDEN","01 Aug 1985","USA","Midfielder","ENG","Stuart Alistair","11","178","HOLDEN"
"Jonathan BORNSTEIN","Chivas USA","BORNSTEIN","07 Nov 1984","USA","Defender","USA","Jonathan Rey","12","175","BORNSTEIN"
"Ricardo CLARK","Eintracht Frankfurt","CLARK","10 Feb 1983","USA","Midfielder","GER","Ricardo Anthony","13","178","CLARK"
"Edson BUDDLE","Los Angeles Galaxy","BUDDLE","21 May 1981","USA","Forward","USA","Edson Michael","14","185","BUDDLE"
"Jay DeMERIT","Watford","DE MERIT","04 Dec 1979","USA","Defender","ENG","Jay Michael","15","180","DEMERIT"
"Francisco TORRES","Pachuca","TORRES MEZZELL","29 Oct 1987","USA","Midfielder","MEX","Jose Francisco","16","168","TORRES"
"Jozy ALTIDORE","Hull City","ALTIDORE","06 Nov 1989","USA","Forward","ENG","Josmer Volmy","17","185","ALTIDORE"
"Brad GUZAN","Aston Villa","GUZAN","09 Sep 1984","USA","Goalkeeper","ENG","Bradley Edwin","18","193","GUZAN"
"Maurice EDU","Rangers","EDU","18 Apr 1986","USA","Midfielder","SCO","Maurice","19","183","EDU"
"Robbie FINDLEY","Real Salt Lake","FINDLEY","04 Aug 1985","USA","Forward","USA","Robert","20","175","FINDLEY"
"Clarence GOODSON","IK Start","GOODSON IV","17 May 1982","USA","Defender","NOR","Clarence Edgar","21","193","GOODSON"
"Benny FEILHABER","AGF Aarhus","FEILHABER","19 Jan 1985","USA","Midfielder","DEN","Benny","22","175","FEILHABER"
"Marcus HAHNEMANN","Wolverhampton","HAHNEMANN","15 Jun 1972","USA","Goalkeeper","ENG","Marcus","23","192","HAHNEMANN"
