"weight","player_name","club","position","age","height","birthplace","player_num"
"154","David Accam","Chicago Fire","F","24","5' 9''","Ghana","11"
"150","Kellyn Acosta","FC Dallas","D M","19","5' 10''","USA","23"
"180","Adalton","Chicago Fire","D","31","6' 3''","Brazil","NA"
"165","Sam Adekugbe","Vancouver Whitecaps FC","D","19","5' 9''","England","3"
"185","Fanendo Adi","Portland Timbers","F","24","6' 4''","Nigeria","9"
"170","Tesho Akindele","FC Dallas","F","22","6' 1''","Canada","13"
"170","Fatai Alashe","New York Red Bulls","M","21","6'","USA","NA"
"165","Eric Alexander","Real Salt Lake","M","26","6' 1''","USA","12"
"160","Jordan Allen","Seattle Sounders FC","D M","19","5' 11''","USA","7"
"165","Osvaldo Alonso","New England Revolution","M","29","5' 11''","Cuba","6"
"160","Kevin Alston","Chicago Fire","D","26","5' 8''","USA","30"
"180","Quincy Amarikwa","Sporting Kansas City","F","27","5' 9''","USA","24"
"185","Jalil Anibaba","Sporting Kansas City","D","26","6'","USA","NA"
"158","Bernardo Aor","Toronto FC","M","26","5' 8''","Venezuela","NA"
"149","Manny Aparicio","New York Red Bulls","M","19","5' 6''","Argentina","34"
"175","Armando","D.C. United","D","30","6' 1''","Spain","5"
"160","Davy Arnaud","Orlando City SC","M","34","5' 11''","USA","8"
"150","Jairo Arrieta","Houston Dynamo","F","31","5' 9''","Costa Rica","NA"
"154","Corey Ashe","Portland Timbers","M","28","5' 5''","USA","26"
"165","Dairon Asprilla","Real Salt Lake","M F","22","5' 11''","Colombia","NA"
"190","Jeff Attinella","Seattle Sounders FC","GK","26","6' 2''","USA","24"
"160","Micheal Azira","New York City FC","M","27","5' 10''","Uganda","42"
"169","Mehdi Ballouchy","San Jose Earthquakes","M","31","5' 11''","Morocco","NA"
"165","Brandon Barklage","New England Revolution","D","28","5' 11''","USA","26"
"175","Darrius Barnes","Houston Dynamo","D","28","6' 1''","USA","25"
"181","Giles Barnes","San Jose Earthquakes","M","26","5' 11''","England","23"
"171","Leandro Barrera","Seattle Sounders FC","M","23","5' 8''","Argentina","NA"
"185","Chad Barrett","Columbus Crew SC","F","29","5' 11''","USA","19"
"170","Chad Barson","Houston Dynamo","D","23","5' 10''","USA","21"
"145","DaMarcus Beasley","Real Salt Lake","D M","32","5' 8''","USA","21"
"165","Kyle Beckerman","Columbus Crew SC","M","32","5' 11''","USA","5"
"204","Adam Bedell","Vancouver Whitecaps FC","F","23","6' 6''","USA","29"
"170","Steven Beitashour","Toronto FC","D M","27","5' 10''","USA","33"
"165","Kyle Bekker","Montreal Impact","M","24","5' 9''","Canada","8"
"140","Louis Bland-Goyette","Real Salt Lake","M","19","5' 8''","Canada","27"
"150","Tony Beltran","Toronto FC","D","27","5' 8''","USA","2"
"217","Joe Bendik","San Jose Earthquakes","GK","25","6' 2''","USA","12"
"190","Vctor Bernrdez","Colorado Rapids","D","32","6' 2''","Honduras","5"
"205","John Berner","Montreal Impact","GK","23","6' 3''","USA","12"
"170","Patrice Bernier","Philadelphia Union","M","35","5' 9''","Canada","8"
"188","Austin Berry","Sporting Kansas City","D","26","6' 2''","USA","4"
"170","Matt Besler","Sporting Kansas City","D","27","6'","USA","5"
"165","Nick Besler","D.C. United","M","21","6' 1''","USA","NA"
"171","Claudio Bieler","Philadelphia Union","F","30","5' 11''","Argentina","16"
"180","Steve Birnbaum","Toronto FC","D","23","6' 2''","USA","15"
"175","Andre Blake","Portland Timbers","GK","24","6' 4''","Jamaica","1"
"162","Mark Bloom","D.C. United","D","27","5' 11''","USA","28"
"175","Nat Borchers","New York Red Bulls","D","33","6' 2''","USA","NA"
"185","Bobby Boswell","New England Revolution","D","31","6' 2''","USA","32"
"144","Rubn Bover","Toronto FC","M","22","5' 7''","Spain","21"
"170","Tristan Bowen","New York City FC","F","23","5' 11''","USA","NA"
"179","Michael Bradley","Colorado Rapids","M","27","6' 2''","USA","4"
"170","Jeb Brovsky","Houston Dynamo","D","26","6' 1''","USA","NA"
"170","Deshorn Brown","New England Revolution","F","24","6' 2''","Jamaica","26"
"194","Will Bruin","Colorado Rapids","F","25","6' 2''","USA","12"
"175","Teal Bunbury","Colorado Rapids","F","24","6' 2''","Canada","10"
"180","Marc Burch","Montreal Impact","D","30","6' 1''","USA","4"
"195","Bobby Burling","New York Red Bulls","D","30","6' 5''","USA","NA"
"186","Evan Bush","Montreal Impact","G","28","6' 1''","USA","30"
"160","Michael Bustamante","New York Red Bulls","M","25","5' 9''","Colombia","23"
"165","Victor Cabrera","New England Revolution","D","21","6'","Argentina","NA"
"150","Tim Cahill","Toronto FC","M","35","5' 10''","Australia","17"
"150","Scott Caldwell","Colorado Rapids","M","23","5' 8''","USA","6"
"195","Steven Caldwell","Montreal Impact","D","34","6' 2''","Scotland","13"
"160","Caleb Calvert","Vancouver Whitecaps FC","F","18","6' 2''","USA","NA"
"190","Hassoun Camara","Philadelphia Union","D","28","6' 2''","France","6"
"185","Marco Carducci","Orlando City SC","GK","18","6' 1''","Canada","44"
"155","Brian Carroll","New York Red Bulls","M","33","5' 10''","USA","7"
"170","Tony Cascio","FC Dallas","M","24","6'","USA","NA"
"184","Santiago Castao","San Jose Earthquakes","GK","19","6' 2''","USA","24"
"150","Fabin Castillo","Orlando City SC","F","22","5' 8''","Colombia","11"
"150","Cordell Cato","Portland Timbers","M","22","5' 9''","Trinidad and Tobago","7"
"165","Darwin Cern","New York Red Bulls","M","25","5' 7''","El Salvador","17"
"150","Diego Chara","Houston Dynamo","M","28","5' 8''","Colombia","21"
"155","Ian Christianson","Columbus Crew SC","M","23","5' 11''","United States","6"
"160","Ricardo Clark","Vancouver Whitecaps FC","M","31","5' 10''","USA","13"
"192","Steve Clark","Sporting Kansas City","GK","28","6' 2''","USA","1"
"165","Caleb Clarke","Houston Dynamo","F","21","6' 1''","Canada","34"
"155","Jorge Claros","Chicago Fire","M","29","5' 9''","Honduras","20"
"195","A.J. Cochran","Chicago Fire","D","21","6' 3''","USA","16"
"140","Greg Cochrane","Orlando City SC","D","24","5' 8''","USA","16"
"161","Razvan Cocis","Orlando City SC","M","31","5' 11''","Romania","30"
"169","Aurlien Collin","Seattle Sounders FC","D","28","6' 2''","France","NA"
"198","Gustavo Silva Conceicao","FC Dallas","D","28","6' 1''","Brazil","NA"
"210","Kenny Cooper","Toronto FC","F","30","6' 3''","USA","33"
"175","Coy Craft","Montreal Impact","F","17","6' 2''","USA","NA"
"170","Warren Creavalle","San Jose Earthquakes","D","24","5' 11''","USA","3"
"199","Maxime Crpeau","Philadelphia Union","GK","20","5' 11''","Canada","40"
"165","Sam Cronin","New England Revolution","M","28","5' 10''","USA","4"
"170","Danny Cruz","Houston Dynamo","D M","25","5' 8''","USA","44"
"175","Charlie Davies","New York Red Bulls","F","28","5' 10''","USA","9"
"170","Brad Davis","Vancouver Whitecaps FC","M","33","5' 11''","USA","11"
"165","Sean Davis","Toronto FC","M","21","6'","Active","NA"
"198","Christian Dean","LA Galaxy","D","21","6' 3''","USA","22"
"143","Jermain Defoe","D.C. United","F","32","5' 7''","England","18"
"150","A.J. DeLaGarza","Toronto FC","D","27","5' 9''","USA","20"
"170","Nick DeLeon","Honduras","M","24","5' 10''","USA","14"
"146","Marco Delgado","Seattle Sounders FC","M","19","5' 9''","USA","NA"
"NA","Edder Delgado","Houston Dynamo","M","28","5' 9''","Honduras","12"
"170","Clint Dempsey","FC Dallas","F","31","6' 1''","USA","2"
"185","Tyler Deric","Toronto FC","GK","26","6' 3''","USA","24"
"137","Mauro Daz","San Jose Earthquakes","M","23","5' 7''","Argentina","10"
"213","Bright Dike","Chicago Fire","F","27","6'","United States","7"
"140","Yannick Djalo","Montreal Impact","M","28","5' 6''","Guinea-Bissau","10"
"180","Guilherme do Prado","Chicago Fire","F","33","6' 3''","Brazil","NA"
"160","Marco Donadel","New England Revolution","M","31","5' 10''","Italy","33"
"180","Patrick Doody","D.C. United","D","22","6'","United States","NA"
"160","Andy Dorman","D.C. United","M","32","6' 1''","England","12"
"172","Conor Doyle","Montreal Impact","F","23","6' 2''","USA","30"
"152","Andrew Driver","LA Galaxy","M","27","5' 9''","England","NA"
"160","Dilly Duka","New York City FC","M","25","5' 9''","USA","11"
"175","Todd Dunivant","New York Red Bulls","D","34","6' 1''","USA","2"
"163","Matt Dunn","Sporting Kansas City","M","20","5' 10''","USA","NA"
"150","Chris Duvall","D.C. United","D","23","5' 10''","USA","25"
"180","Dom Dwyer","Philadelphia Union","F","24","5' 9''","England","14"
"195","Andrew Dykstra","Sporting Kansas City","GK","29","6' 4''","USA","50"
"170","Otis Earle","Colorado Rapids","D","22","6'","England","NA"
"170","Maurice Edu","D.C. United","M","28","6'","USA","21"
"160","Kevin Ellis","Sporting Kansas City","D","23","5' 9''","USA","4"
"155","Charles Eloundou","D.C. United","F","20","5' 7''","Cameroon","19"
"160","Fabin Espndola","Orlando City SC","F","29","5' 9''","Argentina","9"
"170","Roger Espinoza","Seattle Sounders FC","M","28","5' 11''","Honduras","27"
"160","David Estrada","Philadelphia Union","M F","26","5' 8''","Mexico","3"
"150","Estrela","New England Revolution","M","19","5' 7''","Angola","NA"
"160","Brad Evans","New England Revolution","M","29","6' 1''","USA","3"
"149","Fbinho","Sporting Kansas City","D","29","5' 7''","Brazil","33"
"140","Diego Fagundez","Philadelphia Union","F","19","5' 8''","Uruguay","14"
"165","Andrew Farrell","Real Salt Lake","D","22","5' 11''","USA","2"
"160","Benny Feilhaber","Portland Timbers","M","29","5' 9''","Brazil","10"
"165","Leo Fernandes","Chicago Fire","M","23","6' 1''","Active","22"
"170","Lalo Fernandez","Toronto FC","GK","22","6' 3''","Mexico","1"
"160","Gastn Fernndez","Columbus Crew SC","F","31","5' 8''","Argentina","10"
"140","Collin Fernandez","New York City FC","M","17","5' 8''","Active","NA"
"165","Robbie Findley","Portland Timbers","F","29","5' 9''","USA","NA"
"165","Ethan Finlay","Orlando City SC","M","24","5' 9''","USA","13"
"174","Akira Fitzgerald","San Jose Earthquakes","GK","27","5' 9''","Japan","NA"
"172","George Fochive","Columbus Crew SC","M","22","5' 9''","USA","26"
"175","Josh Ford","D.C. United","GK","27","6'","USA","NA"
"165","Shaun Francis","Seattle Sounders FC","D","28","6'","Jamaica","20"
"160","Waylon Francis","Vancouver Whitecaps FC","D","24","5' 9''","Costa Rica","14"
"160","Sean Franklin","Philadelphia Union","D","29","5' 10''","USA","5"
"195","Stefan Frei","Montreal Impact","G","28","6' 3''","Switzerland","24"
"170","Kianz Froese","Columbus Crew SC","M","18","5' 9''","Cuba","38"
"151","Raymon Gaddis","Houston Dynamo","D","24","5' 9''","USA","28"
"165","Jrmy Gagnon-Lapar","Real Salt Lake","M","19","5' 11''","Canada","50"
"140","Romain Gall","FC Dallas","M","19","5' 9''","France","25"
"150","Boniek Garcia","LA Galaxy","M","30","5' 9''","Honduras","27"
"175","Olmes Garca","Houston Dynamo","F","22","6'","Colombia","13"
"140","Danny Garcia","Chicago Fire","M","21","5' 5''","USA","26"
"175","Dan Gargan","Columbus Crew SC","D","32","5' 11''","USA","33"
"165","Luis Garrido","Real Salt Lake","M","24","5' 7''","Honduras","19"
"160","Eric Gehrig","Toronto FC","D","27","6' 1''","USA","6"
"170","Kevan George","Real Salt Lake","M","24","6' 2''","Trinidad and Tobago","23"
"155","Luis Gil","Toronto FC","M","21","5' 10''","USA","21"
"160","Gilberto","New England Revolution","F","25","5' 10''","Brazil","9"
"145","Justen Glad","Seattle Sounders FC","D","17","6'","USA","14"
"155","Jackson Gonalves","LA Galaxy","M","26","5' 9''","Brazil","11"
"180","Jos Gonalves","FC Dallas","D","29","6' 2''","Portugal","23"
"174","Leo Gonzlez","San Jose Earthquakes","D","34","6' 1''","Costa Rica","12"
"205","Omar Gonzalez","LA Galaxy","D","26","6' 5''","USA","4"
"180","Jesse Gonzalez","New York City FC","GK","19","6' 4''","USA","44"
"180","Clarence Goodson","San Jose Earthquakes","D","32","6' 4''","USA","44"
"190","Alan Gordon","Toronto FC","F","33","6' 3''","USA","9"
"160","Ned Grabavoy","Colorado Rapids","M","31","5' 7''","USA","NA"
"175","Andy Gruenebaum","New England Revolution","G","32","6' 1''","USA","NA"
"193","Nick Hagglund","Orlando City SC","D","22","6' 1''","USA","17"
"157","Marlon Hairston","D.C. United","M","2015","6'","USA","94"
"177","Jeremy Hall","D.C. United","M","26","5' 10''","USA","NA"
"215","Tally Hall","Toronto FC","GK","29","6' 4''","USA","NA"
"185","Markus Halsti","San Jose Earthquakes","M D","30","6' 1''","Finland","NA"
"225","Bill Hamid","Colorado Rapids","GK","24","6' 3''","USA","28"
"194","Jordan Hamilton","FC Dallas","F","18","6'","Canada","22"
"190","Ty Harden","Vancouver Whitecaps FC","D","30","6' 1''","USA","2"
"170","Michael Harrington","Orlando City SC","D","28","6'","USA","NA"
"185","Atiba Harris","FC Dallas","M F","30","6' 3''","Saint Kitts and Nevis","NA"
"170","Jordan Harvey","New York City FC","D","30","5' 11''","USA","2"
"160","Harrison Heath","FC Dallas","M","18","5' 11''","England","12"
"185","Matt Hedges","Columbus Crew SC","D","24","6' 4''","USA","24"
"170","Jason Hernandez","Houston Dynamo","D","31","5' 10''","USA","NA"
"155","Moises Hernandez","FC Dallas","D","22","6'","USA","3"
"165","Federico Higuain","Philadelphia Union","F","30","5' 8''","Argentina","10"
"160","Chandler Hoffman","Houston Dynamo","F","24","6'","USA","NA"
"180","Ryan Hollingshead","Vancouver Whitecaps FC","M","23","6' 1''","USA","12"
"155","Antoine Hoppenot","LA Galaxy","F","24","5' 8''","USA","29"
"210","David Horst","Chicago Fire","D","29","6' 4''","USA","18"
"180","Erik Hurtado","Houston Dynamo","F M","24","5' 10''","USA","19"
"172","Baggio Husidic","Colorado Rapids","M","27","6' 1''","Bosnia and Herzegovina","6"
"154","Kennedy Igboananike","LA Galaxy","F","25","5' 9''","Nigeria","NA"
"NA","Samuel Inkoom","Montreal Impact","D","25","5' 10''","Ghana","NA"
"195","Clint Irwin","New York City FC","GK","25","6' 3''","USA","1"
"165","Stefan Ishizaki","San Jose Earthquakes","M","32","5' 11''","Sweden","24"
"180","Anthony Jackson-Hamel","Real Salt Lake","F","21","6' 1''","USA","24"
"185","Andrew Jacobson","LA Galaxy","M","29","6' 2''","USA","NA"
"185","Adam Jahn","D.C. United","F","24","6' 3''","USA","14"
"160","Sebastian Jaime","Portland Timbers","F","27","5' 11''","Argentina","23"
"165","Bradford Jamieson","Columbus Crew SC","F","18","6' 1''","USA","38"
"165","Jared Jeffrey","New York City FC","M","24","5' 11''","USA","25"
"185","Jack Jewsbury","D.C. United","M","33","6'","USA","13"
"140","Hector Jimenez","Portland Timbers","M","26","5' 9''","USA","12"
"203","George John","Chicago Fire","D","27","6' 3''","USA","NA"
"180","Eddie Johnson","Houston Dynamo","F","30","6'","USA","7"
"160","Will Johnson","New England Revolution","M","27","5' 10''","Canada","4"
"217","Sean Johnson","Chicago Fire","GK","25","6' 3''","USA","25"
"180","Jason Johnson","Seattle Sounders FC","F","24","6'","Jamaica","14"
"170","Jermaine Jones","Colorado Rapids","M","33","6'","Germany","13"
"160","Joevin Jones","Sporting Kansas City","D M","23","5' 8''","Trinidad","NA"
"175","Darwin Jones","LA Galaxy","F","22","5' 10''","Active","NA"
"150","Jos Mari","Orlando City SC","M","27","5' 11''","Spain","6"
"145","Igor Julio","Columbus Crew SC","D","20","5' 8''","Brazil","40"
"140","Juninho","Chicago Fire","M","26","5' 7''","Brazil","19"
"181","Kak","LA Galaxy","M","32","6' 1''","Brazil","10"
"186","Kei Kamara","FC Dallas","F","30","6' 3''","Sierra Leone","NA"
"190","Alec Kann","D.C. United","GK","24","6' 4''","USA","1"
"160","Robbie Keane","Sporting Kansas City","F","34","5' 9''","Ireland","7"
"185","Stephen Keel","FC Dallas","D","31","6'","USA","22"
"153","Taylor Kemp","D.C. United","D","24","5' 11''","USA","33"
"170","Jon Kempin","Colorado Rapids","GK","21","6' 1''","USA","21"
"200","Dan Kennedy","Colorado Rapids","GK","32","6' 1''","USA","NA"
"160","Perry Kitchen","New England Revolution","M D","22","6'","USA","23"
"172","Chris Klute","New England Revolution","D","24","6' 1''","USA","15"
"225","Zat Knight","Vancouver Whitecaps FC","D","34","6' 6''","England","18"
"180","Brad Knighton","Toronto FC","G","29","6' 1''","USA","18"
"150","Daigo Kobayashi","D.C. United","M","31","5' 10''","Japan","16"
"175","Gershon Koffie","San Jose Earthquakes","M","23","6'","Ghana","28"
"228","Chris Konopka","Seattle Sounders FC","GK","29","6' 5''","USA","1"
"160","Chris Korb","Montreal Impact","D","27","5' 9''","USA","22"
"175","JJ Koval","Montreal Impact","M","22","6' 1''","USA","15"
"155","Aaron Kovar","Portland Timbers","M","21","5' 10''","USA","11"
"161","Krzysztof Krol","Vancouver Whitecaps FC","D","27","6' 1''","Poland","23"
"210","Eric Kronberg","New York Red Bulls","GK","31","6' 5''","USA","NA"
"180","Adam Kwarasey","Philadelphia Union","GK","27","6' 3''","Norway","NA"
"154","Matas Laba","Columbus Crew SC","M","23","5' 9''","Argentina","15"
"145","Connor Lade","Chicago Fire","D","25","5' 7''","USA","16"
"162","Michael Lahoud","Philadelphia Union","M","28","5' 8''","Sierra Leone","13"
"190","Matt Lampson","Montreal Impact","GK","25","6' 3''","USA","28"
"175","Jeff Larentowicz","San Jose Earthquakes","M","31","6' 1''","USA","20"
"190","Cyle Larin","LA Galaxy","F","19","6' 2''","Active","NA"
"155","Sbastien Le Toux","Vancouver Whitecaps FC","F","31","6'","France","11"
"175","Wandrille Lefvre","Houston Dynamo","D","25","6' 1''","France","55"
"190","Steven Lenhart","Seattle Sounders FC","F","28","6' 1''","USA","24"
"185","Leonardo","Sporting Kansas City","D","26","6' 2''","Brazil","22"
"145","Andre Lewis","Montreal Impact","M","20","5' 9''","Jamaica","25"
"175","Michael Lisch","Houston Dynamo","GK","24","6' 4''","Active","30"
"173","Aaron Long","Toronto FC","M","22","6' 1''","USA","25"
"160","Mikey Lopez","Seattle Sounders FC","M","21","5' 8''","USA","12"
"192","Adrin Lpez","FC Dallas","D","27","6'","Spain","26"
"155","Alexander Lpez","New York Red Bulls","M","22","5' 9''","Honduras","10"
"170","Daniel Lovitz","Colorado Rapids","M","23","5' 10''","USA","35"
"175","Damion Lowe","Chicago Fire","D","21","6' 3''","Jamaica","31"
"168","Zach Loyd","Philadelphia Union","D","27","5' 10''","USA","17"
"158","Pguy Luyindula","Montreal Impact","F","35","5' 10''","Democratic Republic of the Congo","8"
"176","Zac MacMath","Vancouver Whitecaps FC","GK","23","6'","USA","NA"
"160","Mike Magee","Toronto FC","F","30","5' 10''","USA","9"
"165","Cristian Maidana","Real Salt Lake","M","27","5' 11''","Argentina","10"
"181","Calum Mallace","Montreal Impact","D","25","6' 1''","Scotland","16"
"140","Kekuta Manneh","Sporting Kansas City","F","20","5' 9''","Gambia","23"
"173","Chris Mannella","Sporting Kansas City","M","20","5' 9''","Canada","20"
"160","Abdoulie Mansally","Philadelphia Union","D","25","5' 10''","Gambia","29"
"160","Justin Mapp","Seattle Sounders FC","M","30","6' 1''","USA","21"
"175","James Marcelin","Montreal Impact","M","28","6' 2''","Haiti","NA"
"196","Luis Marin","Seattle Sounders FC","GK","31","6' 2''","Chile","NA"
"185","Richie Marquez","Vancouver Whitecaps FC","D","2015","6' 2''","USA","16"
"190","Chad Marshall","Philadelphia Union","D","30","6' 4''","USA","14"
"195","Ramon Martin del Campo","New York Red Bulls","D","21","6' 2''","Mexico","NA"
"150","Felipe Martins","Montreal Impact","M","24","5' 9''","Brazil","7"
"154","Obafemi Martins","New York City FC","F","30","5' 7''","Nigeria","9"
"155","Darren Mattocks","New York City FC","F","24","5' 10''","Jamaica","11"
"176","Ras Mbolhi","Seattle Sounders FC","GK","28","6' 3''","France","92"
"150","Dax McCarty","Sporting Kansas City","M","27","5' 9''","USA","11"
"151","Jack McInerney","Sporting Kansas City","F","22","5' 10''","USA","99"
"170","Thomas McNamara","New York City FC","M","23","5' 9''","USA","NA"
"185","Ryan Meara","Columbus Crew SC","GK","24","6' 4''","USA","NA"
"163","Tyrone Mears","San Jose Earthquakes","D","31","5' 11''","England","4"
"150","Jimmy Medranda","LA Galaxy","M","20","5' 5''","Colombia","94"
"190","Tim Melia","Vancouver Whitecaps FC","GK","28","6' 1''","USA","NA"
"194","Andrs Mendoza","New York Red Bulls","D","25","6' 2''","Ecuador","NA"
"165","Justin Meram","FC Dallas","F","26","6' 1''","USA","9"
"195","Bryan Meredith","New York Red Bulls","GK","25","6' 2''","USA","13"
"163","Dan Metzger","Montreal Impact","M","21","5' 10''","Active","NA"
"175","Tommy Meyer","Houston Dynamo","D","24","6' 2''","USA","21"
"150","Nicols Mezquida","Orlando City SC","F M","22","5' 6''","Uruguay","29"
"185","Matt Miazga","Colorado Rapids","D","19","6' 3''","USA","20"
"165","Michel","Toronto FC","M D","33","6' 1''","Brazil","31"
"166","Roy Miller","Real Salt Lake","D","30","6' 2''","Costa Rica","7"
"175","Eric Miller","Vancouver Whitecaps FC","D","21","6' 1''","USA","3"
"NA","Leonel Miranda","Toronto FC","M","21","5' 8''","Argentina","NA"
"145","Kevin Molino","Toronto FC","M","24","5' 11''","Trinidad & Tobago","18"
"165","Drew Moor","Real Salt Lake","D","30","6'","USA","3"
"167","Luke Moore","New York City FC","F","28","5' 9''","England","27"
"150","Javier Morales","Sporting Kansas City","M","35","5' 9''","Argentina","11"
"170","Pedro Morales","Sporting Kansas City","M","29","5' 11''","Chile","77"
"156","Ashtone Morgan","Portland Timbers","D","23","5' 9''","Canada","5"
"153","Justin Morrow","Montreal Impact","D","27","5' 9''","USA","2"
"150","Luke Mulholland","New England Revolution","M","26","5' 9''","England","19"
"175","Patrick Mullins","Seattle Sounders FC","F","22","6' 1''","USA","NA"
"165","Chance Myers","Orlando City SC","D","27","6'","USA","7"
"155","Paulo Nagamura","Colorado Rapids","M","31","5' 8''","Brazil","6"
"165","Darlington Nagbe","Sporting Kansas City","F M","24","5' 9''","Liberia","6"
"160","Issey Nakajima-Farran","New England Revolution","M","30","5' 10''","Canada","17"
"205","Joe Nasco","New England Revolution","GK","30","6' 3''","USA","NA"
"165","Lamar Neagle","Philadelphia Union","M F","27","5' 11''","USA","27"
"155","Lewis Neal","Chicago Fire","M","33","5' 11''","England","NA"
"160","John Neeskens","San Jose Earthquakes","D","21","6' 1''","USA","16"
"165","Krisztian Nemeth","Vancouver Whitecaps FC","F","26","5' 11''","Hungary","NA"
"165","Steve Neumann","Colorado Rapids","M","23","6'","USA","4"
"150","Lee Nguyen","Seattle Sounders FC","M F","28","5' 8''","USA","24"
"140","Vincent Nogueira","Toronto FC","M","26","5' 7''","France","5"
"160","Patrick Nyarko","Orlando City SC","F","28","6'","Ghana","14"
"145","Sanna Nyassi","Real Salt Lake","M","25","5' 8''","Gambia","NA"
"205","Andy O'Brien","Sporting Kansas City","D","35","6' 3''","England","40"
"190","Shane O'Neill","D.C. United","D","21","6' 2''","Ireland","27"
"185","Jimmy Ockford","Toronto FC","D","22","6' 1''","USA","NA"
"160","Dominic Oduro","Montreal Impact","F","29","6'","Ghana","23"
"175","Amobi Okugo","Vancouver Whitecaps FC","M","23","6'","USA","NA"
"170","Boyd Okwuonu","New York Red Bulls","D","21","5' 9''","USA","NA"
"210","Jmison Olave","Chicago Fire","D","33","6' 3''","Colombia","4"
"180","Ike Opara","Sporting Kansas City","D","25","6' 2''","USA","3"
"190","Kofi Opare","Portland Timbers","D","24","6' 2''","Canada","6"
"161","Jonathan Osorio","Seattle Sounders FC","M","22","5' 9''","Canada","21"
"175","Karl Ouimette","Columbus Crew SC","D","22","6'","Canada","34"
"195","David Ousted","Seattle Sounders FC","GK","29","6' 4''","Denmark","1"
"150","Ambroise Oyongo","Orlando City SC","D","23","5' 9''","Cameroon","3"
"160","Lovel Palmer","Portland Timbers","D M","30","5' 10''","Jamaica","5"
"175","Erik Palmer-Brown","LA Galaxy","D","17","6' 1''","USA","2"
"180","Norberto Paparatto","Portland Timbers","D","31","6' 3''","Argentina","23"
"155","Marco Pappa","FC Dallas","M","27","5' 10''","Guatemala","10"
"185","Jeff Parke","Uruguay","D","32","6' 1''","USA","NA"
"159","Michael Parkhurst","San Jose Earthquakes","D","30","5' 11''","USA","4"
"165","Kvin Parsemain","Sporting Kansas City","F","26","5' 10''","Martinique","77"
"175","Heath Pearce","Montreal Impact","D","30","5' 10''","USA","NA"
"185","Taylor Peay","San Jose Earthquakes","D","23","6' 2''","USA","20"
"159","Agustn Pelletieri","Seattle Sounders FC","M","32","5' 8''","Argentina","NA"
"160","Jaime Penedo","San Jose Earthquakes","GK","33","6'","Panama","18"
"160","Jeanderson Pereira","Real Salt Lake","D","23","5' 11''","Brazil","NA"
"174","Blas Prez","D.C. United","F","33","6' 1''","Panama","7"
"179","Diego Prez","Portland Timbers","M","34","5' 10''","Uruguay","15"
"145","Matas Prez Garca","Colorado Rapids","M","30","5' 5''","Argentina","11"
"175","Brian Perk","Orlando City SC","GK","25","5' 11''","USA","NA"
"190","Troy Perkins","Orlando City SC","GK","33","6' 2''","USA","NA"
"170","Damien Perrinelle","Seattle Sounders FC","D","31","6' 1''","France","NA"
"165","Jacob Peterson","Montreal Impact","F","28","5' 10''","USA","37"
"169","Ignacio Piatti","Chicago Fire","M","29","5' 11''","Argentina","10"
"165","Jean-Baptiste Pierazzi","Orlando City SC","M","29","6' 1''","France","80"
"175","Thomas Piermayr","Orlando City SC","D","25","6'","Austria","NA"
"166","Gonzalo Pineda","Portland Timbers","M","32","5' 10''","Mexico","8"
"160","Pablo Pintos","Real Salt Lake","D","27","6'","Uruguay","16"
"135","Joao Plata","Chicago Fire","F","22","5' 2''","Ecuador","8"
"170","Matt Polster","Vancouver Whitecaps FC","D","21","6'","Active","NA"
"149","Martn Ponce","Toronto FC","M","22","5' 6''","Mexico","18"
"170","Chris Pontius","D.C. United","M F","27","6'","USA","13"
"160","Kyle Porter","New York Red Bulls","M","24","6'","Canada","NA"
"175","Cameron Porter","Orlando City SC","F","21","6' 1''","Active","NA"
"165","Alvas Powell","Houston Dynamo","D","20","6'","Jamaica","2"
"170","Dillon Powers","Houston Dynamo","M","23","5' 11''","United States","8"
"185","Alec Purdie","LA Galaxy","F","26","5' 10''","USA","99"
"148","Rafael Ramos","D.C. United","D","20","5' 7''","Portugal","NA"
"155","Rafinha","Montreal Impact","F","22","5' 10''","Brazil","92"
"175","Tommy Redding","Vancouver Whitecaps FC","D","17","6' 2''","USA","4"
"150","Mike Reidy","Seattle Sounders FC","M","23","5' 7''","USA","NA"
"165","Dylan Remick","New England Revolution","D","23","6'","USA","15"
"140","Charles Renken","LA Galaxy","M","21","5' 7''","Zambia","26"
"170","Nigel Reo-Coker","Real Salt Lake","M D","30","5' 9''","England","14"
"193","Kyle Reynish","Columbus Crew SC","GK","31","6' 3''","USA","28"
"Colombia","Carlos Riascos","San Jose Earthquakes","M","20","NA","Active","NA"
"157","Jose Ribas","New York Red Bulls","D","21","5' 9''","Ecuador","NA"
"208","Pedro Ribeiro","Vancouver Whitecaps FC","M","24","6' 4''","Brazil","NA"
"165","Brent Richards","Colorado Rapids","F","24","5' 10''","USA","16"
"195","Spencer Richey","Real Salt Lake","GK","22","6' 2''","Active","NA"
"184","Ryan Richter","Philadelphia Union","D","25","6'","USA","NA"
"215","Donovan Ricketts","Houston Dynamo","GK","37","6' 4''","Jamaica","NA"
"175","Liam Ridgewell","LA Galaxy","D","30","6' 2''","England","24"
"150","James Riley","Real Salt Lake","D","32","5' 10''","USA","NA"
"184","Nick Rimando","New York City FC","G","35","5' 9''","USA","18"
"190","Chris Ritter","Columbus Crew SC","M","24","6' 2''","USA","21"
"185","Sidney Rivera","Real Salt Lake","F","21","6' 2''","Active","NA"
"160","Martin Rivero","Seattle Sounders FC","M","25","5' 9''","Argentina","NA"
"180","Octavio Rivero","FC Dallas","F","22","6' 2''","Uruguay","9"
"165","Michael Roach","Colorado Rapids","M","26","6'","USA","6"
"200","Quillan Roberts","England","GK","20","6'","Canada","40"
"145","Jalen Robinson","Orlando City SC","D","20","5' 9''","USA","20"
"180","Luis Robles","San Jose Earthquakes","GK","30","5' 11''","USA","31"
"170","Nik Robson","Chicago Fire","M","2015","6' 1''","New Zealand","NA"
"161","Bryan Rchez","New England Revolution","F","20","5' 11''","Honduras","NA"
"160","Carlos Rodrguez","D.C. United","D","24","6'","Panama","22"
"142","Memo Rodriguez","Sporting Kansas City","M","19","5' 8''","USA","20"
"165","Raul Rodriguez","Montreal Impact","D","27","6'","Spain","NA"
"165","Robbie Rogers","New England Revolution","M","27","5' 10''","USA","14"
"150","James Rogers","Montreal Impact","F M","21","5' 8''","Sierra Leone","NA"
"165","Cristian Roldan","Columbus Crew SC","M","19","5' 8''","USA","NA"
"155","Chris Rolfe","Columbus Crew SC","F","31","5' 8''","USA","18"
"175","Colin Rolfe","Chicago Fire","F","24","6'","USA","14"
"160","Andrs Romero","San Jose Earthquakes","F","25","5' 10''","Argentina","15"
"165","Mauro Rosales","Real Salt Lake","M","33","5' 8''","Argentina","30"
"170","Andy Rose","Sporting Kansas City","M","24","6' 2''","Australia","5"
"150","Kelyn Rowe","New York Red Bulls","M","23","5' 8''","USA","11"
"185","Brian Rowe","San Jose Earthquakes","GK","26","6' 1''","USA","1"
"213","Brad Rusin","Houston Dynamo","D","28","6' 4''","USA","3"
"163","Darel Russell","Columbus Crew SC","M","34","5' 10''","England","16"
"130","Nic Ryan","Columbus Crew SC","M","23","5' 8''","USA","NA"
"170","lvaro Saboro","Houston Dynamo","F","32","6'","Costa Rica","15"
"141","Mohammed Saeid","New York City FC","M","24","5' 7''","Sweden","NA"
"210","Omar Salgado","Columbus Crew SC","F","21","6' 4''","USA","17"
"150","Shea Salinas","Vancouver Whitecaps FC","M","28","5' 10''","USA","6"
"163","Lloyd Sam","FC Dallas","M","30","5' 8''","England","10"
"165","Ethen Sampson","San Jose Earthquakes","D","21","5' 10''","South Africa","27"
"170","Jossimar Sanchez","New England Revolution","D","23","5' 9''","USA","NA"
"160","Matas Snchez","Montreal Impact","M","27","5' 8''","Argentina","8"
"145","Vicente Snchez","Montreal Impact","F","35","5' 7''","Uruguay","7"
"185","Devon Sandoval","Vancouver Whitecaps FC","F","23","6' 1''","USA","49"
"185","C.J. Sapong","Houston Dynamo","F","26","6' 1''","USA","NA"
"165","Kofi Sarkodie","Colorado Rapids","D","23","5' 9''","USA","8"
"155","Marcelo Sarvas","Columbus Crew SC","M","33","5' 10''","Brazil","8"
"145","Sebastian Saucedo","Portland Timbers","M","17","5' 7''","USA","NA"
"210","Josh Saunders","Orlando City SC","GK","33","6' 4''","USA","NA"
"190","Aaron Schoenfeld","San Jose Earthquakes","F","24","6' 4''","USA","18"
"185","Chris Schuler","FC Dallas","D","27","6' 4''","USA","28"
"170","Billy Schuler","Portland Timbers","F","24","5' 11''","USA","NA"
"175","Zach Scott","Philadelphia Union","D","34","5' 11''","USA","20"
"170","Gonzalo Segares","Portland Timbers","D","32","5' 11''","Costa Rica","NA"
"236","Chris Seitz","New York City FC","GK","27","6' 3''","USA","18"
"176","Ibrahim Sekagya","New York City FC","D","34","6' 1''","Uganda","NA"
"185","Saer Sene","Portland Timbers","F","28","6' 3''","France","NA"
"140","Dillon Serna","Columbus Crew SC","M","20","5' 7''","USA","17"
"185","Conor Shanosky","Portland Timbers","M","23","6' 4''","USA","NA"
"NA","Luke Shaw","Toronto FC","D","19","6' 1''","England","23"
"180","Brek Shea","Vancouver Whitecaps FC","M","24","6' 3''","USA","NA"
"185","Khiry Shelton","FC Dallas","F","21","6' 3''","Active","NA"
"185","Mark Sherrod","Chicago Fire","F","24","6' 3''","USA","NA"
"145","Harry Shipp","New York City FC","M","23","5' 9''","USA","19"
"205","Bobby Shuttleworth","Colorado Rapids","GK","27","6' 2''","USA","22"
"163","Luis Silva","Portland Timbers","M","26","5' 11''","USA","11"
"152","Florent Sinama-Pongolle","Philadelphia Union","F","30","5' 9''","Runion","NA"
"170","Seth Sinovic","Philadelphia Union","D","27","5' 10''","USA","15"
"160","Steven Smith","Philadelphia Union","D","29","5' 10''","Scotland","14"
"165","Yannick Smith","Philadelphia Union","F","24","5' 9''","Active","NA"
"160","Donnie Smith","New York City FC","M","24","5' 11''","USA","NA"
"150","Blake Smith","Houston Dynamo","M","23","5' 10''","USA","19"
"170","A.J. Soares","New York City FC","D","26","6'","USA","5"
"210","Luis Soffner","Portland Timbers","GK","23","6' 4''","USA","NA"
"160","Josue Soto","San Jose Earthquakes","M","26","5' 8''","USA","13"
"190","Bakary Soumare","New York Red Bulls","D","29","6' 4''","Mali","5"
"190","Trevor Spangenberg","San Jose Earthquakes","GK","23","6' 2''","United States","NA"
"155","Ben Speas","Seattle Sounders FC","M","23","5' 8''","USA","17"
"154","Kristinn Steindorsson","LA Galaxy","M","24","5' 8''","Iceland","NA"
"155","Michael Stephens","Portland Timbers","M","25","5' 9''","USA","NA"
"185","Khari Stephenson","FC Dallas","M","33","6' 2''","Jamaica","9"
"170","John Stertzer","FC Dallas","M","24","6'","USA","27"
"158","Martin Steuble","New York Red Bulls","M","26","5' 8''","Switzerland","23"
"145","Eric Stevenson","Sporting Kansas City","M","24","5' 8''","USA","19"
"180","Jordan Stewart","Chicago Fire","D M","32","6'","England","3"
"165","Matt Stinson","FC Dallas","M","22","5' 10''","Canada","15"
"160","Nathan Sturgis","Chicago Fire","M","27","5' 10''","USA","NA"
"180","Brad Stuver","Vancouver Whitecaps FC","GK","23","6' 3''","USA","NA"
"157","Alec Sundly","Portland Timbers","M","22","6'","USA","NA"
"130","Ben Swanson","FC Dallas","M","17","5' 6''","Active","NA"
"175","Ben Sweat","New York Red Bulls","D","23","6' 2''","USA","22"
"195","Jermaine Taylor","Real Salt Lake","D","29","5' 10''","Jamaica","4"
"170","Tony Taylor","Seattle Sounders FC","F","25","6'","USA","NA"
"185","Tony Tchani","New England Revolution","M","25","6' 4''","Cameroon","6"
"150","Russell Teibert","Chicago Fire","M","22","5' 8''","Canada","31"
"179","David Texeira","Sporting Kansas City","F","23","6'","Uruguay","9"
"170","Michael Thomas","Sporting Kansas City","M","26","5' 10''","USA","18"
"175","Hendry Thomas","Toronto FC","M","29","5' 11''","Honduras","NA"
"190","Simon Thomas","New York Red Bulls","GK","24","6' 3''","Canada","39"
"156","Wells Thompson","D.C. United","M","31","5' 10''","USA","15"
"145","Tommy Thompson","Orlando City SC","M","19","5' 7''","USA","22"
"170","Chris Tierney","Houston Dynamo","D","29","6'","USA","8"
"162","Maxim Tissot","Portland Timbers","D","22","5' 11''","Canada","51"
"160","Donny Toia","Real Salt Lake","D","22","5' 8''","USA","25"
"160","Jonathan Top","Seattle Sounders FC","F","21","5' 8''","USA","NA"
"165","Paolo Tornaghi","New York City FC","GK","26","6' 2''","Italy","70"
"168","Erick Torres","San Jose Earthquakes","F","21","5' 11''","Mexico","NA"
"165","Gabriel Torres","New England Revolution","F","26","5' 11''","Panama","10"
"191","Djimi Traor","Houston Dynamo","D","34","6' 3''","France","NA"
"150","Wil Trapp","San Jose Earthquakes","M","21","5' 8''","USA","20"
"162","Schillo Tshuma","Seattle Sounders FC","M F","22","5' 10''","Zimbabwe","12"
"190","Dylan Tucker-Gangnes","Columbus Crew SC","D","25","6' 3''","USA","25"
"155","Tyler Turner","Houston Dynamo","D","18","5' 11''","USA","2"
"145","Kris Tyrpak","Real Salt Lake","F","22","5' 11''","USA","NA"
"165","Victor Ulloa","Columbus Crew SC","M","22","5' 11''","USA","28"
"165","Maximiliano Urruti","Vancouver Whitecaps FC","M","23","6'","Argentina","37"
"176","Carlos Valds","Toronto FC","D","29","6'","Colombia","2"
"165","Diego Valeri","Montreal Impact","M","28","5' 10''","Argentina","8"
"165","Grant Van De Casteele","Real Salt Lake","D","23","6' 2''","USA","NA"
"174","Olman Vargas","Toronto FC","F","29","6' 2''","Costa Rica","17"
"155","Sebastian Velasquez","San Jose Earthquakes","M","23","5' 7''","Colombia","NA"
"165","Agustn Viana","Colorado Rapids","D M","31","5' 11''","USA","NA"
"183","Michael Videira","Montreal Impact","M F","29","5' 10''","USA","21"
"148","David Villa","Philadelphia Union","F","33","5' 9''","Spain","7"
"150","Jorge Villafaa","Sporting Kansas City","D M","25","5' 9''","USA","19"
"163","Ricardo Villar","Sporting Kansas City","M","35","5' 9''","Brazil","11"
"196","Jeremy Vuolo","D.C. United","GK","27","6' 3''","USA","24"
"185","Tyson Wahl","Philadelphia Union","D","30","6' 2''","USA","2"
"190","Nicholas Walker","Toronto FC","D","24","6' 3''","Trinidad and Tobago","NA"
"150","Matt Walker","Portland Timbers","M","22","5' 6''","USA","NA"
"155","Rodney Wallace","D.C. United","D M","26","6'","Costa Rica","22"
"160","Grant Ward","New York Red Bulls","M","20","5'","England","NA"
"178","Collen Warner","Chicago Fire","M","26","5' 10''","USA","26"
"195","Kendall Waston","FC Dallas","D","27","6' 5''","Costa Rica","4"
"175","Je-Vaughn Watson","Chicago Fire","M","31","6' 1''","Jamaica","27"
"180","Matt Watson","Vancouver Whitecaps FC","M","30","6'","England","22"
"196","Kwame Watson-Siriboe","Portland Timbers","D","28","6' 3''","USA","NA"
"155","Jared Watts","FC Dallas","M","22","6' 1''","USA","33"
"195","Cam Weaver","New York Red Bulls","F","31","6' 4''","USA","NA"
"190","Andrew Weber","Real Salt Lake","GK","31","6' 2''","USA","33"
"185","Andrew Wenger","Seattle Sounders FC","F","24","6'","USA","9"
"197","Aaron Wheeler","New England Revolution","F","26","6' 4''","USA","12"
"183","Ethan White","Chicago Fire","D","24","6'","USA","15"
"166","Andrew Wiedeman","Sporting Kansas City","F","25","5' 11''","USA","NA"
"170","Matt Wiet","Sporting Kansas City","D","24","5' 11''","USA","NA"
"170","Sheanon Williams","Toronto FC","D","24","5' 11''","USA","25"
"192","Josh Williams","New York Red Bulls","D","26","6' 2''","USA","NA"
"187","Dicoy Williams","D.C. United","D","28","6' 2''","Jamaica","31"
"189","Joe Willis","Orlando City SC","GK","26","6' 5''","USA","NA"
"165","Chris Wingert","Houston Dynamo","D","32","5' 11''","USA","NA"
"180","Daniel Withrow","Portland Timbers","GK","24","6' 1''","USA","40"
"165","Krystian Witkowski","Real Salt Lake","M","24","5' 11''","USA","30"
"165","Chris Wondolowski","Seattle Sounders FC","F","31","6'","USA","8"
"155","Daniel Woolard","New York City FC","D","30","5' 10''","USA","21"
"155","Bradley Wright-Phillips","San Jose Earthquakes","F","29","5' 8''","England","99"
"180","Marvell Wynne","New England Revolution","D","28","5' 9''","USA","NA"
"150","DeAndre Yedlin","Houston Dynamo","D","21","5' 8''","USA","17"
"170","Luis Zapata","San Jose Earthquakes","D","34","5' 10''","Colombia","99"
"175","Gyasi Zardes","Seattle Sounders FC","F","23","6' 2''","USA","11"
"185","Eriq Zavaleta","Columbus Crew SC","D","22","6' 1''","USA","NA"
"150","Ben Zemanski","Houston Dynamo","M","26","5' 11''","USA","14"
"145","Alejandro Zendejas","Real Salt Lake","M","16","5' 7''","USA","NA"
"185","Walker Zimmerman","Columbus Crew SC","D","21","6' 3''","USA","25"
"165","Sal Zizzo","Vancouver Whitecaps FC","M","27","5' 10''","USA","NA"
"160","Graham Zusi","Toronto FC","M","28","5' 10''","USA","8"
"154","David Accam","Montreal Impact","F","24","5' 9''","Ghana","11"
"150","Kellyn Acosta","Real Salt Lake","D M","19","5' 10''","USA","23"
"180","Adalton","Toronto FC","D","31","6' 3''","Brazil","NA"
"165","Sam Adekugbe","San Jose Earthquakes","D","19","5' 9''","England","3"
"185","Fanendo Adi","Colorado Rapids","F","24","6' 4''","Nigeria","9"
"170","Tesho Akindele","Montreal Impact","F","22","6' 1''","Canada","13"
"170","Fatai Alashe","Philadelphia Union","M","21","6'","USA","NA"
"165","Eric Alexander","Sporting Kansas City","M","26","6' 1''","USA","12"
"160","Jordan Allen","Sporting Kansas City","D M","19","5' 11''","USA","7"
"165","Osvaldo Alonso","D.C. United","M","29","5' 11''","Cuba","6"
"160","Kevin Alston","Philadelphia Union","D","26","5' 8''","USA","30"
"180","Quincy Amarikwa","Toronto FC","F","27","5' 9''","USA","24"
"185","Jalil Anibaba","Portland Timbers","D","26","6'","USA","NA"
"158","Bernardo Aor","D.C. United","M","26","5' 8''","Venezuela","NA"
"149","Manny Aparicio","New York Red Bulls","M","19","5' 6''","Argentina","34"
"175","Armando","Chicago Fire","D","30","6' 1''","Spain","5"
"160","Davy Arnaud","FC Dallas","M","34","5' 11''","USA","8"
"150","Jairo Arrieta","Chicago Fire","F","31","5' 9''","Costa Rica","NA"
"154","Corey Ashe","Vancouver Whitecaps FC","M","28","5' 5''","USA","26"
"165","Dairon Asprilla","Portland Timbers","M F","22","5' 11''","Colombia","NA"
"190","Jeff Attinella","FC Dallas","GK","26","6' 2''","USA","24"
"160","Micheal Azira","New York Red Bulls","M","27","5' 10''","Uganda","42"
"169","Mehdi Ballouchy","Real Salt Lake","M","31","5' 11''","Morocco","NA"
"165","Brandon Barklage","Seattle Sounders FC","D","28","5' 11''","USA","26"
"175","Darrius Barnes","New England Revolution","D","28","6' 1''","USA","25"
"181","Giles Barnes","Chicago Fire","M","26","5' 11''","England","23"
"171","Leandro Barrera","Sporting Kansas City","M","23","5' 8''","Argentina","NA"
"185","Chad Barrett","Sporting Kansas City","F","29","5' 11''","USA","19"
"170","Chad Barson","Toronto FC","D","23","5' 10''","USA","21"
"145","DaMarcus Beasley","New York Red Bulls","D M","32","5' 8''","USA","21"
"165","Kyle Beckerman","D.C. United","M","32","5' 11''","USA","5"
"204","Adam Bedell","Orlando City SC","F","23","6' 6''","USA","29"
"170","Steven Beitashour","Houston Dynamo","D M","27","5' 10''","USA","33"
"165","Kyle Bekker","Portland Timbers","M","24","5' 9''","Canada","8"
"140","Louis Bland-Goyette","Real Salt Lake","M","19","5' 8''","Canada","27"
"150","Tony Beltran","Seattle Sounders FC","D","27","5' 8''","USA","2"
"217","Joe Bendik","New York City FC","GK","25","6' 2''","USA","12"
"190","Vctor Bernrdez","San Jose Earthquakes","D","32","6' 2''","Honduras","5"
"205","John Berner","New England Revolution","GK","23","6' 3''","USA","12"
"170","Patrice Bernier","Houston Dynamo","M","35","5' 9''","Canada","8"
"188","Austin Berry","San Jose Earthquakes","D","26","6' 2''","USA","4"
"170","Matt Besler","Seattle Sounders FC","D","27","6'","USA","5"
"165","Nick Besler","Columbus Crew SC","M","21","6' 1''","USA","NA"
"171","Claudio Bieler","Houston Dynamo","F","30","5' 11''","Argentina","16"
"180","Steve Birnbaum","Real Salt Lake","D","23","6' 2''","USA","15"
"175","Andre Blake","Columbus Crew SC","GK","24","6' 4''","Jamaica","1"
"162","Mark Bloom","Vancouver Whitecaps FC","D","27","5' 11''","USA","28"
"175","Nat Borchers","Toronto FC","D","33","6' 2''","USA","NA"
"185","Bobby Boswell","Montreal Impact","D","31","6' 2''","USA","32"
"144","Rubn Bover","Real Salt Lake","M","22","5' 7''","Spain","21"
"154","David Accam","Toronto FC","F","24","5' 9''","Ghana","11"
"150","Kellyn Acosta","San Jose Earthquakes","D M","19","5' 10''","USA","23"
"180","Adalton","Colorado Rapids","D","31","6' 3''","Brazil","NA"
"165","Sam Adekugbe","Montreal Impact","D","19","5' 9''","England","3"
"185","Fanendo Adi","Philadelphia Union","F","24","6' 4''","Nigeria","9"
"170","Tesho Akindele","Sporting Kansas City","F","22","6' 1''","Canada","13"
"170","Fatai Alashe","Sporting Kansas City","M","21","6'","USA","NA"
"165","Eric Alexander","D.C. United","M","26","6' 1''","USA","12"
"160","Jordan Allen","Philadelphia Union","D M","19","5' 11''","USA","7"
"165","Osvaldo Alonso","Toronto FC","M","29","5' 11''","Cuba","6"
"160","Kevin Alston","Portland Timbers","D","26","5' 8''","USA","30"
"180","Quincy Amarikwa","D.C. United","F","27","5' 9''","USA","24"
"185","Jalil Anibaba","New York Red Bulls","D","26","6'","USA","NA"
"158","Bernardo Aor","","M","26","5' 8''","Venezuela","NA"
"149","Manny Aparicio","","M","19","5' 6''","Argentina","34"
"175","Armando","","D","30","6' 1''","Spain","5"
"160","Davy Arnaud","","M","34","5' 11''","USA","8"
"150","Jairo Arrieta","","F","31","5' 9''","Costa Rica","NA"
"154","Corey Ashe","","M","28","5' 5''","USA","26"
"165","Dairon Asprilla","","M F","22","5' 11''","Colombia","NA"
"190","Jeff Attinella","","GK","26","6' 2''","USA","24"
"160","Micheal Azira","","M","27","5' 10''","Uganda","42"
"169","Mehdi Ballouchy","","M","31","5' 11''","Morocco","NA"
"165","Brandon Barklage","","D","28","5' 11''","USA","26"
"175","Darrius Barnes","","D","28","6' 1''","USA","25"
"181","Giles Barnes","","M","26","5' 11''","England","23"
"171","Leandro Barrera","","M","23","5' 8''","Argentina","NA"
"185","Chad Barrett","","F","29","5' 11''","USA","19"
"170","Chad Barson","","D","23","5' 10''","USA","21"
"145","DaMarcus Beasley","","D M","32","5' 8''","USA","21"
"165","Kyle Beckerman","","M","32","5' 11''","USA","5"
"204","Adam Bedell","","F","23","6' 6''","USA","29"
"170","Steven Beitashour","","D M","27","5' 10''","USA","33"
"165","Kyle Bekker","","M","24","5' 9''","Canada","8"
"140","Louis Bland-Goyette","","M","19","5' 8''","Canada","27"
"150","Tony Beltran","","D","27","5' 8''","USA","2"
"217","Joe Bendik","","GK","25","6' 2''","USA","12"
"190","Vctor Bernrdez","","D","32","6' 2''","Honduras","5"
"205","John Berner","","GK","23","6' 3''","USA","12"
"170","Patrice Bernier","","M","35","5' 9''","Canada","8"
"188","Austin Berry","","D","26","6' 2''","USA","4"
"170","Matt Besler","","D","27","6'","USA","5"
"165","Nick Besler","","M","21","6' 1''","USA","NA"
"171","Claudio Bieler","","F","30","5' 11''","Argentina","16"
"180","Steve Birnbaum","","D","23","6' 2''","USA","15"
"175","Andre Blake","","GK","24","6' 4''","Jamaica","1"
"162","Mark Bloom","","D","27","5' 11''","USA","28"
"175","Nat Borchers","","D","33","6' 2''","USA","NA"
"185","Bobby Boswell","","D","31","6' 2''","USA","32"
"144","Rubn Bover","","M","22","5' 7''","Spain","21"
"154","David Accam","","F","24","5' 9''","Ghana","11"
"150","Kellyn Acosta","","D M","19","5' 10''","USA","23"
"180","Adalton","","D","31","6' 3''","Brazil","NA"
"165","Sam Adekugbe","","D","19","5' 9''","England","3"
"185","Fanendo Adi","","F","24","6' 4''","Nigeria","9"
"170","Tesho Akindele","","F","22","6' 1''","Canada","13"
"170","Fatai Alashe","","M","21","6'","USA","NA"
"165","Eric Alexander","","M","26","6' 1''","USA","12"
"160","Jordan Allen","","D M","19","5' 11''","USA","7"
"165","Osvaldo Alonso","","M","29","5' 11''","Cuba","6"
"160","Kevin Alston","","D","26","5' 8''","USA","30"
"180","Quincy Amarikwa","","F","27","5' 9''","USA","24"
"185","Jalil Anibaba","","D","26","6'","USA","NA"
"158","Bernardo Aor","","M","26","5' 8''","Venezuela","NA"
"149","Manny Aparicio","","M","19","5' 6''","Argentina","34"
"175","Armando","","D","30","6' 1''","Spain","5"
"160","Davy Arnaud","","M","34","5' 11''","USA","8"
"150","Jairo Arrieta","","F","31","5' 9''","Costa Rica","NA"
"154","Corey Ashe","","M","28","5' 5''","USA","26"
"165","Dairon Asprilla","","M F","22","5' 11''","Colombia","NA"
"190","Jeff Attinella","","GK","26","6' 2''","USA","24"
"160","Micheal Azira","","M","27","5' 10''","Uganda","42"
"169","Mehdi Ballouchy","","M","31","5' 11''","Morocco","NA"
"165","Brandon Barklage","","D","28","5' 11''","USA","26"
"175","Darrius Barnes","","D","28","6' 1''","USA","25"
"181","Giles Barnes","","M","26","5' 11''","England","23"
"171","Leandro Barrera","","M","23","5' 8''","Argentina","NA"
"185","Chad Barrett","","F","29","5' 11''","USA","19"
"170","Chad Barson","","D","23","5' 10''","USA","21"
"145","DaMarcus Beasley","","D M","32","5' 8''","USA","21"
"165","Kyle Beckerman","","M","32","5' 11''","USA","5"
"204","Adam Bedell","","F","23","6' 6''","USA","29"
"170","Steven Beitashour","","D M","27","5' 10''","USA","33"
"165","Kyle Bekker","","M","24","5' 9''","Canada","8"
"140","Louis Bland-Goyette","","M","19","5' 8''","Canada","27"
"150","Tony Beltran","","D","27","5' 8''","USA","2"
"217","Joe Bendik","","GK","25","6' 2''","USA","12"
"190","Vctor Bernrdez","","D","32","6' 2''","Honduras","5"
"205","John Berner","","GK","23","6' 3''","USA","12"
"170","Patrice Bernier","","M","35","5' 9''","Canada","8"
"188","Austin Berry","","D","26","6' 2''","USA","4"
"170","Matt Besler","","D","27","6'","USA","5"
"165","Nick Besler","","M","21","6' 1''","USA","NA"
"171","Claudio Bieler","","F","30","5' 11''","Argentina","16"
"180","Steve Birnbaum","","D","23","6' 2''","USA","15"
"175","Andre Blake","","GK","24","6' 4''","Jamaica","1"
"162","Mark Bloom","","D","27","5' 11''","USA","28"
"175","Nat Borchers","","D","33","6' 2''","USA","NA"
"185","Bobby Boswell","","D","31","6' 2''","USA","32"
"144","Rubn Bover","","M","22","5' 7''","Spain","21"
