"IsCaptain","Club","FullName","Position","ClubCountry","Number","DateOfBirth","Team"
"FALSE","Orlando Pirates FC","Moeneeb Josephs","GK","RSA","1","5 19 1980","South Africa"
"FALSE","Mamelodi Sundowns F.C.","Siboniso Gaxa","DF","RSA","2","4 6 1984","South Africa"
"FALSE","Maccabi Haifa F.C.","Tsepo Masilela","DF","ISR","3","5 5 1985","South Africa"
"TRUE","Portsmouth F.C.","Aaron Mokoena","DF","ENG","4","11 25 1980","South Africa"
"FALSE","K.R.C. Genk","Anele Ngcongca","DF","BEL","5","10 20 1987","South Africa"
"FALSE","FC Rubin Kazan","MacBeth Sibaya","MF","RUS","6","11 25 1977","South Africa"
"FALSE","Ajax Cape Town FC","Lance Davids","MF","RSA","7","4 11 1985","South Africa"
"FALSE","Kaizer Chiefs FC","Siphiwe Tshabalala","MF","RSA","8","9 25 1984","South Africa"
"FALSE","Mamelodi Sundowns F.C.","Katlego Mphela","FW","RSA","9","11 29 1984","South Africa"
"FALSE","Everton F.C.","Steven Pienaar","MF","ENG","10","3 17 1982","South Africa"
"FALSE","Orlando Pirates FC","Teko Modise","MF","RSA","11","12 22 1982","South Africa"
"FALSE","Kaizer Chiefs FC","Reneilwe Letsholonyane","MF","RSA","12","6 9 1982","South Africa"
"FALSE","Fulham F.C.","Kagisho Dikgacoi","MF","ENG","13","11 24 1984","South Africa"
"FALSE","Mamelodi Sundowns F.C.","Matthew Booth","DF","RSA","14","3 14 1977","South Africa"
"FALSE","Orlando Pirates FC","Lucas Thwala","DF","RSA","15","10 19 1981","South Africa"
"FALSE","Kaizer Chiefs FC","Itumeleng Khune","GK","RSA","16","6 20 1987","South Africa"
"FALSE","FC Twente","Bernard Parker","FW","NED","17","3 16 1986","South Africa"
"FALSE","Moroka Swallows F.C.","Siyabonga Nomvethe","FW","RSA","18","12 2 1977","South Africa"
"FALSE","Mamelodi Sundowns F.C.","Surprise Moriri","MF","RSA","19","3 20 1980","South Africa"
"FALSE","Supersport United F.C.","Bongani Khumalo","DF","RSA","20","1 6 1987","South Africa"
"FALSE","Golden Arro","Siyabonga Sangweni","DF","RSA","21","9 29 1981","South Africa"
"FALSE","Maritzburg United F.C.","Shu-Aib Walters","GK","RSA","22","12 26 1981","South Africa"
"FALSE","Golden Arro","Thanduyise Khuboni","MF","RSA","23","5 23 1986","South Africa"
"FALSE","Chiapas F.C.","Carlos Salcido","GK","MEX","1","2 1 1973","Mexico"
"FALSE","PSV Eindhov","Ricardo Osorio","DF","NED","2","10 20 1981","Mexico"
"FALSE","PSV Eindhov","Gerardo Torrado","DF","NED","3","4 2 1980","Mexico"
"TRUE","FC Barcelona","Pablo Barrera","DF","ESP","4","2 13 1979","Mexico"
"FALSE","VfB Stuttga","Israel Castro","DF","GER","5","3 30 1980","Mexico"
"FALSE","Cruz Az","Guillermo Franco","MF","MEX","6","4 30 1979","Mexico"
"FALSE","Club Universidad Nacional","Carlos Vela","MF","MEX","7","6 21 1987","Mexico"
"FALSE","Club Universidad Nacional","Paul Aguilar","MF","MEX","8","12 29 1980","Mexico"
"FALSE","West Ham United F.C.","Guillermo Ochoa","FW","ENG","9","11 3 1976","Mexico"
"FALSE","Tiburones Rojos de Veracruz","Giovani dos Santos","FW","MEX","10","1 17 1973","Mexico"
"FALSE","Arsenal F.C.","Jorge Torres Nilo","FW","ENG","11","3 1 1989","Mexico"
"FALSE","C.F. Pachuca","Adolfo Bautista","DF","MEX","12","3 6 1986","Mexico"
"FALSE","Club Amrica","Alberto Medina","GK","MEX","13","7 13 1985","Mexico"
"FALSE","C.D. Guadalajara","Luis Ernesto Michel","FW","MEX","14","6 1 1988","Mexico"
"FALSE","AZ (football club)","Fernando Muslera","DF","NED","15","1 17 1988","Mexico"
"FALSE","Club Universidad Nacional","Diego Lugano","DF","MEX","16","2 22 1988","Mexico"
"FALSE","Galatasaray S.K. (football team)","Jorge Fucile","FW","TUR","17","5 11 1989","Mexico"
"FALSE","Deportivo de La Corua","Walter Gargano","MF","ESP","18","9 28 1986","Mexico"
"FALSE","C.D. Guadalajara","Mauricio Victorino","DF","MEX","19","11 21 1981","Mexico"
"FALSE","Club Atlas","Edinson Cavani","DF","MEX","20","1 16 1988","Mexico"
"FALSE","C.D. Guadalajara","lvaro Pereira","FW","MEX","21","5 15 1979","Mexico"
"FALSE","C.D. Guadalajara","Juan Guillermo Castillo","MF","MEX","22","5 29 1983","Mexico"
"FALSE","C.D. Guadalajara","Maximiliano Pereira","GK","MEX","23","7 21 1979","Mexico"
"FALSE","S.S. Lazio","Hugo Lloris","GK","ITA","1","6 16 1986","Uruguay"
"TRUE","Fenerbahe S.K.","Bacary Sagna","DF","TUR","2","11 2 1980","Uruguay"
"FALSE","Villarreal CF","William Gallas","DF","ESP","3","2 16 1986","Uruguay"
"FALSE","F.C. Porto","Marc Planus","DF","POR","4","11 19 1984","Uruguay"
"FALSE","S.S.C. Napoli","Yoann Gourcuff","MF","ITA","5","7 23 1984","Uruguay"
"FALSE","C.F. Universidad de Chile","Sidney Govou","DF","CHI","6","10 11 1982","Uruguay"
"FALSE","U.S. Citt  di Palermo","Thierry Henry","FW","ITA","7","2 14 1987","Uruguay"
"FALSE","AIK Fotboll","Patrice Evra","MF","SWE","8","1 8 1981","Uruguay"
"FALSE","AFC Ajax","Florent Malouda","FW","NED","9","1 24 1987","Uruguay"
"FALSE","Atltico Madr","Steve Mandanda","FW","ESP","10","5 19 1979","Uruguay"
"FALSE","F.C. Porto","Alou Diarra","MF","POR","11","11 28 1985","Uruguay"
"FALSE","Deportivo Ca","Abou Diaby","GK","COL","12","4 17 1978","Uruguay"
"FALSE","Botafogo de Futebol e Regatas","Mathieu Valbuena","FW","BRA","13","10 17 1976","Uruguay"
"FALSE","AFC Ajax","Nicolas Anelka","MF","NED","14","3 21 1989","Uruguay"
"FALSE","AS Monaco FC","Diego Pozo","MF","FRA","15","5 18 1980","Uruguay"
"FALSE","S.L. Benfica","Mario Bolatti","DF","POR","16","6 8 1984","Uruguay"
"FALSE","C.A. Pearol","Gabriel Heinze","MF","URU","17","1 1 1982","Uruguay"
"FALSE","Valencia CF","Lionel Messi","MF","ESP","18","5 14 1982","Uruguay"
"FALSE","Colo-Co","Walter Samuel","DF","CHI","19","12 14 1974","Uruguay"
"FALSE","C.F. Universidad de Chile","Javier Mascherano","MF","CHI","20","10 11 1985","Uruguay"
"FALSE","Club Atltico Banfield","Diego Milito","FW","ARG","21","5 23 1985","Uruguay"
"FALSE","FC Sevilla","Mariano Andjar","DF","ESP","22","4 7 1987","Uruguay"
"FALSE","Defensor Sporti","Sergio Romero","GK","URU","23","3 25 1983","Uruguay"
"FALSE","Olympique Lyonnais","Javier Pastore","GK","FRA","1","12 26 1986","France"
"FALSE","Arsenal F.C.","Vincent Enyeama","DF","ENG","2","2 14 1983","France"
"FALSE","FC Barcelona","Joseph Yobo","DF","ESP","3","9 11 1979","France"
"FALSE","Olympique Lyonnais","Taye Taiwo","DF","FRA","4","11 10 1979","France"
"FALSE","Arsenal F.C.","Nwankwo Kanu","DF","ENG","5","8 17 1977","France"
"FALSE","FC Girondins de Bordeaux","Rabiu Afolabi","DF","FRA","6","3 7 1982","France"
"FALSE","FC Bayern Munich","Danny Shittu","MF","GER","7","4 7 1983","France"
"FALSE","Olympique Lyonnais","John Utaka","MF","FRA","8","7 11 1986","France"
"FALSE","Panathinaikos F.C.","Yakubu Aiyegbeni","FW","GRE","9","8 12 1981","France"
"FALSE","Olympique Lyonnais","Obafemi Martins","FW","FRA","10","7 27 1979","France"
"FALSE","Olympique de Marseille","Peter Odemwingie","FW","FRA","11","12 5 1985","France"
"FALSE","FC Barcelona","Kalu Uche","FW","ESP","12","8 17 1977","France"
"TRUE","Manchester United F.C.","Ayila Yussuf","DF","ENG","13","5 15 1981","France"
"FALSE","Olympique Lyonnais","Sani Kaita","MF","FRA","14","9 10 1983","France"
"FALSE","Chelsea F.C.","Lukman Haruna","MF","ENG","15","6 13 1980","France"
"FALSE","Olympique de Marseille","Austin Ejide","GK","FRA","16","3 28 1985","France"
"FALSE","Arsenal F.C.","Chidi Odiah","DF","ENG","17","8 11 1980","France"
"FALSE","FC Girondins de Bordeaux","Victor Nsofor Obinna","MF","FRA","18","7 15 1981","France"
"FALSE","Arsenal F.C.","Chinedu Obasi","MF","ENG","19","5 11 1986","France"
"FALSE","Olympique de Marseille","Dickson Etuhu","MF","FRA","20","9 28 1984","France"
"FALSE","Chelsea F.C.","Dele Adeleye","FW","ENG","21","3 14 1979","France"
"FALSE","Arsenal F.C.","Dele Aiyenugba","DF","ENG","22","7 26 1985","France"
"FALSE","FC Girondins de Bordeaux","Lee Woon-Jae","GK","FRA","23","12 30 1981","France"
"FALSE","Club Atltico Coln","Oh Beom-Seok","GK","ARG","1","2 16 1978","Argentina"
"FALSE","FC Bayern Munich","Kim Hyung-Il","DF","GER","2","12 20 1980","Argentina"
"FALSE","Estudiantes de La Plata","Cho Yong-Hyung","DF","ARG","3","7 31 1981","Argentina"
"FALSE","A.S. Roma","Kim Nam-Il","DF","ITA","4","4 12 1981","Argentina"
"FALSE","ACF Fiorentina","Kim Bo-Kyung","MF","ITA","5","2 17 1985","Argentina"
"FALSE","Olympique de Marseille","Park Ji-Sung","DF","FRA","6","4 19 1978","Argentina"
"FALSE","S.L. Benfica","Kim Jung-Woo","MF","POR","7","2 14 1988","Argentina"
"FALSE","Estudiantes de La Plata","Ahn Jung-Hwan","MF","ARG","8","3 9 1975","Argentina"
"FALSE","Real Madrid C.F.","Park Chu-Young","FW","ESP","9","12 10 1987","Argentina"
"FALSE","FC Barcelona","Lee Seung-Yeoul","FW","ESP","10","6 24 1987","Argentina"
"FALSE","Manchester City F.C.","Lee Young-Pyo","FW","ENG","11","2 5 1984","Argentina"
"FALSE","Club Atltico Coln","Kim Jae-Sung","DF","ARG","12","7 14 1979","Argentina"
"FALSE","F.C. Internazionale Milano","Lee Jung-Soo","DF","ITA","13","3 23 1978","Argentina"
"TRUE","Liverpool F.C.","Kim Dong-Jin","MF","ENG","14","6 8 1984","Argentina"
"FALSE","Club Atltico Vlez Srsfield","Ki Sung-Yong","DF","ARG","15","2 12 1988","Argentina"
"FALSE","Atltico Madr","Lee Chung-Yong","FW","ESP","16","6 2 1988","Argentina"
"FALSE","Newcastle United F.C.","Jung Sung-Ryong","MF","ENG","17","7 5 1983","Argentina"
"FALSE","Boca Junio","Yeom Ki-Hun","FW","ARG","18","11 7 1973","Argentina"
"FALSE","F.C. Internazionale Milano","Lee Dong-Gook","FW","ITA","19","6 12 1979","Argentina"
"FALSE","Liverpool F.C.","Kim Young-Kwang","MF","ENG","20","1 2 1981","Argentina"
"FALSE","Calcio Catania","Cha Du-Ri","GK","ITA","21","7 30 1983","Argentina"
"FALSE","AZ (football club)","Kang Min-Soo","GK","NED","22","2 22 1987","Argentina"
"FALSE","U.S. Citt  di Palermo","Kostas Chalkias","MF","ITA","23","6 20 1989","Argentina"
"FALSE","Hapoel Tel Aviv F.C.","Giourkas Seitaridis","GK","ISR","1","8 29 1982","Nigeria"
"TRUE","Everton F.C.","Christos Patsatzoglou","DF","ENG","2","9 6 1980","Nigeria"
"FALSE","Olympique de Marseille","Nikos Spiropoulos","DF","FRA","3","4 16 1985","Nigeria"
"FALSE","Portsmouth F.C.","Vangelis Moras","FW","ENG","4","8 1 1976","Nigeria"
"FALSE","FC Red Bull Salzburg","Alexandros Tziolis","DF","AUT","5","4 18 1980","Nigeria"
"FALSE","Bolton Wanderers F.C.","Georgios Samaras","DF","ENG","6","9 2 1980","Nigeria"
"FALSE","Portsmouth F.C.","Avraam Papadopoulos","FW","ENG","7","1 8 1982","Nigeria"
"FALSE","Everton F.C.","Angelos Charisteas","FW","ENG","8","11 22 1982","Nigeria"
"FALSE","VfL Wolfsbu","Giorgos Karagounis","FW","GER","9","10 28 1984","Nigeria"
"FALSE","FC Sochaux-Montbliard","Loukas Vyntra","FW","FRA","10","10 10 1988","Nigeria"
"FALSE","FC Lokomotiv Moscow","Alexandros Tzorvas","FW","RUS","11","7 15 1981","Nigeria"
"FALSE","UD Almera","Michalis Sifakis","FW","ESP","12","11 15 1982","Nigeria"
"FALSE","FC Dynamo Kyiv","Dimitris Salpingidis","MF","UKR","13","11 4 1984","Nigeria"
"FALSE","FC Alania Vladikavkaz","Vasilis Torosidis","MF","RUS","14","5 2 1986","Nigeria"
"FALSE","AS Monaco FC","Sotirios Kyrgiakos","MF","FRA","15","4 12 1990","Nigeria"
"FALSE","Hapoel Petah Tikva F.C.","Theofanis Gekas","GK","ISR","16","4 8 1984","Nigeria"
"FALSE","PFC CSKA Moscow","Sotiris Ninis","DF","RUS","17","12 17 1983","Nigeria"
"FALSE","Mlaga CF","Sokratis Papastathopoulos","FW","ESP","18","3 25 1987","Nigeria"
"FALSE","TSG 1899 Hoffenheim","Pantelis Kapetanos","FW","GER","19","6 1 1986","Nigeria"
"FALSE","Fulham F.C.","Kostas Katsouranis","MF","ENG","20","6 8 1982","Nigeria"
"FALSE","Stade Rennais F.C.","Stelios Malezas","DF","FRA","21","1 20 1988","Nigeria"
"FALSE","Sparta Rotterd","Athanassios Prittas","DF","NED","22","12 25 1988","Nigeria"
"FALSE","Bnei Yehuda Tel Aviv F.C.","David James (footballer)","GK","ISR","23","11 20 1983","Nigeria"
"FALSE","Suwon Samsung Bluewin","Glen Johnson (English footballer)","GK","KOR","1","4 26 1973","Korea Republic"
"FALSE","Ulsan Hyundai FC","Ashley Cole","DF","KOR","2","7 29 1984","Korea Republic"
"FALSE","Pohang Steele","Steven Gerrard","DF","KOR","3","4 27 1984","Korea Republic"
"FALSE","Jeju United FC","Michael Dawson (footballer)","MF","KOR","4","11 3 1983","Korea Republic"
"FALSE","FC Tom Tomsk","John Terry","MF","RUS","5","3 14 1977","Korea Republic"
"FALSE","Oita Trini","Aaron Lennon","MF","JPN","6","10 6 1989","Korea Republic"
"TRUE","Manchester United F.C.","Frank Lampard","MF","ENG","7","2 25 1981","Korea Republic"
"FALSE","Sangju Sangmu Phoenix","Peter Crouch","FW","KOR","8","5 9 1982","Korea Republic"
"FALSE","Dalian Shide F.C.","Wayne Rooney","FW","CHN","9","1 27 1976","Korea Republic"
"FALSE","AS Monaco FC","Joe Cole","FW","FRA","10","7 10 1985","Korea Republic"
"FALSE","FC Seo","Robert Green","FW","KOR","11","3 6 1989","Korea Republic"
"FALSE","Al-Hilal Riyadh","Stephen Warnock","DF","KSA","12","4 23 1977","Korea Republic"
"FALSE","Pohang Steele","Gareth Barry","MF","KOR","13","10 3 1983","Korea Republic"
"FALSE","Kashima Antle","Matthew Upson","DF","JPN","14","1 8 1980","Korea Republic"
"FALSE","Ulsan Hyundai FC","James Milner","DF","KOR","15","1 29 1982","Korea Republic"
"FALSE","Celtic F.C.","Shaun Wright-Phillips","MF","SCO","16","1 24 1989","Korea Republic"
"FALSE","Bolton Wanderers F.C.","Jamie Carragher","MF","ENG","17","7 2 1988","Korea Republic"
"FALSE","Seongnam Ilhwa Chun","Jermain Defoe","GK","KOR","18","1 4 1985","Korea Republic"
"FALSE","Suwon Samsung Bluewin","Ledley King","FW","KOR","19","3 30 1983","Korea Republic"
"FALSE","Jeonbuk Hyundai Moto","Emile Heskey","FW","KOR","20","4 29 1979","Korea Republic"
"FALSE","Ulsan Hyundai FC","Michael Carrick","GK","KOR","21","6 28 1983","Korea Republic"
"FALSE","SC Freibu","Joe Hart","DF","GER","22","7 25 1980","Korea Republic"
"FALSE","Suwon Samsung Bluewin","Tim Howard","DF","KOR","23","2 14 1986","Korea Republic"
"FALSE","PAOK F.C.","Jonathan Spector","GK","GRE","1","5 30 1974","Greece"
"FALSE","Panathinaikos F.C.","Carlos Bocanegra","DF","GRE","2","6 4 1981","Greece"
"FALSE","AC Omonia","Michael Bradley","DF","CYP","3","3 19 1979","Greece"
"FALSE","Panathinaikos F.C.","Oguchi Onyewu","MF","GRE","4","10 10 1983","Greece"
"FALSE","Bologna F.C. 1909","Steve Cherundolo","DF","ITA","5","8 18 1981","Greece"
"FALSE","A.C. Siena","DaMarcus Beasley","MF","ITA","6","2 13 1985","Greece"
"FALSE","Celtic F.C.","Clint Dempsey","FW","SCO","7","2 21 1985","Greece"
"FALSE","Olympiacos F.C.","Herculez Gomez","DF","GRE","8","1 3 1984","Greece"
"FALSE","1. FC Nrnbe","Landon Donovan","FW","GER","9","2 9 1980","Greece"
"TRUE","Panathinaikos F.C.","Stuart Holden","MF","GRE","10","3 6 1977","Greece"
"FALSE","Panathinaikos F.C.","Jonathan Bornstein","DF","GRE","11","2 5 1981","Greece"
"FALSE","Panathinaikos F.C.","Ricardo Clark","GK","GRE","12","8 12 1982","Greece"
"FALSE","Aris Thessaloniki F.C.","Edson Buddle","GK","GRE","13","9 9 1984","Greece"
"FALSE","Panathinaikos F.C.","Jay DeMerit","FW","GRE","14","8 18 1981","Greece"
"FALSE","Olympiacos F.C.","Jozy Altidore","DF","GRE","15","6 10 1985","Greece"
"FALSE","Liverpool F.C.","Brad Guzan","DF","ENG","16","7 23 1979","Greece"
"FALSE","Hertha B","Maurice Edu","FW","GER","17","5 23 1980","Greece"
"FALSE","Panathinaikos F.C.","Robbie Findley","MF","GRE","18","4 3 1990","Greece"
"FALSE","Genoa C.F.C.","Clarence Goodson","DF","ITA","19","6 9 1988","Greece"
"FALSE","FC Steaua Bucureti","Benny Feilhaber","FW","ROM","20","6 8 1983","Greece"
"FALSE","Panathinaikos F.C.","Marcus Hahnemann","MF","GRE","21","6 21 1979","Greece"
"FALSE","PAOK F.C.","Madjid Bougherra","DF","GRE","22","3 11 1985","Greece"
"FALSE","Aris Thessaloniki F.C.","Nadir Belhadj","MF","GRE","23","1 9 1979","Greece"
"FALSE","Portsmouth F.C.","Antar Yahia","GK","ENG","1","8 1 1970","England"
"FALSE","Liverpool F.C.","Rafik Halliche","DF","ENG","2","8 23 1984","England"
"FALSE","Chelsea F.C.","Yazid Mansouri","DF","ENG","3","12 20 1980","England"
"TRUE","Liverpool F.C.","Ryad Boudebouz","MF","ENG","4","5 30 1980","England"
"FALSE","Tottenham Hotspur F.C.","Medhi Lacen","DF","ENG","5","11 18 1983","England"
"FALSE","Chelsea F.C.","Abdelkader Ghezzal","DF","ENG","6","12 7 1980","England"
"FALSE","Tottenham Hotspur F.C.","Rafik Djebbour","MF","ENG","7","4 16 1987","England"
"FALSE","Chelsea F.C.","Karim Matmour","MF","ENG","8","6 20 1978","England"
"FALSE","Tottenham Hotspur F.C.","Karim Ziani","FW","ENG","9","1 30 1981","England"
"FALSE","Manchester United F.C.","Faouzi Chaouchi","FW","ENG","10","10 24 1985","England"
"FALSE","Chelsea F.C.","Carl Medjani","MF","ENG","11","11 8 1981","England"
"FALSE","West Ham United F.C.","Hassan Yebda","GK","ENG","12","1 18 1980","England"
"FALSE","Aston Villa F.C.","Djamel Mesbah","DF","ENG","13","12 12 1981","England"
"FALSE","Manchester City F.C.","Foued Kadir","MF","ENG","14","2 23 1981","England"
"FALSE","West Ham United F.C.","Djamel Abdoun","DF","ENG","15","4 18 1979","England"
"FALSE","Aston Villa F.C.","Madjid Bougherra","MF","ENG","16","1 4 1986","England"
"FALSE","Manchester City F.C.","Nadir Belhadj","MF","ENG","17","10 25 1981","England"
"FALSE","Liverpool F.C.","Antar Yahia","DF","ENG","18","1 28 1978","England"
"FALSE","Tottenham Hotspur F.C.","Rafik Halliche","FW","ENG","19","10 7 1982","England"
"FALSE","Tottenham Hotspur F.C.","Yazid Mansouri","DF","ENG","20","10 12 1980","England"
"FALSE","Aston Villa F.C.","Ryad Boudebouz","FW","ENG","21","1 11 1978","England"
"FALSE","Manchester United F.C.","Medhi Lacen","MF","ENG","22","7 28 1981","England"
"FALSE","Birmingham City F.C.","Abdelkader Ghezzal","GK","ENG","23","4 19 1987","England"
"FALSE","Everton F.C.","Rafik Djebbour","GK","ENG","1","3 6 1979","United States"
"FALSE","West Ham United F.C.","Karim Matmour","DF","ENG","2","3 1 1986","United States"
"TRUE","Stade Rennais F.C.","Karim Ziani","DF","FRA","3","5 25 1979","United States"
"FALSE","Borussia Mnchengladba","Faouzi Chaouchi","MF","GER","4","7 31 1987","United States"
"FALSE","A.C. Milan","Carl Medjani","DF","ITA","5","5 13 1982","United States"
"FALSE","Hannover","Hassan Yebda","DF","GER","6","2 19 1979","United States"
"FALSE","Rangers F.C.","Djamel Mesbah","MF","SCO","7","5 24 1982","United States"
"FALSE","Fulham F.C.","Foued Kadir","MF","ENG","8","3 9 1983","United States"
"FALSE","Puebla F.C.","Djamel Abdoun","FW","MEX","9","4 6 1982","United States"
"FALSE","Los Angeles Gala","Branko Ili","MF","USA","10","3 4 1982","United States"
"FALSE","Bolton Wanderers F.C.","Nejc Penik","MF","ENG","11","8 1 1985","United States"
"FALSE","C.D. Chivas USA","Robert Koren","DF","USA","12","11 7 1984","United States"
"FALSE","Eintracht Frankfu","Zlatan Ljubijanki","MF","GER","13","3 10 1983","United States"
"FALSE","Los Angeles Gala","Valter Birsa","FW","USA","14","5 21 1981","United States"
"FALSE","Watford F.C.","Milivoje Novakovi","DF","ENG","15","12 4 1979","United States"
"FALSE","C.F. Pachuca","Jasmin Handanovi","MF","MEX","16","10 29 1987","United States"
"FALSE","Hull City A.F.C.","Zlatko Dedi","FW","ENG","17","11 6 1989","United States"
"FALSE","Aston Villa F.C.","Rene Krhin","GK","ENG","18","9 9 1984","United States"
"FALSE","Rangers F.C.","Suad Filekovi","MF","SCO","19","4 18 1986","United States"
"FALSE","Real Salt La","Andrej Komac","FW","USA","20","8 4 1985","United States"
"FALSE","IK Start","Dalibor Stevanovi","DF","NOR","21","5 17 1982","United States"
"FALSE","Aarhus Gymnastikforening","Matej Mavri","MF","DEN","22","1 19 1985","United States"
"FALSE","Wolverhampton Wanderers F.C.","Manuel Neuer","GK","ENG","23","6 15 1972","United States"
"FALSE","ASO Chl","Marcell Jansen","GK","ALG","1","9 28 1977","United States"
"FALSE","Rangers F.C.","Arne Friedrich","DF","SCO","2","10 7 1982","United States"
"FALSE","Portsmouth F.C.","Dennis Aogo","DF","ENG","3","6 18 1982","United States"
"TRUE","VfL Boch","Serdar Tasci","DF","GER","4","3 21 1982","United States"
"FALSE","C.D. Nacional","Sami Khedira","DF","POR","5","9 2 1986","United States"
"FALSE","FC Lorient","Bastian Schweinsteiger","MF","FRA","6","2 25 1978","United States"
"FALSE","FC Sochaux-Montbliard","Stefan Kieling","MF","FRA","7","2 19 1990","United States"
"FALSE","Racing de Santander","Lukas Podolski","MF","ESP","8","1984-15-5","United States"
"FALSE","A.C. Siena","Miroslav Klose","FW","ITA","9","12 5 1984","United States"
"FALSE","FC Istres","Tim Wiese","FW","FRA","10","2 7 1975","United States"
"FALSE","AEK Athens F.C.","Holger Badstuber","FW","GRE","11","3 8 1984","United States"
"FALSE","Eintracht Frankfu","Piotr Trochowski","DF","GER","12","3 28 1986","United States"
"FALSE","Borussia Mnchengladba","Philipp Lahm","FW","GER","13","6 25 1984","United States"
"FALSE","ES St","Per Mertesacker","DF","ALG","14","7 29 1981","United States"
"FALSE","VfL Wolfsbu","Toni Kroos","MF","GER","15","8 17 1982","United States"
"FALSE","ES St","Cacau","GK","ALG","16","12 5 1984","United States"
"FALSE","Wolverhampton Wanderers F.C.","Marko Marin","MF","ENG","17","11 12 1985","United States"
"FALSE","AC Ajaccio","Mark Schwarzer","DF","FRA","18","5 15 1985","United States"
"FALSE","Portsmouth F.C.","Lucas Neill","MF","ENG","19","4 14 1984","United States"
"FALSE","U.S. Lecce","Craig Moore","DF","ITA","20","10 9 1984","United States"
"FALSE","Valenciennes FC","Tim Cahill","MF","FRA","21","12 5 1983","United States"
"FALSE","FC Nantes","Jason ulina","MF","FRA","22","2 14 1986","United States"
"FALSE","PFC Slavia Sofia","Michael Beauchamp","GK","BUL","23","4 25 1986","United States"
"FALSE","ASO Chl","Brett Emerton","GK","ALG","1","9 28 1977","Algeria"
"FALSE","Rangers F.C.","Luke Wilkshire","DF","SCO","2","10 7 1982","Algeria"
"FALSE","Portsmouth F.C.","Joshua Kennedy","DF","ENG","3","6 18 1982","Algeria"
"TRUE","VfL Boch","Harry Kewell","DF","GER","4","3 21 1982","Algeria"
"FALSE","C.D. Nacional","Scott Chipperfield","DF","POR","5","9 2 1986","Algeria"
"FALSE","FC Lorient","Adam Federici","MF","FRA","6","2 25 1978","Algeria"
"FALSE","FC Sochaux-Montbliard","Vince Grella","MF","FRA","7","2 19 1990","Algeria"
"FALSE","Racing de Santander","Brett Holman","MF","ESP","8","1984-15-5","Algeria"
"FALSE","A.C. Siena","Mile Jedinak","FW","ITA","9","12 5 1984","Algeria"
"FALSE","FC Istres","Carl Valeri","FW","FRA","10","2 7 1975","Algeria"
"FALSE","AEK Athens F.C.","Nikita Rukavytsya","FW","GRE","11","3 8 1984","Algeria"
"FALSE","Eintracht Frankfu","Richard Garcia","DF","GER","12","3 28 1986","Algeria"
"FALSE","Borussia Mnchengladba","Mark Milligan","FW","GER","13","6 25 1984","Algeria"
"FALSE","ES St","David Carney","DF","ALG","14","7 29 1981","Algeria"
"FALSE","VfL Wolfsbu","Mark Bresciano","MF","GER","15","8 17 1982","Algeria"
"FALSE","ES St","Antonio Rukavina","GK","ALG","16","12 5 1984","Algeria"
"FALSE","Wolverhampton Wanderers F.C.","Aleksandar Kolarov","MF","ENG","17","11 12 1985","Algeria"
"FALSE","AC Ajaccio","Gojko Kaar","DF","FRA","18","5 15 1985","Algeria"
"FALSE","Portsmouth F.C.","Daniel Adjei","MF","ENG","19","4 14 1984","Algeria"
"FALSE","U.S. Lecce","Hans Sarpei","DF","ITA","20","10 9 1984","Algeria"
"FALSE","Valenciennes FC","Asamoah Gyan","MF","FRA","21","12 5 1983","Algeria"
"FALSE","FC Nantes","John Paintsil","MF","FRA","22","2 14 1986","Algeria"
"FALSE","PFC Slavia Sofia","John Mensah","GK","BUL","23","4 25 1986","Algeria"
"FALSE","Udinese Calcio","Anthony Annan","GK","ITA","1","7 14 1984","Slovenia"
"FALSE","1. FC K","Samuel Inkoom","DF","GER","2","5 1 1984","Slovenia"
"FALSE","NK Maribor","Jonathan Mensah","DF","SVN","3","8 25 1985","Slovenia"
"FALSE","K.A.A. Gent","Derek Boateng","DF","BEL","4","3 9 1983","Slovenia"
"FALSE","Grenoble Foot 38","Stephen Appiah","DF","FRA","5","7 9 1982","Slovenia"
"FALSE","FC Lokomotiv Moscow","Sulley Muntari","DF","RUS","6","2 6 1983","Slovenia"
"FALSE","C.D. Nacional","Prince Tagoe","FW","POR","7","1 3 1986","Slovenia"
"TRUE","West Bromwich Albion F.C.","Matthew Amoah","MF","ENG","8","9 20 1980","Slovenia"
"FALSE","K.A.A. Gent","Isaac Vorsah","FW","BEL","9","12 15 1983","Slovenia"
"FALSE","AJ Auxerre","Stephen Ahorlu","FW","FRA","10","8 7 1986","Slovenia"
"FALSE","1. FC K","Abdul Rahim Ayew","FW","GER","11","5 18 1979","Slovenia"
"FALSE","A.C. Mantova","Dominic Adiyiah","GK","ITA","12","1 28 1978","Slovenia"
"FALSE","A.C. Chievo Verona","Lee Addy","DF","ITA","13","5 17 1986","Slovenia"
"FALSE","VfL Boch","Quincy Owusu-Abeyie","FW","GER","14","5 10 1984","Slovenia"
"FALSE","F.C. Internazionale Milano","Kwadwo Asamoah","MF","ITA","15","5 21 1990","Slovenia"
"FALSE","Sparta Rotterd","Richard Kingson","GK","NED","16","2 1 1980","Slovenia"
"FALSE","Wisa Krak","Kevin-Prince Boateng","MF","POL","17","9 6 1984","Slovenia"
"FALSE","Larissa F.C.","Maarten Stekelenburg","MF","GRE","18","4 25 1979","Slovenia"
"FALSE","NK Maribor","Gregory van der Wiel","DF","SVN","19","9 16 1978","Slovenia"
"FALSE","Maccabi Tel Aviv F.C.","John Heitinga","MF","ISR","20","12 4 1979","Slovenia"
"FALSE","Vites","Joris Mathijsen","MF","NED","21","9 27 1984","Slovenia"
"FALSE","TuS Koble","Giovanni van Bronckhorst","DF","GER","22","1 29 1979","Slovenia"
"FALSE","FC Groningen","Mark van Bommel","FW","NED","23","1 13 1989","Slovenia"
"FALSE","FC Schalke 04","Dirk Kuyt","GK","GER","1","3 27 1986","Germany"
"FALSE","Hamburger","Nigel de Jong","DF","GER","2","11 4 1985","Germany"
"FALSE","Hertha B","Robin van Persie","DF","GER","3","5 29 1979","Germany"
"FALSE","Hamburger","Wesley Sneijder","DF","GER","4","1 14 1987","Germany"
"FALSE","VfB Stuttga","Arjen Robben","DF","GER","5","4 24 1987","Germany"
"FALSE","VfB Stuttga","Khalid Boulahrouz","MF","GER","6","4 4 1987","Germany"
"FALSE","FC Bayern Munich","Demy de Zeeuw","MF","GER","7","8 1 1984","Germany"
"FALSE","SV Werder Bremen","Edson Braafheid","MF","GER","8","10 15 1988","Germany"
"FALSE","Bayer 04 Leverkusen","Michel Vorm","FW","GER","9","1 25 1984","Germany"
"FALSE","1. FC K","Eljero Elia","MF","GER","10","6 4 1985","Germany"
"FALSE","FC Bayern Munich","Stijn Schaars","FW","GER","11","6 9 1978","Germany"
"FALSE","SV Werder Bremen","Ryan Babel","GK","GER","12","12 17 1981","Germany"
"FALSE","FC Bayern Munich","Ibrahim Afellay","MF","GER","13","9 13 1989","Germany"
"FALSE","FC Bayern Munich","Klaas-Jan Huntelaar","DF","GER","14","3 13 1989","Germany"
"FALSE","Hamburger","Sander Boschker","MF","GER","15","3 22 1984","Germany"
"TRUE","FC Bayern Munich","Rafael van der Vaart","DF","GER","16","11 11 1983","Germany"
"FALSE","SV Werder Bremen","Christian Poulsen","DF","GER","17","9 29 1984","Germany"
"FALSE","Bayer 04 Leverkusen","Daniel Agger","MF","GER","18","1 4 1990","Germany"
"FALSE","VfB Stuttga","William Kvist","FW","GER","19","3 27 1981","Germany"
"FALSE","Hamburger","Lars Jacobsen","DF","GER","20","9 3 1988","Germany"
"FALSE","SV Werder Bremen","Daniel Jensen","MF","GER","21","3 13 1989","Germany"
"FALSE","FC Bayern Munich","Jon Dahl Tomasson","GK","GER","22","5 28 1974","Germany"
"FALSE","FC Bayern Munich","Nicklas Bendtner","FW","GER","23","7 10 1985","Germany"
"FALSE","Fulham F.C.","Thomas Kahlenberg","GK","ENG","1","10 6 1972","Australia"
"TRUE","Galatasaray S.K. (football team)","Jakob Poulsen","DF","TUR","2","3 9 1978","Australia"
"FALSE","Free agent","Simon Poulsen","DF","ENG","3","12 12 1975","Australia"
"FALSE","Everton F.C.","Stephan Andersen","MF","AUS","4","12 6 1979","Australia"
"FALSE","Gold Coast United FC","Mikkel Beckmann","MF","UAE","5","8 5 1980","Australia"
"FALSE","Al-Jazira Club","Dennis Rommedahl","DF","ENG","6","3 8 1981","Australia"
"FALSE","Blackburn Rovers F.C.","Thomas Enevoldsen","MF","RUS","7","2 22 1979","Australia"
"FALSE","FC Dynamo Moscow","Christian Eriksen","DF","JPN","8","10 1 1981","Australia"
"FALSE","Nagoya Gramp","Jesper Christiansen","FW","TUR","9","8 20 1982","Australia"
"FALSE","Galatasaray S.K. (football team)","Patrick Mtiliga","FW","SUI","10","9 22 1978","Australia"
"FALSE","FC Basel","Seigo Narazaki","DF","ENG","11","12 30 1975","Australia"
"FALSE","Reading F.C.","Yuki Abe","GK","ENG","12","1 31 1985","Australia"
"FALSE","Blackburn Rovers F.C.","Marcus Tulio Tanaka","MF","NED","13","10 5 1979","Australia"
"FALSE","AZ (football club)","Yuto Nagatomo","FW","TUR","14","3 27 1984","Australia"
"FALSE","Antalyasp","Atsuto Uchida","MF","ITA","15","8 3 1984","Australia"
"FALSE","U.S. Sassuolo Calcio","Yasuhito End","MF","BEL","16","8 14 1984","Australia"
"FALSE","clubK.S.V. Roeselare","Daisuke Matsui","FW","AUS","17","6 22 1987","Australia"
"FALSE","Adelaide United FC","Shinji Okazaki","GK","ENG","18","6 12 1981","Australia"
"FALSE","Hull City A.F.C.","Shunsuke Nakamura","MF","JPN","19","9 4 1981","Australia"
"FALSE","JEF United Ichihara Chiba","Keiji Tamada","DF","NED","20","9 4 1985","Australia"
"FALSE","FC Twente","Kisho Yano","DF","GER","21","11 3 1983","Australia"
"FALSE","MSV Duisbu","Daiki Iwamasa","MF","ITA","22","4 12 1987","Australia"
"FALSE","U.S. Citt  di Palermo","Kengo Nakamura","MF","ENG","23","2 11 1980","Australia"
"FALSE","Wigan Athletic F.C.","Yasuyuki Konno","GK","GER","1","7 29 1983","Serbia"
"FALSE","TSV 1860 Mnchen","Yoshito kubo","DF","ITA","2","1 26 1984","Serbia"
"FALSE","S.S. Lazio","Makoto Hasebe","DF","GER","3","11 10 1985","Serbia"
"FALSE","Hertha B","Keisuke Honda","MF","ENG","4","1 26 1987","Serbia"
"FALSE","Manchester United F.C.","Takayuki Morimoto","DF","ENG","5","10 21 1981","Serbia"
"FALSE","Chelsea F.C.","Junichi Inamoto","DF","GER","6","2 22 1984","Serbia"
"FALSE","1. FC K","Eiji Kawashima","MF","RUS","7","4 28 1987","Serbia"
"FALSE","FC Zenit Saint Petersburg","Yuji Nakazawa","FW","NED","8","5 17 1983","Serbia"
"FALSE","AFC Ajax","Yoshikatsu Kawaguchi","FW","ITA","9","9 15 1978","Serbia"
"TRUE","F.C. Internazionale Milano","Idriss Carlos Kameni","MF","ENG","10","9 11 1978","Serbia"
"FALSE","Wolverhampton Wanderers F.C.","Nicolas N'Koulou","MF","POL","11","4 30 1983","Serbia"
"FALSE","Zagbie Lub","Rigobert Song","GK","ITA","12","3 25 1980","Serbia"
"FALSE","Udinese Calcio","Alex Song","DF","BEL","13","10 23 1982","Serbia"
"FALSE","Standard Li","Geremi Njitap","MF","ESP","14","4 18 1981","Serbia"
"FALSE","Valencia CF","Samuel Eto'o","FW","ESP","15","9 25 1980","Serbia"
"FALSE","Real Zarago","Achille Emana","DF","RUS","16","7 25 1988","Serbia"
"FALSE","PFC CSKA Moscow","Jean Makoun","MF","UKR","17","11 1 1984","Serbia"
"FALSE","FC Dynamo Kyiv","Eric Maxim Choupo-Moting","MF","SRB","18","12 25 1984","Serbia"
"FALSE","FK Partizan","Souleymanou Hamidou","MF","GER","19","3 8 1989","Serbia"
"FALSE","Borussia Dortmu","Mohammadou Idrissou","DF","SRB","20","12 10 1988","Serbia"
"FALSE","FK Vojvodina","Eyong Enoh","FW","GER","21","1 23 1984","Serbia"
"FALSE","VfB Stuttga","Georges Mandjeck","MF","POR","22","9 22 1987","Serbia"
"FALSE","U.D. Leiria","Vincent Aboubakar","GK","GHA","23","11 21 1980","Serbia"
"FALSE","Liberty Professionals F.C.","Gianluigi Buffon","GK","GER","1","11 10 1989","Ghana"
"FALSE","Bayer 04 Leverkusen","Christian Maggio","DF","FRA","2","6 28 1976","Ghana"
"FALSE","Stade Rennais F.C.","Domenico Criscito","FW","ENG","3","11 22 1985","Ghana"
"FALSE","Fulham F.C.","Giorgio Chiellini","DF","ENG","4","6 15 1981","Ghana"
"TRUE","Sunderland A.F.C.","Fabio Cannavaro","DF","NOR","5","11 29 1982","Ghana"
"FALSE","Rosenborg BK","Daniele De Rossi","MF","SUI","6","7 21 1986","Ghana"
"FALSE","FC Basel","Simone Pepe","DF","ESP","7","8 22 1989","Ghana"
"FALSE","Granada CF","Gennaro Gattuso","DF","ESP","8","7 13 1990","Ghana"
"FALSE","Getafe CF","Vincenzo Iaquinta","MF","ITA","9","4 2 1983","Ghana"
"FALSE","Bologna F.C. 1909","Antonio Di Natale","MF","ITA","10","12 24 1980","Ghana"
"FALSE","F.C. Internazionale Milano","Alberto Gilardino","MF","GER","11","8 27 1984","Ghana"
"FALSE","TSG 1899 Hoffenheim","Federico Marchetti","FW","FRA","12","11 9 1986","Ghana"
"FALSE","AC Arles-Avignon","Salvatore Bocchetti","MF","NED","13","12 17 1989","Ghana"
"FALSE","NAC Breda","Morgan De Sanctis","FW","GER","14","10 24 1980","Ghana"
"FALSE","TSG 1899 Hoffenheim","Claudio Marchisio","DF","GHA","15","6 21 1988","Ghana"
"FALSE","Heart of Lio","Mauro Camoranesi","GK","EGY","16","5 10 1989","Ghana"
"FALSE","Zamalek SC","Angelo Palombo","DF","ITA","17","4 16 1988","Ghana"
"FALSE","A.C. Milan","Fabio Quagliarella","FW","GHA","18","11 29 1989","Ghana"
"FALSE","Bechem Chels","Gianluca Zambrotta","DF","QAT","19","9 26 1985","Ghana"
"FALSE","Al-Sadd Sports Club","Giampaolo Pazzini","MF","ITA","20","4 15 1986","Ghana"
"FALSE","Udinese Calcio","Andrea Pirlo","MF","ENG","21","9 9 1988","Ghana"
"FALSE","Wigan Athletic F.C.","Riccardo Montolivo","GK","ENG","22","6 13 1978","Ghana"
"FALSE","Portsmouth F.C.","Leonardo Bonucci","MF","NED","23","3 6 1987","Ghana"
"FALSE","AFC Ajax","Justo Villar","GK","NED","1","9 22 1982","Netherlands"
"FALSE","AFC Ajax","Denis Caniza","DF","ENG","2","2 3 1988","Netherlands"
"FALSE","Everton F.C.","Carlos Bonet","DF","GER","3","11 15 1983","Netherlands"
"FALSE","Hamburger","Roque Santa Cruz","DF","NED","4","4 5 1980","Netherlands"
"TRUE","Feyenoo","Jonathan Santana","DF","GER","5","2 5 1975","Netherlands"
"FALSE","FC Bayern Munich","Diego Barreto","MF","ENG","6","4 22 1977","Netherlands"
"FALSE","Liverpool F.C.","Enrique Vera","FW","ENG","7","7 22 1980","Netherlands"
"FALSE","Manchester City F.C.","Paulo da Silva","MF","ENG","8","11 30 1984","Netherlands"
"FALSE","Arsenal F.C.","Cristian Riveros","FW","ITA","9","8 6 1983","Netherlands"
"FALSE","F.C. Internazionale Milano","Aureliano Torres","MF","GER","10","6 9 1984","Netherlands"
"FALSE","FC Bayern Munich","Nelson Haedo Valdez","FW","GER","11","1 23 1984","Netherlands"
"FALSE","VfB Stuttga","Lucas Barrios","DF","NED","12","12 28 1981","Netherlands"
"FALSE","PSV Eindhov","Aldo Bobadilla","DF","NED","13","7 11 1974","Netherlands"
"FALSE","AFC Ajax","Rodolfo Gamarra","MF","SCO","14","5 26 1983","Netherlands"
"FALSE","Celtic F.C.","Mark Paston","DF","NED","15","4 8 1983","Netherlands"
"FALSE","FC Utrecht","Ben Sigmund","GK","GER","16","10 20 1983","Netherlands"
"FALSE","Hamburger","Tony Lochhead","FW","NED","17","2 13 1987","Netherlands"
"FALSE","AZ (football club)","Winston Reid (footballer)","MF","ENG","18","1 11 1984","Netherlands"
"FALSE","Liverpool F.C.","Ivan Vicelich","FW","NED","19","12 19 1986","Netherlands"
"FALSE","PSV Eindhov","Ryan Nelsen","MF","ITA","20","4 2 1986","Netherlands"
"FALSE","A.C. Milan","Simon Elliott","FW","NED","21","8 12 1983","Netherlands"
"FALSE","FC Twente","Tim Brown (footballer)","GK","ESP","22","10 20 1970","Netherlands"
"FALSE","Real Madrid C.F.","Shane Smeltz","MF","ENG","23","2 11 1983","Netherlands"
"FALSE","Stoke City F.C.","Chris Killen","GK","ITA","1","6 12 1976","Denmark"
"FALSE","Juventus F.C.","Leo Bertos","MF","ITA","2","2 28 1980","Denmark"
"FALSE","U.S. Citt  di Palermo","Glen Moss","DF","ENG","3","3 26 1989","Denmark"
"FALSE","Liverpool F.C.","Andrew Barron","DF","DEN","4","12 12 1984","Denmark"
"FALSE","F.C. Copenhagen","Rory Fallon","DF","ENG","5","2 24 1985","Denmark"
"FALSE","Blackburn Rovers F.C.","Michael McGlinchey","DF","GER","6","9 20 1979","Denmark"
"FALSE","SV Werder Bremen","Aaron Clapham","MF","DEN","7","6 25 1979","Denmark"
"FALSE","F.C. Copenhagen","David Mulligan","MF","NED","8","8 12 1977","Denmark"
"TRUE","Feyenoo","Andrew Boyens","FW","DEN","9","8 29 1976","Denmark"
"FALSE","Aarhus Gymnastikforening","Tommy Smith (footballer born 1990)","MF","ENG","10","10 6 1975","Denmark"
"FALSE","Arsenal F.C.","Chris Wood (footballer born 1991)","FW","GER","11","1 16 1988","Denmark"
"FALSE","VfL Wolfsbu","Jeremy Christie","MF","ITA","12","3 20 1983","Denmark"
"FALSE","ACF Fiorentina","Jeremy Brockie","DF","DEN","13","7 31 1979","Denmark"
"FALSE","Aarhus Gymnastikforening","James Bannatyne","MF","NED","14","7 7 1983","Denmark"
"FALSE","AZ (football club)","Marek ech (Slovak footballer)","DF","DEN","15","10 7 1984","Denmark"
"FALSE","Brndby IF","Marek Sapara","GK","DEN","16","11 26 1981","Denmark"
"FALSE","Randers FC","Martin Jakubko","MF","GER","17","10 24 1983","Denmark"
"FALSE","MSV Duisbu","Miroslav Stoch","FW","NED","18","9 6 1981","Denmark"
"FALSE","AFC Ajax","Juraj Kucka","MF","NED","19","7 22 1978","Denmark"
"FALSE","FC Groningen","Kamil Kopnek","MF","NED","20","7 27 1987","Denmark"
"FALSE","AFC Ajax","Maicon Sisenando","MF","DEN","21","2 14 1992","Denmark"
"FALSE","F.C. Copenhagen","Lcio","GK","ESP","22","4 24 1978","Denmark"
"FALSE","Mlaga CF","Juan Silveira dos Santos","DF","JPN","23","1 28 1981","Denmark"
"FALSE","Nagoya Gramp","Felipe Melo","GK","JPN","1","4 15 1976","Japan"
"FALSE","Urawa Red Diamon","Michel Bastos","MF","JPN","2","9 6 1981","Japan"
"FALSE","Jbilo Iwa","Elano","DF","JPN","3","7 25 1981","Japan"
"FALSE","Nagoya Gramp","Gilberto Silva","DF","JPN","4","4 24 1981","Japan"
"FALSE","FC Tok","Robinho","DF","JPN","5","9 12 1986","Japan"
"FALSE","Kashima Antle","Heurelho Gomes","DF","JPN","6","3 27 1988","Japan"
"FALSE","Gamba Osa","Daniel Alves","MF","FRA","7","1 28 1980","Japan"
"FALSE","Grenoble Foot 38","Thiago Silva (footballer)","FW","JPN","8","5 11 1981","Japan"
"FALSE","Shimizu S-Pul","Gilberto da Silva Melo","FW","JPN","9","4 16 1986","Japan"
"FALSE","Yokohama F. Marin","Ramires","MF","JPN","10","6 24 1978","Japan"
"FALSE","Nagoya Gramp","Jlio Baptista","FW","JPN","11","4 11 1980","Japan"
"FALSE","Albirex Niiga","Nilmar","FW","JPN","12","4 5 1984","Japan"
"FALSE","Kashima Antle","Grafite","DF","JPN","13","1 30 1982","Japan"
"FALSE","Kawasaki Fronta","Ri Myong-Guk","MF","JPN","14","10 31 1980","Japan"
"FALSE","FC Tok","Cha Jong-Hyok","DF","JPN","15","1 25 1983","Japan"
"FALSE","Vissel Ko","Ri Jun-Il","FW","GER","16","6 9 1982","Japan"
"FALSE","VfL Wolfsbu","Pak Nam-Chol (footballer born 1985)","MF","RUS","17","1 18 1984","Japan"
"FALSE","PFC CSKA Moscow","Ri Kwang-Chon","MF","ITA","18","6 13 1986","Japan"
"FALSE","Calcio Catania","Kim Kum-Il","FW","JPN","19","5 7 1988","Japan"
"FALSE","Kawasaki Fronta","An Chol-Hyok","MF","JPN","20","9 18 1979","Japan"
"FALSE","Kawasaki Fronta","Ji Yun-Nam","GK","JPN","21","3 20 1983","Japan"
"FALSE","Yokohama F. Marin","Jong Tae-Se","DF","JPN","22","2 25 1978","Japan"
"TRUE","Jbilo Iwa","Hong Yong-Jo","GK","ESP","23","8 15 1975","Japan"
"FALSE","RCD Espanyol","Mun In-Guk","GK","ENG","1","2 18 1984","Cameroon"
"FALSE","Tottenham Hotspur F.C.","Choe Kum-Chol","DF","FRA","2","3 24 1984","Cameroon"
"FALSE","AS Monaco FC","Pak Chol-Jin","DF","TUR","3","3 27 1990","Cameroon"
"FALSE","Trabzonsp","Pak Nam-Chol (footballer born 1988)","DF","ENG","4","7 1 1976","Cameroon"
"FALSE","Tottenham Hotspur F.C","Kim Yong-Jun","DF","ENG","5","7 9 1986","Cameroon"
"FALSE","Arsenal F.C.","Nam Song-Chol","MF","SCO","6","9 9 1987","Cameroon"
"FALSE","Celtic F.C.","An Yong-Hak","MF","TUR","7","11 28 1985","Cameroon"
"FALSE","Ankaragc","Kim Myong-Gil","DF","ITA","8","12 20 1978","Cameroon"
"TRUE","F.C. Internazionale Milano","Ri Chol-Myong","FW","ESP","9","3 10 1981","Cameroon"
"FALSE","Real Bet","Kim Myong-Won ref Kim Myong-Won, a Striker (association football)","MF","FRA","10","6 5 1982","Cameroon"
"FALSE","Olympique Lyonnais","Ri Kwang-Hyok","MF","FRA","11","5 29 1983","Cameroon"
"FALSE","Valenciennes FC","Kim Kyong-Il","DF","GER","12","4 25 1988","Cameroon"
"FALSE","1. FC Nrnbe","Pak Sung-Hyok","FW","FRA","13","3 23 1989","Cameroon"
"FALSE","Lille OSC","Boubacar Barry","DF","ESP","14","6 20 1985","Cameroon"
"FALSE","RCD Mallorca","Benjamin Angoua","FW","TUR","15","1 20 1982","Cameroon"
"FALSE","Kayserisp","Arthur Boka","GK","GER","16","11 22 1973","Cameroon"
"FALSE","SC Freibu","Didier Zokora","FW","NED","17","3 8 1980","Cameroon"
"FALSE","AFC Ajax","Steve Gohouri","MF","FRA","18","3 23 1986","Cameroon"
"FALSE","Olympique de Marseille","Seydou Doumbia","DF","GER","19","5 20 1986","Cameroon"
"FALSE","1. FC Kaiserslaute","Salomon Kalou","MF","GER","20","12 9 1988","Cameroon"
"FALSE","FC Schalke 04","Gervais Yao Kouassi","MF","FRA","21","8 8 1991","Cameroon"
"FALSE","Valenciennes FC","Didier Drogba","GK","CMR","22","2 28 1986","Cameroon"
"FALSE","Cotonsport Garo","Jean-Jacques Gosso","FW","ITA","23","1 22 1992","Cameroon"
"FALSE","Juventus F.C.","Romaric (footballer)","GK","ITA","1","1 28 1978","Italy"
"FALSE","S.S.C. Napoli","Aruna Dindane","DF","ITA","2","2 11 1982","Italy"
"FALSE","Genoa C.F.C.","Guy Demel","DF","ITA","3","12 30 1986","Italy"
"FALSE","Juventus F.C.","Sol Bamba","DF","ITA","4","8 14 1984","Italy"
"TRUE","Juventus F.C.","Daniel Yeboah","DF","ITA","5","9 13 1973","Italy"
"FALSE","A.S. Roma","Eduardo dos Reis Carvalho","MF","ITA","6","7 24 1983","Italy"
"FALSE","Udinese Calcio","Bruno Alves","MF","ITA","7","8 30 1983","Italy"
"FALSE","A.C. Milan","Paulo Ferreira","MF","ITA","8","1 9 1978","Italy"
"FALSE","Juventus F.C.","Rolando (Portuguese footballer)","FW","ITA","9","11 21 1979","Italy"
"FALSE","Udinese Calcio","Duda (Portuguese footballer)","FW","ITA","10","10 13 1977","Italy"
"FALSE","ACF Fiorentina","Ricardo Carvalho","FW","ITA","11","7 5 1982","Italy"
"FALSE","Cagliari Calcio","Cristiano Ronaldo","GK","ITA","12","2 7 1983","Italy"
"FALSE","Genoa C.F.C.","Pedro Miguel da Silva Mendes","DF","ITA","13","11 30 1986","Italy"
"FALSE","S.S.C. Napoli","Danny (footballer)","GK","ITA","14","3 26 1977","Italy"
"FALSE","Juventus F.C.","Beto (Portuguese footballer born 1982)","MF","ITA","15","1 19 1986","Italy"
"FALSE","Juventus F.C.","Miguel Monteiro","MF","ITA","16","10 4 1976","Italy"
"FALSE","U.C. Sampdoria","Miguel Veloso","MF","ITA","17","9 25 1981","Italy"
"FALSE","S.S.C. Napoli","Pepe (footballer born 1983)","FW","ITA","18","1 31 1983","Italy"
"FALSE","A.C. Milan","Raul Meireles","DF","ITA","19","2 19 1977","Italy"
"FALSE","U.C. Sampdoria","Hugo Almeida","FW","ITA","20","8 2 1984","Italy"
"FALSE","A.C. Milan","Tiago Mendes","MF","ITA","21","5 19 1979","Italy"
"FALSE","ACF Fiorentina","Deco","MF","ITA","22","1 18 1985","Italy"
"FALSE","A.S. Bari","Ricardo Costa (Portuguese footballer)","DF","ESP","23","5 1 1987","Italy"
"TRUE","Real Valladol","Daniel Fernandes (footballer)","GK","MEX","1","6 30 1977","Paraguay"
"FALSE","Club Universidad Nacional","Iker Casillas","DF","ARG","2","6 26 1979","Paraguay"
"FALSE","Boca Junio","Ral Albiol","DF","MEX","3","2 2 1978","Paraguay"
"FALSE","Club Len","Carlos Marchena","DF","BRA","4","8 29 1974","Paraguay"
"FALSE","Atltico Minei","Carles Puyol","DF","PAR","5","10 5 1979","Paraguay"
"FALSE","Club Olimpia","David Villa","DF","POR","6","10 2 1977","Paraguay"
"FALSE","S.L. Benfica","Xavi","FW","ITA","7","5 20 1983","Paraguay"
"FALSE","Atalanta Calcio","Fernando Torres","MF","ENG","8","7 15 1984","Paraguay"
"FALSE","Manchester City F.C.","Joan Capdevila","FW","MEX","9","8 16 1981","Paraguay"
"FALSE","C.F. Pachuca","Juan Manuel Mata","FW","GER","10","11 8 1987","Paraguay"
"FALSE","VfL Wolfsbu","Xabi Alonso","MF","PAR","11","10 19 1981","Paraguay"
"FALSE","Cerro Porte","Sergio Ramos","GK","ECU","12","7 16 1981","Paraguay"
"FALSE","Liga Deportiva Universitaria de Quito","Sergio Busquets","MF","ENG","13","3 10 1979","Paraguay"
"FALSE","Sunderland A.F.C.","lvaro Arbeloa","DF","PAR","14","2 1 1980","Paraguay"
"FALSE","Club Libertad","Fernando Llorente","MF","MEX","15","3 25 1985","Paraguay"
"FALSE","Cruz Az","David Silva","MF","ARG","16","10 16 1982","Paraguay"
"FALSE","San Lorenzo de Almagro","Jess Navas","DF","GER","17","6 16 1982","Paraguay"
"FALSE","Borussia Dortmu","Diego Benaglio","FW","GER","18","11 28 1983","Paraguay"
"FALSE","Borussia Dortmu","Stephan Lichtsteiner","FW","ARG","19","11 13 1984","Paraguay"
"FALSE","Argentinos Junio","Ludovic Magnin","MF","BEL","20","10 7 1984","Paraguay"
"FALSE","Club Brugge K.V.","Philippe Senderos","DF","COL","21","7 30 1982","Paraguay"
"FALSE","Independiente Medell","Steve von Bergen","GK","PAR","22","4 20 1976","Paraguay"
"FALSE","Club Libertad","Benjamin Huggel","FW","NZL","23","12 10 1988","Paraguay"
"FALSE","Wellington Phoenix FC","Tranquillo Barnetta","GK","NZL","1","12 13 1976","New Zealand"
"FALSE","Wellington Phoenix FC","Alexander Frei","DF","NZL","2","2 3 1981","New Zealand"
"FALSE","Wellington Phoenix FC","Blaise Nkufo","DF","DEN","3","1 12 1982","New Zealand"
"FALSE","FC Midtjylland","Valon Behrami","DF","NZL","4","7 3 1988","New Zealand"
"FALSE","Auckland City FC","Marco Padalino","DF","ENG","5","9 3 1976","New Zealand"
"TRUE","Blackburn Rovers F.C.","Hakan Yakin","DF","NZL","6","10 18 1977","New Zealand"
"FALSE","Free agent","Gelson Fernandes","MF","AUS","7","6 10 1974","New Zealand"
"FALSE","Wellington Phoenix FC","Reto Ziegler","MF","ENG","8","3 6 1981","New Zealand"
"FALSE","Gold Coast United FC","Albert Bunjaku (footballer)","FW","NZL","9","9 29 1981","New Zealand"
"FALSE","Middlesbrough F.C.","Eren Derdiyok","FW","AUS","10","10 8 1981","New Zealand"
"FALSE","Wellington Phoenix FC","Pirmin Schwegler","MF","NZL","11","12 20 1981","New Zealand"
"FALSE","Melbourne Victory FC","Johnny Leoni","GK","ENG","12","1 19 1983","New Zealand"
"FALSE","Team Wellingt","Mario Eggimann","MF","SCO","13","12 24 1980","New Zealand"
"FALSE","Plymouth Argyle F.C.","Xherdan Shaqiri","FW","NZL","14","3 20 1982","New Zealand"
"FALSE","Motherwell F.C.","Ricardo Canales","MF","USA","15","1 7 1987","New Zealand"
"FALSE","Canterbury Unit","Maynor Figueroa","MF","ENG","16","1 1 1987","New Zealand"
"FALSE","Free agent","Johnny Palacios","MF","ENG","17","3 24 1982","New Zealand"
"FALSE","New York Red Bul","Hendry Thomas","DF","USA","18","9 18 1983","New Zealand"
"FALSE","Ipswich Town F.C.","Wilson Palacios","DF","AUS","19","3 31 1990","New Zealand"
"FALSE","West Bromwich Albion F.C.","David Suazo","FW","NZL","20","12 7 1991","New Zealand"
"FALSE","FC Tampa Bay","Georgie Welcome","MF","POL","21","5 22 1983","New Zealand"
"FALSE","Newcastle United Jets FC","Roger Espinoza","MF","GER","22","10 7 1987","New Zealand"
"FALSE","Team Wellingt","Edgar lvarez","GK","ENG","23","6 30 1975","New Zealand"
"FALSE","Legia Warsza","Noel Valladares","GK","ENG","1","12 5 1982","Slovakia"
"FALSE","VfL Wolfsbu","Danilo Turcios","DF","GER","2","10 30 1986","Slovakia"
"FALSE","Liverpool F.C.","Amado Guevara","DF","GRE","3","12 15 1984","Slovakia"
"FALSE","West Bromwich Albion F.C.","Emilio Izaguirre","DF","ENG","4","1 26 1983","Slovakia"
"FALSE","1. FSV Mainz 05","Donis Escober","DF","ROU","5","9 16 1980","Slovakia"
"FALSE","Skoda Xanthi F.C.","Sergio Mendoza","MF","GER","6","6 9 1976","Slovakia"
"FALSE","Bolton Wanderers F.C.","Claudio Bravo (footballer)","MF","TUR","7","11 30 1989","Slovakia"
"FALSE","FC Timioara","Ismael Fuentes","MF","TUR","8","4 22 1980","Slovakia"
"FALSE","VfL Boch","Waldo Ponce","MF","SCO","9","12 16 1982","Slovakia"
"FALSE","Ankaragc","Mauricio Isla","MF","TUR","10","7 31 1982","Slovakia"
"FALSE","Ankaragc","Pablo Contreras","FW","RUS","11","4 1 1982","Slovakia"
"FALSE","Dundee United F.C.","Carlos Carmona","GK","NED","12","11 28 1984","Slovakia"
"FALSE","Beikta J.K.","Arturo Vidal","FW","GER","13","1 17 1984","Slovakia"
"FALSE","FC Saturn Moscow Oblast (1946-2011)","Humberto Suazo","FW","ITA","14","2 26 1980","Slovakia"
"FALSE","FC Twente","Jorge Valdivia","MF","GER","15","10 19 1989","Slovakia"
"FALSE","Hannover","Miguel Pinto","DF","CZE","16","12 10 1981","Slovakia"
"TRUE","S.S.C. Napoli","Marco Estrada (footballer)","MF","SVK","17","7 27 1987","Slovakia"
"FALSE","1. FC Kaiserslaute","Jean Beausejour","FW","SVK","18","10 26 1986","Slovakia"
"FALSE","Sparta Prag","Gary Medel","MF","ITA","19","2 26 1987","Slovakia"
"FALSE","FC Spartak Trnava","Gonzalo Jara","MF","ROU","20","5 18 1984","Slovakia"
"FALSE"," K Slovan Bratislava","Gonzalo Fierro","DF","ITA","21","1 4 1985","Slovakia"
"FALSE","A.C. Cesena","Rodrigo Millar","DF","ITA","22","11 2 1979","Slovakia"
"FALSE","FC Vasl","Rodrigo Tello","GK","ITA","23","5 21 1985","Slovakia"
"FALSE","F.C. Internazionale Milano","Esteban Paredes","GK","ITA","1","9 3 1979","Brazil"
"FALSE","F.C. Internazionale Milano","","DF","ITA","2","7 26 1981","Brazil"
"TRUE","F.C. Internazionale Milano","","DF","FRA","3","5 8 1978","Brazil"
"FALSE","A.S. Roma","","DF","TUR","4","2 1 1979","Brazil"
"FALSE","Juventus F.C.","","MF","GRE","5","8 26 1983","Brazil"
"FALSE","Olympique Lyonnais","","DF","ESP","6","8 2 1983","Brazil"
"FALSE","Galatasaray S.K. (football team)","","MF","ESP","7","6 14 1981","Brazil"
"FALSE","Panathinaikos F.C.","","MF","BRA","8","10 7 1976","Brazil"
"FALSE","Sevilla FC","","FW","ENG","9","11 8 1980","Brazil"
"FALSE","Real Madrid C.F.","","MF","ESP","10","4 22 1982","Brazil"
"FALSE","Santos FC","","FW","POR","11","1 25 1984","Brazil"
"FALSE","Tottenham Hotspur F.C.","","GK","ITA","12","2 15 1981","Brazil"
"FALSE","FC Barcelona","","DF","BRA","13","5 6 1983","Brazil"
"FALSE","S.L. Benfica","","DF","GER","14","2 13 1981","Brazil"
"FALSE","A.C. Milan","","DF","POR","15","9 22 1984","Brazil"
"FALSE","Cruzeiro Esporte Clube","","DF","ITA","16","4 25 1976","Brazil"
"FALSE","VfL Wolfsbu","","MF","BRA","17","7 19 1979","Brazil"
"FALSE","S.L. Benfica","","MF","ESP","18","3 24 1987","Brazil"
"FALSE","A.S. Roma","","MF","ITA","19","10 1 1981","Brazil"
"FALSE","Clube de Regatas do Flamengo","","MF","GER","20","6 19 1979","Brazil"
"FALSE","Villarreal CF","","FW","PRK","21","7 14 1984","Brazil"
"FALSE","A.S. Roma","","GK","PRK","22","10 22 1979","Brazil"
"FALSE","VfL Wolfsbu","","FW","PRK","23","4 2 1979","Brazil"
"FALSE","Pyongyang City Sports Club","","GK","PRK","1","9 9 1986","Korea DPR"
"FALSE","Amrokgang Sports Club","","DF","PRK","2","9 25 1985","Korea DPR"
"FALSE","Sobaeksu Sports Club","","DF","PRK","3","8 24 1987","Korea DPR"
"FALSE","April 25 Sports Club","","MF","PRK","4","7 2 1985","Korea DPR"
"FALSE","April 25 Sports Club","","DF","PRK","5","9 4 1985","Korea DPR"
"FALSE","April 25 Sports Club","","MF","JPN","6","10 10 1987","Korea DPR"
"FALSE","Rimyongsu Sports Club","","FW","RUS","7","6 27 1985","Korea DPR"
"FALSE","April 25 Sports Club","","DF","PRK","8","11 20 1976","Korea DPR"
"FALSE","Kawasaki Fronta","","FW","PRK","9","3 2 1984","Korea DPR"
"TRUE","FC Rostov","","FW","PRK","10","5 22 1982","Korea DPR"
"FALSE","April 25 Sports Club","","MF","PRK","11","9 29 1978","Korea DPR"
"FALSE","April 25 Sports Club","","FW","PRK","12","2 9 1987","Korea DPR"
"FALSE","Amrokgang Sports Club","","DF","PRK","13","9 5 1985","Korea DPR"
"FALSE","Amrokgang Sports Club","","DF","JPN","14","10 3 1988","Korea DPR"
"FALSE","Pyongyang City Sports Club","","MF","PRK","15","7 19 1983","Korea DPR"
"FALSE","April 25 Sports Club","","DF","PRK","16","5 7 1982","Korea DPR"
"FALSE","Omiya Ardi","","MF","PRK","17","10 25 1978","Korea DPR"
"FALSE","Amrokgang Sports Club","","GK","PRK","18","10 16 1984","Korea DPR"
"FALSE","Pyongyang City Sports Club","","MF","PRK","19","2 18 1988","Korea DPR"
"FALSE","Amrokgang Sports Club","","GK","PRK","20","7 15 1983","Korea DPR"
"FALSE","Kyonggongop Sports Club","","DF","BEL","21","8 17 1987","Korea DPR"
"FALSE","Rimyongsu Sports Club","","MF","FRA","22","12 11 1988","Korea DPR"
"FALSE","Sobaeksu Sports Club","","MF","GER","23","5 30 1990","Korea DPR"
"FALSE","K.S.C. Lokeren Oost-Vlaanderen","","GK","ENG","1","12 30 1979","Cte d'Ivoire"
"FALSE","Valenciennes FC","","DF","ESP","2","11 28 1986","Cte d'Ivoire"
"FALSE","VfB Stuttga","","DF","ENG","3","4 2 1983","Cte d'Ivoire"
"FALSE","Manchester City F.C.","","DF","SUI","4","3 19 1981","Cte d'Ivoire"
"FALSE","Sevilla FC","","MF","ENG","5","12 14 1980","Cte d'Ivoire"
"FALSE","Wigan Athletic F.C.","","DF","NED","6","2 8 1981","Cte d'Ivoire"
"FALSE","BSC Young Boys","","FW","FRA","7","12 31 1987","Cte d'Ivoire"
"FALSE","Chelsea F.C.","","FW","ENG","8","8 5 1985","Cte d'Ivoire"
"FALSE","FC Twente","","MF","FRA","9","6 21 1986","Cte d'Ivoire"
"FALSE","Lille OSC","","FW","ESP","10","5 27 1987","Cte d'Ivoire"
"TRUE","Chelsea F.C.","","FW","ROU","11","3 11 1978","Cte d'Ivoire"
"FALSE","AS Monaco FC","","MF","ENG","12","3 15 1983","Cte d'Ivoire"
"FALSE","Sevilla FC","","MF","ISR","13","6 4 1983","Cte d'Ivoire"
"FALSE","FC Internaional Curtea de Arge","","MF","FRA","14","12 31 1986","Cte d'Ivoire"
"FALSE","Portsmouth F.C.","","FW","TUR","15","11 26 1980","Cte d'Ivoire"
"FALSE","Maccabi Netanya F.C.","","GK","ESP","16","12 30 1981","Cte d'Ivoire"
"FALSE","Valenciennes FC","","DF","GER","17","3 22 1982","Cte d'Ivoire"
"FALSE","Galatasaray S.K. (football team)","","MF","ENG","18","8 6 1981","Cte d'Ivoire"
"FALSE","FC Barcelona","","MF","SCO","19","5 13 1983","Cte d'Ivoire"
"FALSE","Hamburger","","DF","CIV","20","6 13 1981","Cte d'Ivoire"
"FALSE","Arsenal F.C.","","DF","POR","21","6 4 1983","Cte d'Ivoire"
"FALSE","Hibernian F.C.","","DF","POR","22","1 13 1985","Cte d'Ivoire"
"FALSE","ASEC Mimos","","GK","ENG","23","11 13 1984","Cte d'Ivoire"
"FALSE","S.C. Braga","","GK","POR","1","9 19 1982","Portugal"
"FALSE","F.C. Porto","","DF","ESP","2","11 27 1981","Portugal"
"FALSE","Chelsea F.C.","","DF","ENG","3","1 18 1979","Portugal"
"FALSE","F.C. Porto","","DF","ESP","4","8 31 1985","Portugal"
"FALSE","Mlaga CF","","DF","POR","5","6 27 1980","Portugal"
"FALSE","Chelsea F.C.","","DF","POR","6","5 18 1978","Portugal"
"TRUE","Real Madrid C.F.","","FW","RUS","7","2 5 1985","Portugal"
"FALSE","Sporting Clube de Portugal","","MF","ESP","8","2 26 1979","Portugal"
"FALSE","Sporting Clube de Portugal","","FW","POR","9","12 17 1977","Portugal"
"FALSE","FC Zenit Saint Petersburg","","MF","ESP","10","8 7 1983","Portugal"
"FALSE","Atltico Madr","","MF","POR","11","10 31 1979","Portugal"
"FALSE","F.C. Porto","","GK","ESP","12","5 1 1982","Portugal"
"FALSE","Valencia CF","","DF","POR","13","1 4 1980","Portugal"
"FALSE","Sporting Clube de Portugal","","MF","POR","14","5 11 1986","Portugal"
"FALSE","Real Madrid C.F.","","DF","GER","15","2 26 1983","Portugal"
"FALSE","F.C. Porto","","MF","ESP","16","3 17 1983","Portugal"
"FALSE","S.L. Benfica","","MF","ENG","17","1 27 1985","Portugal"
"FALSE","SV Werder Bremen","","FW","FRA","18","5 23 1984","Portugal"
"FALSE","Atltico Madr","","MF","GRE","19","5 2 1981","Portugal"
"FALSE","Chelsea F.C.","","MF","POR","20","8 27 1977","Portugal"
"FALSE","OSC Lille","","DF","ESP","21","5 16 1981","Portugal"
"FALSE","Iraklis Thessaloniki F.C.","","GK","ESP","22","9 25 1983","Portugal"
"FALSE","S.L. Benfica","","DF","ESP","23","3 11 1988","Portugal"
"TRUE","Real Madrid C.F.","","GK","ESP","1","5 20 1981","Spain"
"FALSE","Real Madrid C.F.","","DF","ESP","2","9 4 1985","Spain"
"FALSE","FC Barcelona","","DF","ESP","3","2 2 1987","Spain"
"FALSE","Valencia CF","","DF","ESP","4","7 31 1979","Spain"
"FALSE","FC Barcelona","","DF","ESP","5","4 13 1978","Spain"
"FALSE","FC Barcelona","","MF","ENG","6","5 11 1984","Spain"
"FALSE","Valencia CF","","FW","ENG","7","12 3 1981","Spain"
"FALSE","FC Barcelona","","MF","ESP","8","1 25 1980","Spain"
"FALSE","Liverpool F.C.","","FW","ESP","9","3 20 1984","Spain"
"FALSE","Arsenal F.C.","","MF","ESP","10","5 4 1987","Spain"
"FALSE","Villarreal CF","","DF","ESP","11","2 3 1978","Spain"
"FALSE","FC Barcelona","","GK","ESP","12","1 14 1982","Spain"
"FALSE","Valencia CF","","MF","ESP","13","4 28 1988","Spain"
"FALSE","Real Madrid C.F.","","MF","ESP","14","11 25 1981","Spain"
"FALSE","Real Madrid C.F.","","DF","ESP","15","3 30 1986","Spain"
"FALSE","FC Barcelona","","MF","ESP","16","7 16 1988","Spain"
"FALSE","Real Madrid C.F.","","DF","ESP","17","1 17 1983","Spain"
"FALSE","FC Barcelona","","FW","ESP","18","7 28 1987","Spain"
"FALSE","Athletic Bilb","","FW","ESP","19","2 26 1985","Spain"
"FALSE","Athletic Bilb","","MF","ENG","20","9 2 1988","Spain"
"FALSE","Valencia CF","","MF","GER","21","1 8 1986","Spain"
"FALSE","Sevilla FC","","MF","ITA","22","11 21 1985","Spain"
"FALSE","Liverpool F.C.","","GK","SUI","23","8 31 1982","Spain"
"FALSE","VfL Wolfsbu","","GK","ENG","1","9 8 1983","Switzerland"
"FALSE","S.S. Lazio","","DF","GER","2","1 16 1984","Switzerland"
"FALSE","FC Zrich","","DF","SUI","3","4 20 1979","Switzerland"
"FALSE","Everton F.C.","","DF","GER","4","2 14 1985","Switzerland"
"FALSE","Hertha B","","DF","ITA","5","6 10 1983","Switzerland"
"FALSE","FC Basel","","MF","SUI","6","7 7 1977","Switzerland"
"FALSE","Bayer 04 Leverkusen","","MF","NED","7","5 22 1985","Switzerland"
"FALSE","Udinese Calcio","","MF","ENG","8","6 27 1984","Switzerland"
"TRUE","FC Basel","","FW","SUI","9","7 15 1979","Switzerland"
"FALSE","FC Twente","","FW","FRA","10","5 25 1975","Switzerland"
"FALSE","West Ham United F.C.","","MF","ITA","11","4 19 1985","Switzerland"
"FALSE","BSC Young Boys","","GK","SUI","12","8 22 1982","Switzerland"
"FALSE","AJ Auxerre","","DF","FRA","13","3 30 1979","Switzerland"
"FALSE","U.C. Sampdoria","","MF","ITA","14","12 8 1983","Switzerland"
"FALSE","FC Luzern","","MF","GER","15","2 22 1977","Switzerland"
"FALSE","AS Saint-tienne","","MF","GER","16","9 2 1986","Switzerland"
"FALSE","U.C. Sampdoria","","DF","GER","17","1 16 1986","Switzerland"
"FALSE","1. FC Nrnbe","","FW","SUI","18","11 29 1983","Switzerland"
"FALSE","Bayer 04 Leverkusen","","FW","GER","19","6 12 1988","Switzerland"
"FALSE","Eintracht Frankfu","","MF","SUI","20","3 9 1987","Switzerland"
"FALSE","FC Zrich","","GK","HON","21","6 30 1984","Switzerland"
"FALSE","Hannover","","DF","HON","22","1 24 1981","Switzerland"
"FALSE","FC Basel","","MF","ENG","23","10 10 1991","Switzerland"
"FALSE","C.D. Motagua","","GK","HON","1","5 30 1982","Honduras"
"FALSE","C.D. Platense","","DF","BEL","2","7 29 1984","Honduras"
"FALSE","Wigan Athletic F.C.","","DF","ENG","3","5 2 1983","Honduras"
"FALSE","C.D. Olimpia","","DF","HON","4","12 20 1986","Honduras"
"FALSE","R.S.C. Anderlecht","","DF","ENG","5","5 24 1982","Honduras"
"FALSE","Wigan Athletic F.C.","","MF","HON","6","2 23 1985","Honduras"
"FALSE","C.D. Olimpia","","MF","CHN","7","11 14 1984","Honduras"
"FALSE","Tottenham Hotspur F.C.","","MF","ITA","8","7 29 1984","Honduras"
"FALSE","Real C.D. Espaa","","FW","HON","9","10 19 1973","Honduras"
"FALSE","Hangzhou Nabel Greentown F.C.","","FW","USA","10","5 13 1982","Honduras"
"FALSE","Genoa C.F.C.","","FW","HON","11","11 5 1979","Honduras"
"FALSE","C.D. Motagua","","FW","HON","12","3 9 1985","Honduras"
"FALSE","Kansas City Wizar","","FW","CHN","13","10 25 1986","Honduras"
"FALSE","C.D. Olimpia","","DF","Italy","14","9 4 1984","Honduras"
"FALSE","C.D. Marathn","","FW","HON","15","3 29 1982","Honduras"
"FALSE","Hangzhou Nabel Greentown F.C.","","DF","HON","16","11 11 1978","Honduras"
"FALSE","A.S. Bari","","MF","HON","17","1 9 1980","Honduras"
"FALSE","C.D. Olimpia","","GK","HON","18","5 3 1977","Honduras"
"FALSE","C.D. Olimpia","","MF","HON","19","5 8 1978","Honduras"
"TRUE","C.D. Motagua","","MF","HON","20","5 2 1976","Honduras"
"FALSE","C.D. Motagua","","DF","ESP","21","5 10 1986","Honduras"
"FALSE","C.D. Olimpia","","GK","CHI","22","2 3 1980","Honduras"
"FALSE","C.D. Motagua","","DF","CHI","23","5 23 1981","Honduras"
"TRUE","Real Socied","","GK","ITA","1","4 13 1983","Chile"
"FALSE","Club Deportivo Universidad Catlica","","DF","GRE","2","8 4 1981","Chile"
"FALSE","Club Deportivo Universidad Catlica","","DF","ITA","3","12 4 1982","Chile"
"FALSE","Udinese Calcio","","MF","ITA","4","6 12 1988","Chile"
"FALSE","PAOK F.C.","","DF","GER","5","9 11 1978","Chile"
"FALSE","Reggina Calcio","","MF","ESP","6","2 21 1987","Chile"
"FALSE","Udinese Calcio","","FW","UAE","7","12 19 1988","Chile"
"FALSE","Bayer 04 Leverkusen","","DF","RUS","8","5 22 1987","Chile"
"FALSE","Real Zarago","","FW","CHI","9","5 10 1981","Chile"
"FALSE","Al Ain FC","","MF","CHI","10","10 19 1983","Chile"
"FALSE","PFC CSKA Moscow","","FW","POR","11","7 10 1984","Chile"
"FALSE","C.F. Universidad de Chile","","GK","MEX","12","7 4 1983","Chile"
"FALSE","C.F. Universidad de Chile","","MF","ESP","13","5 28 1983","Chile"
"FALSE","Sporting Clube de Portugal","","MF","ARG","14","5 15 1986","Chile"
"FALSE","Club Amrica","","FW","ENG","15","6 1 1984","Chile"
"FALSE","Xerez CD","","FW","BRA","16","1 27 1986","Chile"
"FALSE","Boca Junio","","DF","CHI","17","8 3 1987","Chile"
"FALSE","West Bromwich Albion F.C.","","DF","TUR","18","8 29 1985","Chile"
"FALSE","Clube de Regatas do Flamengo","","MF","CHI","19","3 21 1983","Chile"
"FALSE","Colo-Co","","MF","CHI","20","11 3 1981","Chile"
"FALSE","Beikta J.K.","","MF","","21","10 14 1979","Chile"
"FALSE","Colo-Co","","FW","","22","8 1 1980","Chile"
"FALSE","Unin Espao","","GK","","23","5 18 1983","Chile"
