"Number","Position","Country","Player","Age"
"19","Forward","Cameroon","Fabrice OLINGA","18"
"23","Defender","England","Luke SHAW","18"
"14","Midfielder","Algeria","Nabil BENTALEB","19"
"17","Forward","Belgium","Divock ORIGI","19"
"20","Midfielder","Belgium","Adnan JANUZAJ","19"
"23","Midfielder","Ecuador","Carlos GRUEZO","19"
"19","Midfielder","England","Raheem STERLING","19"
"13","Defender","Uruguay","Jose GIMENEZ","19"
"16","Midfielder","USA","Julian GREEN","19"
"5","Defender","Bosnia & Herzegovina","Sead KOLASINAC","20"
"16","Forward","Croatia","Ante REBIC","20"
"20","Midfielder","Croatia","Mateo KOVACIC","20"
"15","Midfielder","England","Alex OXLADE CHAMBERLAIN","20"
"21","Midfielder","England","Ross BARKLEY","20"
"17","Defender","France","Lucas DIGNE","20"
"14","Midfielder","Germany","Julian DRAXLER","20"
"3","Defender","Germany","Matthias GINTER","20"
"13","Goalkeeper","Greece","Stefanos KAPINO","20"
"1","Goalkeeper","Honduras","Luis LOPEZ","20"
"9","Forward","Iran","Alireza JAHAN BAKHSH","20"
"14","Defender","Netherlands","Terence KONGOLO","20"
"21","Forward","Netherlands","Memphis DEPAY","20"
"22","Defender","Nigeria","Kenneth OMERUO","20"
"2","Defender","USA","DeAndre YEDLIN","20"
"9","Forward","Australia","Adam TAGGART","21"
"21","Midfielder","Australia","Massimo LUONGO","21"
"8","Defender","Australia","Bailey WRIGHT","21"
"9","Forward","Belgium","Romelu LUKAKU","21"
"7","Midfielder","Bosnia & Herzegovina","Muhamed BESIC","21"
"20","Forward","Brazil","BERNARD","21"
"4","Defender","Cameroon","Cedric DJEUGOUE","21"
"20","Midfielder","Cameroon","Edgar SALLI","21"
"16","Defender","Colombia","Eder BALANTA","21"
"20","Midfielder","Colombia","Juan QUINTERO","21"
"9","Forward","Costa Rica","Joel CAMPBELL","21"
"12","Goalkeeper","Croatia","Oliver ZELENIKA","21"
"15","Midfielder","Croatia","Ivan MOCINIC","21"
"14","Midfielder","Croatia","Marcelo BROZOVIC","21"
"19","Midfielder","France","Paul POGBA","21"
"4","Defender","France","Raphael VARANE","21"
"15","Defender","Ghana","Rashid SUMAILA","21"
"17","Midfielder","Honduras","Andy NAJAR","21"
"23","Midfielder","Italy","Marco VERRATTI","21"
"2","Defender","Italy","Mattia DE SCIGLIO","21"
"13","Goalkeeper","Italy","Mattia PERIN","21"
"23","Goalkeeper","Ivory Coast","Sayouba MANDE","21"
"14","Midfielder","Ivory Coast","Ismael DIOMANDE","21"
"7","Defender","Ivory Coast","Jean Daniel AKPA","21"
"17","Defender","Ivory Coast","Serge AURIER","21"
"5","Defender","Mexico","Diego REYES","21"
"7","Forward","Nigeria","Ahmed MUSA","21"
"17","Midfielder","Nigeria","Ogenyi ONAZI","21"
"15","Midfielder","Nigeria","Ramon AZEEZ","21"
"18","Forward","Nigeria","Michael BABATUNDE","21"
"15","Forward","Portugal","RAFA","21"
"9","Midfielder","South Korea","SON Heungmin","21"
"19","Forward","Switzerland","Josip DRMIC","21"
"10","Midfielder","Switzerland","Granit XHAKA","21"
"13","Defender","Switzerland","Ricardo RODRIGUEZ","21"
"6","Defender","USA","John BROOKS","21"
"19","Midfielder","Algeria","Saphir TAIDER","22"
"20","Defender","Algeria","Aissa MANDI","22"
"11","Midfielder","Australia","Tommy OAR","22"
"1","Goalkeeper","Australia","Maty RYAN","22"
"10","Forward","Australia","Ben HALLORAN","22"
"3","Defender","Australia","Jason DAVIDSON","22"
"7","Midfielder","Belgium","Kevin DE BRUYNE","22"
"1","Goalkeeper","Belgium","Thibaut COURTOIS","22"
"20","Midfielder","Bosnia & Herzegovina","Izet HAJROVIC","22"
"14","Midfielder","Bosnia & Herzegovina","Tino Sven SUSIC","22"
"10","Forward","Brazil","NEYMAR","22"
"11","Midfielder","Brazil","OSCAR","22"
"10","Forward","Cameroon","Vincent ABOUBAKAR","22"
"21","Midfielder","Cameroon","Joel MATIP","22"
"1","Goalkeeper","Cameroon","Loic FEUDJOU","22"
"10","Midfielder","Colombia","James RODRIGUEZ","22"
"4","Defender","Colombia","Santiago ARIAS","22"
"17","Midfielder","Costa Rica","Yeltsin TEJEDA","22"
"2","Defender","Croatia","Sime VRSALJKO","22"
"16","Defender","England","Phil JONES","22"
"7","Midfielder","England","Jack WILSHERE","22"
"19","Forward","Germany","Mario GOETZE","22"
"15","Defender","Germany","Erik DURM","22"
"18","Forward","Ghana","Majeed WARIS","22"
"6","Midfielder","Ghana","Acquah AFRIYIE","22"
"7","Midfielder","Ghana","Christian ATSU","22"
"13","Forward","Ghana","Jordan AYEW","22"
"18","Midfielder","Iran","Bakhtiar RAHMANI","22"
"4","Defender","Netherlands","Bruno MARTINS INDI","22"
"3","Defender","Netherlands","Stefan DE VRIJ","22"
"13","Defender","Netherlands","Joel VELTMAN","22"
"16","Midfielder","Netherlands","Jordy CLASIE","22"
"19","Forward","Nigeria","Uche NWOFOR","22"
"6","Midfielder","Portugal","WILLIAM","22"
"6","Forward","Russia","Maksim KANUNNIKOV","22"
"17","Midfielder","Spain","KOKE","22"
"22","Defender","Switzerland","Fabian SCHAER","22"
"23","Midfielder","Switzerland","Xherdan SHAQIRI","22"
"9","Forward","Switzerland","Haris SEFEROVIC","22"
"3","Defender","Algeria","Faouzi GHOULAM","23"
"21","Forward","Algeria","Riyad MAHREZ","23"
"7","Forward","Australia","Mathew LECKIE","23"
"10","Midfielder","Belgium","Eden HAZARD","23"
"3","Defender","Chile","Miiko ALBORNOZ","23"
"16","Midfielder","Chile","Felipe GUTIERREZ","23"
"20","Midfielder","Costa Rica","Diego CALVO","23"
"12","Defender","Costa Rica","Waylon FRANCIS","23"
"5","Midfielder","Ecuador","Alex IBARRA","23"
"11","Forward","England","Danny WELBECK","23"
"11","Forward","France","Antoine GRIEZMANN","23"
"13","Defender","France","Eliaquim MANGALA","23"
"22","Midfielder","France","Clement GRENIER","23"
"9","Forward","Germany","Andre SCHUERRLE","23"
"23","Midfielder","Germany","Christoph KRAMER","23"
"22","Midfielder","Ghana","Mubarak WAKASO","23"
"8","Midfielder","Ghana","Emmanuel AGYEMANG BADU","23"
"19","Defender","Ghana","Jonathan MENSAH","23"
"4","Defender","Ghana","Daniel OPARE","23"
"18","Forward","Greece","Ioannis FETFATZIDIS","23"
"23","Midfielder","Greece","Panagiotis TACHTSIDIS","23"
"4","Defender","Greece","Konstantinos MANOLAS","23"
"19","Midfielder","Honduras","Luis GARRIDO","23"
"9","Forward","Italy","Mario BALOTELLI","23"
"22","Forward","Italy","Lorenzo INSIGNE","23"
"6","Midfielder","Ivory Coast","Mathis BOLLY","23"
"3","Defender","Japan","Gotoku SAKAI","23"
"16","Midfielder","Japan","Hotaru YAMAGUCHI","23"
"11","Forward","Mexico","Alan PULIDO","23"
"9","Forward","Mexico","Raul JIMENEZ","23"
"17","Midfielder","Mexico","Isaac BRIZUELA","23"
"20","Midfielder","Netherlands","Georginio WIJNALDUM","23"
"11","Forward","Nigeria","Victor MOSES","23"
"14","Defender","Nigeria","Godfrey OBOABONA","23"
"12","Defender","Nigeria","Ebenezer ODUNLAMI","23"
"4","Midfielder","Nigeria","Ruben GABRIEL","23"
"13","Defender","Nigeria","Juwon OSHANIWA","23"
"19","Defender","Portugal","ANDRE ALMEIDA","23"
"17","Midfielder","Russia","Oleg SHATOV","23"
"9","Forward","Russia","Alexander KOKORIN","23"
"3","Defender","Russia","Georgy SHCHENNIKOV","23"
"19","Midfielder","South Korea","JI Dongwon","23"
"21","Goalkeeper","South Korea","KIM Seunggyu","23"
"12","Goalkeeper","Spain","David DE GEA","23"
"6","Defender","Switzerland","Michael LANG","23"
"18","Forward","Switzerland","Admir MEHMEDI","23"
"21","Goalkeeper","Switzerland","Roman BUERKI","23"
"8","Forward","Uruguay","Abel HERNANDEZ","23"
"19","Defender","Uruguay","Sebastian COATES","23"
"18","Midfielder","Uruguay","Gaston RAMIREZ","23"
"9","Forward","USA","Aron JOHANNSSON","23"
"10","Midfielder","USA","Mix DISKERUD","23"
"9","Forward","Algeria","Nabil GHILAS","24"
"10","Forward","Algeria","Sofiane FEGHOULI","24"
"11","Midfielder","Algeria","Yacine BRAHIMI","24"
"16","Defender","Argentina","Marcos ROJO","24"
"19","Defender","Australia","Ryan McGOWAN","24"
"22","Midfielder","Belgium","Nacer CHADLI","24"
"8","Midfielder","Bosnia & Herzegovina","Miralem PJANIC","24"
"3","Defender","Bosnia & Herzegovina","Ermin BICAKCIC","24"
"6","Defender","Bosnia & Herzegovina","Ognjen VRANJES","24"
"21","Midfielder","Bosnia & Herzegovina","Anel HADZIC","24"
"19","Forward","Bosnia & Herzegovina","Edin VISCA","24"
"3","Defender","Cameroon","Nicolas NKOULOU","24"
"23","Goalkeeper","Cameroon","Sammy NDJOCK","24"
"11","Forward","Chile","Eduardo VARGAS","24"
"14","Forward","Colombia","Victor IBARBO","24"
"21","Forward","Costa Rica","Marcos URENA","24"
"16","Defender","Costa Rica","Cristian GAMBOA","24"
"6","Defender","Croatia","Dejan LOVREN","24"
"13","Forward","Ecuador","Enner VALENCIA","24"
"20","Midfielder","Ecuador","Fidel MARTINEZ","24"
"7","Midfielder","Ecuador","Jefferson MONTERO","24"
"9","Forward","England","Daniel STURRIDGE","24"
"12","Defender","England","Chris SMALLING","24"
"14","Midfielder","England","Jordan HENDERSON","24"
"5","Defender","France","Mamadou SAKHO","24"
"18","Midfielder","France","Moussa SISSOKO","24"
"13","Forward","Germany","Thomas MUELLER","24"
"18","Midfielder","Germany","Toni KROOS","24"
"10","Midfielder","Ghana","Andre AYEW","24"
"17","Midfielder","Ghana","Mohammed RABIU","24"
"1","Goalkeeper","Ghana","Stephen ADAMS","24"
"23","Midfielder","Honduras","Mario MARTINEZ","24"
"10","Forward","Iran","Karim ANSARI FARD","24"
"3","Midfielder","Iran","Ehsan HAJI SAFI","24"
"17","Forward","Italy","Ciro IMMOBILE","24"
"4","Defender","Italy","Matteo DARMIAN","24"
"11","Forward","Japan","Yoichiro KAKITANI","24"
"18","Forward","Japan","Yuya OSAKO","24"
"20","Forward","Japan","Manabu SAITO","24"
"8","Forward","Japan","Hiroshi KIYOTAKE","24"
"21","Defender","Japan","Hiroki SAKAI","24"
"8","Midfielder","Mexico","Marco FABIAN","24"
"21","Midfielder","Mexico","Carlos PENA","24"
"6","Midfielder","Mexico","Hector HERRERA","24"
"20","Midfielder","Mexico","Javier AQUINO","24"
"18","Midfielder","Netherlands","Leroy FER","24"
"7","Defender","Netherlands","Daryl JANMAAT","24"
"5","Defender","Netherlands","Daley BLIND","24"
"20","Forward","Nigeria","Okechukwu UCHEBO","24"
"6","Defender","Nigeria","Azubuike EGWUEKWE","24"
"10","Midfielder","Russia","Alan DZAGOEV","24"
"12","Goalkeeper","Russia","Yury LODYGIN","24"
"7","Midfielder","South Korea","KIM Bokyung","24"
"5","Defender","South Korea","KIM Younggwon","24"
"20","Defender","South Korea","HONG Jeongho","24"
"14","Midfielder","South Korea","HAN Kookyoung","24"
"3","Defender","South Korea","YUN Sukyoung","24"
"6","Defender","South Korea","HWANG Seokho","24"
"22","Midfielder","Spain","Cesar AZPILICUETA","24"
"17","Forward","Switzerland","Mario GAVRANOVIC","24"
"17","Forward","USA","Jozy ALTIDORE","24"
"21","Defender","USA","Timmy CHANDLER","24"
"4","Defender","Algeria","Esseid BELKALEM","25"
"17","Defender","Argentina","Federico FERNANDEZ","25"
"14","Midfielder","Australia","James TROISI","25"
"12","Goalkeeper","Australia","Mitch LANGERAK","25"
"6","Defender","Australia","Matthew SPIRANOVIC","25"
"16","Midfielder","Australia","James HOLLAND","25"
"13","Midfielder","Australia","Oliver BOZANIC","25"
"6","Midfielder","Belgium","Axel WITSEL","25"
"2","Defender","Belgium","Toby ALDERWEIRELD","25"
"15","Defender","Bosnia & Herzegovina","Toni SUNJIC","25"
"19","Midfielder","Brazil","WILLIAN","25"
"8","Midfielder","Brazil","PAULINHO","25"
"13","Forward","Cameroon","Eric CHOUPO MOTING","25"
"8","Forward","Cameroon","Benjamin MOUKANDJO","25"
"7","Forward","Chile","Alexis SANCHEZ","25"
"2","Defender","Chile","Eugenio MENA","25"
"20","Midfielder","Chile","Charles ARANGUIZ","25"
"1","Goalkeeper","Colombia","David OSPINA","25"
"15","Midfielder","Colombia","Alexander MEJIA","25"
"12","Goalkeeper","Colombia","Camilo VARGAS","25"
"6","Defender","Costa Rica","Oscar DUARTE","25"
"4","Midfielder","Croatia","Ivan PERISIC","25"
"21","Defender","Croatia","Domagoj VIDA","25"
"11","Forward","Ecuador","Felipe CAICEDO","25"
"9","Forward","Ecuador","Joao ROJAS","25"
"12","Goalkeeper","Ecuador","Adrian BONE","25"
"21","Forward","Germany","Marco REUS","25"
"8","Midfielder","Germany","Mesut OEZIL","25"
"5","Defender","Germany","Mats HUMMELS","25"
"20","Defender","Germany","Jerome BOATENG","25"
"12","Goalkeeper","Germany","Ron-Robert ZIELER","25"
"2","Defender","Germany","Kevin GROSSKREUTZ","25"
"20","Midfielder","Ghana","Kwadwo ASAMOAH","25"
"2","Defender","Ghana","Samuel INKOOM","25"
"22","Midfielder","Greece","Andreas SAMARIS","25"
"8","Midfielder","Iran","Reza HAGHIGHI","25"
"12","Forward","Ivory Coast","Wilfried BONY","25"
"16","Goalkeeper","Ivory Coast","Sylvain GBOHOUO","25"
"21","Forward","Ivory Coast","Giovanni SIO","25"
"10","Forward","Japan","Shinji KAGAWA","25"
"22","Defender","Japan","Maya YOSHIDA","25"
"23","Goalkeeper","Japan","Shuichi GONDA","25"
"10","Forward","Mexico","Giovani DOS SANTOS","25"
"7","Defender","Mexico","Miguel LAYUN","25"
"16","Defender","Mexico","Miguel PONCE","25"
"1","Goalkeeper","Netherlands","Jasper CILLESSEN","25"
"5","Defender","Nigeria","Efe AMBROSE","25"
"5","Defender","Russia","Andrey SEMENOV","25"
"21","Forward","Russia","Alexey IONOV","25"
"13","Forward","South Korea","KOO Jacheol","25"
"17","Midfielder","South Korea","LEE Chungyong","25"
"16","Midfielder","South Korea","KI Sungyueng","25"
"15","Midfielder","South Korea","PARK Jongwoo","25"
"23","Goalkeeper","South Korea","LEE Bumyoung","25"
"18","Defender","Spain","Jordi ALBA","25"
"4","Midfielder","Spain","Javi MARTINEZ","25"
"16","Midfielder","Spain","Sergio BUSQUETS","25"
"19","Forward","Spain","Diego COSTA","25"
"14","Midfielder","Switzerland","Valentin STOCKER","25"
"12","Goalkeeper","Switzerland","Yann SOMMER","25"
"14","Midfielder","Uruguay","Nicolas LODEIRO","25"
"3","Defender","USA","Omar GONZALEZ","25"
"13","Forward","Algeria","Islam SLIMANI","26"
"15","Forward","Algeria","El Arabi SOUDANI","26"
"17","Defender","Algeria","Liassine CADAMURO","26"
"9","Forward","Argentina","Gonzalo HIGUAIN","26"
"10","Forward","Argentina","Lionel MESSI","26"
"20","Forward","Argentina","Sergio AGUERO","26"
"7","Midfielder","Argentina","Angel DI MARIA","26"
"19","Midfielder","Argentina","Ricardo ALVAREZ","26"
"2","Defender","Australia","Ivan FRANJIC","26"
"11","Forward","Belgium","Kevin MIRALLAS","26"
"8","Midfielder","Belgium","Marouane FELLAINI","26"
"19","Midfielder","Belgium","Moussa DEMBELE","26"
"16","Midfielder","Belgium","Steven DEFOUR","26"
"21","Defender","Belgium","Anthony VANDEN BORRE","26"
"12","Goalkeeper","Belgium","Simon MIGNOLET","26"
"1","Goalkeeper","Bosnia & Herzegovina","Asmir BEGOVIC","26"
"6","Defender","Brazil","MARCELO","26"
"17","Midfielder","Brazil","LUIZ GUSTAVO","26"
"6","Midfielder","Cameroon","Alexandre SONG","26"
"22","Defender","Cameroon","Allan NYOM","26"
"17","Defender","Chile","Gary MEDEL","26"
"4","Defender","Chile","Mauricio ISLA","26"
"12","Goalkeeper","Chile","Cristopher TOSELLI","26"
"11","Midfielder","Colombia","Juan CUADRADO","26"
"5","Midfielder","Costa Rica","Celso BORGES","26"
"3","Defender","Costa Rica","Giancarlo GONZALEZ","26"
"7","Midfielder","Croatia","Ivan RAKITIC","26"
"17","Forward","Ecuador","Jaimen AYOVI","26"
"3","Defender","Ecuador","Frickson ERAZO","26"
"4","Defender","Ecuador","Juan PAREDES","26"
"22","Goalkeeper","England","Fraser FORSTER","26"
"20","Midfielder","England","Adam LALLANA","26"
"10","Forward","France","Karim BENZEMA","26"
"4","Defender","Germany","Benedikt HOEWEDES","26"
"14","Midfielder","Ghana","Albert ADOMAH","26"
"12","Goalkeeper","Ghana","Adam KWARASEY","26"
"9","Forward","Greece","Konstantinos MITROGLOU","26"
"19","Defender","Greece","Sokratis PAPASTATHOPOULOS","26"
"8","Midfielder","Greece","Panagiotis KONE","26"
"3","Defender","Greece","Georgios TZAVELAS","26"
"16","Forward","Honduras","Rony MARTINEZ","26"
"6","Defender","Honduras","Juan Carlos GARCIA","26"
"16","Forward","Iran","Reza GHOOCHANNEJAD","26"
"12","Goalkeeper","Iran","Alireza HAGHIGHI","26"
"22","Goalkeeper","Iran","Daniel DAVARI","26"
"11","Forward","Italy","Alessio CERCI","26"
"15","Midfielder","Ivory Coast","Max GRADEL","26"
"2","Defender","Japan","Atsuto UCHIDA","26"
"14","Forward","Mexico","Javier HERNANDEZ","26"
"15","Defender","Mexico","Hector MORENO","26"
"23","Midfielder","Mexico","Jose VAZQUEZ","26"
"17","Forward","Netherlands","Jeremain LENS","26"
"23","Goalkeeper","Netherlands","Tim KRUL","26"
"8","Midfielder","Netherlands","Jonathan DE GUZMAN","26"
"3","Defender","Nigeria","Uwa ECHIEJILE","26"
"5","Defender","Portugal","FABIO COENTRAO","26"
"11","Forward","Portugal","EDER","26"
"12","Goalkeeper","Portugal","RUI PATRICIO","26"
"14","Defender","Portugal","LUIS NETO","26"
"18","Forward","South Korea","KIM Shinwook","26"
"11","Forward","Spain","Pedro RODRIGUEZ","26"
"13","Forward","Spain","Juan MATA","26"
"4","Midfielder","USA","Michael BRADLEY","26"
"23","Defender","USA","Fabian JOHNSON","26"
"18","Forward","Algeria","Abdelmoumene DJABOU","27"
"5","Defender","Algeria","Rafik HALLICHE","27"
"1","Goalkeeper","Argentina","Sergio ROMERO","27"
"2","Defender","Argentina","Ezequiel GARAY","27"
"20","Midfielder","Australia","Dario VIDOSIC","27"
"14","Midfielder","Belgium","Dries MERTENS","27"
"5","Defender","Belgium","Jan VERTONGHEN","27"
"21","Forward","Brazil","JO","27"
"7","Forward","Brazil","HULK","27"
"16","Midfielder","Brazil","RAMIRES","27"
"4","Defender","Brazil","DAVID LUIZ","27"
"15","Defender","Brazil","HENRIQUE","27"
"8","Midfielder","Chile","Arturo VIDAL","27"
"21","Midfielder","Chile","Marcelo DIAZ","27"
"6","Midfielder","Chile","Carlos CARMONA","27"
"17","Forward","Colombia","Carlos BACCA","27"
"21","Forward","Colombia","Jackson MARTINEZ","27"
"13","Midfielder","Colombia","Fredy GUARIN","27"
"7","Defender","Colombia","Pablo ARMERO","27"
"2","Defender","Colombia","Cristian ZAPATA","27"
"22","Midfielder","Costa Rica","Jose CUBERO","27"
"1","Goalkeeper","Costa Rica","Keylor NAVAS","27"
"19","Midfielder","Croatia","SAMMIR","27"
"15","Midfielder","Ecuador","Michael ARROYO","27"
"22","Goalkeeper","Ecuador","Alexander DOMINGUEZ","27"
"1","Goalkeeper","England","Joe HART","27"
"9","Forward","France","Olivier GIROUD","27"
"20","Forward","France","Loic REMY","27"
"14","Midfielder","France","Blaise MATUIDI","27"
"16","Goalkeeper","France","Stephane RUFFIER","27"
"1","Goalkeeper","France","Hugo LLORIS","27"
"6","Midfielder","Germany","Sami KHEDIRA","27"
"9","Forward","Ghana","Kevin Prince BOATENG","27"
"21","Defender","Ghana","John BOYE","27"
"23","Defender","Ghana","Harrison AFFUL","27"
"16","Midfielder","Greece","Lazaros CHRISTODOULOPOULOS","27"
"12","Goalkeeper","Greece","Panagiotis GLYKOS","27"
"2","Midfielder","Greece","Ioannis MANIATIS","27"
"11","Forward","Honduras","Jerry BENGTSON","27"
"15","Midfielder","Honduras","Roger ESPINOZA","27"
"12","Midfielder","Honduras","Edder DELGADO","27"
"21","Forward","Iran","Ashkan DEJAGAH","27"
"13","Defender","Iran","Hossein MAHINI","27"
"23","Defender","Iran","Mehrdad POOLADI","27"
"20","Defender","Iran","Steven BEITASHOUR","27"
"19","Defender","Italy","Leonardo BONUCCI","27"
"7","Defender","Italy","Ignazio ABATE","27"
"12","Goalkeeper","Italy","Salvatore SIRIGU","27"
"6","Midfielder","Italy","Antonio CANDREVA","27"
"10","Forward","Ivory Coast","GERVINHO","27"
"9","Midfielder","Ivory Coast","Ismael TIOTE","27"
"2","Defender","Ivory Coast","Ousmane DIARRASSOUBA","27"
"18","Defender","Ivory Coast","Constant DJAKPA","27"
"6","Defender","Japan","Masato MORISHIGE","27"
"5","Defender","Japan","Yuto NAGATOMO","27"
"18","Defender","Mexico","Andres GUARDADO","27"
"9","Forward","Nigeria","Emmanuel EMENIKE","27"
"10","Midfielder","Nigeria","John Obi MIKEL","27"
"17","Forward","Portugal","NANI","27"
"8","Midfielder","Portugal","JOAO MOUTINHO","27"
"8","Midfielder","Russia","Denis GLUSHAKOV","27"
"23","Defender","Russia","Dmitry KOMBAROV","27"
"2","Defender","Russia","Aleksei KOZLOV","27"
"13","Defender","Russia","Vladimir GRANAT","27"
"12","Defender","South Korea","LEE Yong","27"
"22","Defender","South Korea","PARK Jooho","27"
"10","Midfielder","Spain","Cesc FABREGAS","27"
"3","Defender","Spain","Gerard PIQUE","27"
"16","Midfielder","Switzerland","Gelson FERNANDES","27"
"20","Defender","Switzerland","Johan DJOUROU","27"
"9","Forward","Uruguay","Luis SUAREZ","27"
"11","Forward","Uruguay","Cristhian STUANI","27"
"21","Forward","Uruguay","Edinson CAVANI","27"
"22","Defender","Uruguay","Martin CACERES","27"
"19","Midfielder","USA","Graham ZUSI","27"
"11","Midfielder","USA","Alejandro BEDOYA","27"
"5","Defender","USA","Matt BESLER","27"
"23","Goalkeeper","Algeria","Rais MBOLHI","28"
"8","Midfielder","Argentina","Enzo PEREZ","28"
"13","Midfielder","Argentina","Augusto FERNANDEZ","28"
"5","Midfielder","Argentina","Fernando GAGO","28"
"6","Midfielder","Argentina","Lucas BIGLIA","28"
"5","Midfielder","Australia","Mark MILLIGAN","28"
"4","Defender","Belgium","Vincent KOMPANY","28"
"3","Defender","Belgium","Thomas VERMAELEN","28"
"23","Defender","Belgium","Laurent CIMAN","28"
"13","Goalkeeper","Belgium","Sammy BOSSUT","28"
"11","Forward","Bosnia & Herzegovina","Edin DZEKO","28"
"17","Midfielder","Bosnia & Herzegovina","Senijad IBRICIC","28"
"16","Midfielder","Bosnia & Herzegovina","Senad LULIC","28"
"2","Midfielder","Bosnia & Herzegovina","Avdija VRSAJEVIC","28"
"12","Goalkeeper","Bosnia & Herzegovina","Jasmin FEJZIC","28"
"17","Midfielder","Cameroon","Stephane MBIA","28"
"18","Midfielder","Cameroon","Enoh EYONG","28"
"7","Midfielder","Cameroon","Landry NGUEMO","28"
"14","Defender","Cameroon","Aurelien CHEDJOU","28"
"5","Defender","Cameroon","Dany NOUNKEU","28"
"14","Forward","Chile","Fabian ORELLANA","28"
"18","Defender","Chile","Gonzalo JARA","28"
"5","Midfielder","Chile","Francisco SILVA","28"
"19","Forward","Colombia","Adrian RAMOS","28"
"18","Defender","Colombia","Juan ZUNIGA","28"
"6","Midfielder","Colombia","Carlos SANCHEZ","28"
"10","Forward","Costa Rica","Bryan RUIZ","28"
"13","Midfielder","Costa Rica","Oscar GRANADOS","28"
"23","Goalkeeper","Costa Rica","Daniel CAMBRONERO","28"
"17","Forward","Croatia","Mario MANDZUKIC","28"
"9","Forward","Croatia","Nikica JELAVIC","28"
"10","Midfielder","Croatia","Luka MODRIC","28"
"5","Defender","Croatia","Vedran CORLUKA","28"
"16","Midfielder","Ecuador","Antonio VALENCIA","28"
"1","Goalkeeper","Ecuador","Maximo BANGUERA","28"
"10","Forward","England","Wayne ROONEY","28"
"5","Defender","England","Gary CAHILL","28"
"17","Midfielder","England","James MILNER","28"
"2","Defender","France","Mathieu DEBUCHY","28"
"6","Midfielder","France","Yohan CABAYE","28"
"21","Defender","France","Laurent KOSCIELNY","28"
"1","Goalkeeper","Germany","Manuel NEUER","28"
"3","Forward","Ghana","Asamoah GYAN","28"
"1","Goalkeeper","Greece","Orestis KARNEZIS","28"
"4","Defender","Honduras","Juan MONTES","28"
"20","Midfielder","Honduras","Jorge CLAROS","28"
"21","Defender","Honduras","Brayan BECKELES","28"
"7","Midfielder","Honduras","Emilio IZAGUIRRE","28"
"8","Midfielder","Italy","Claudio MARCHISIO","28"
"20","Defender","Italy","Gabriel PALETTA","28"
"8","Forward","Ivory Coast","Salomon KALOU","28"
"9","Forward","Japan","Shinji OKAZAKI","28"
"4","Forward","Japan","Keisuke HONDA","28"
"19","Defender","Japan","Masahiko INOHA","28"
"12","Goalkeeper","Japan","Shusaku NISHIKAWA","28"
"14","Midfielder","Japan","Toshihiro AOYAMA","28"
"22","Defender","Mexico","Paul AGUILAR","28"
"13","Goalkeeper","Mexico","Guillermo OCHOA","28"
"4","Midfielder","Portugal","MIGUEL VELOSO","28"
"10","Forward","Portugal","VIEIRINHA","28"
"20","Midfielder","Russia","Victor FAYZULIN","28"
"1","Goalkeeper","Russia","Igor AKINFEEV","28"
"10","Forward","South Korea","PARK Chuyoung","28"
"2","Defender","South Korea","KIM Changsoo","28"
"21","Midfielder","Spain","David SILVA","28"
"15","Defender","Spain","Sergio RAMOS","28"
"2","Defender","Spain","Raul ALBIOL","28"
"15","Midfielder","Switzerland","Blerim DZEMAILI","28"
"3","Defender","Switzerland","Reto ZIEGLER","28"
"7","Midfielder","Uruguay","Cristian RODRIGUEZ","28"
"6","Midfielder","Uruguay","Alvaro PEREIRA","28"
"3","Defender","Uruguay","Diego GODIN","28"
"1","Goalkeeper","Uruguay","Fernando MUSLERA","28"
"20","Defender","USA","Geoff CAMERON","28"
"12","Defender","Algeria","Carl MEDJANI","29"
"16","Goalkeeper","Algeria","Mohamed ZEMMAMOUCHE","29"
"1","Goalkeeper","Algeria","Cedric SI MOHAMMED","29"
"6","Defender","Algeria","Djamel MESBAH","29"
"22","Forward","Argentina","Ezequiel LAVEZZI","29"
"4","Defender","Argentina","Pablo ZABALETA","29"
"15","Midfielder","Australia","Mile JEDINAK","29"
"22","Defender","Australia","Alex WILKINSON","29"
"18","Defender","Belgium","Nicolas LOMBAERTS","29"
"9","Forward","Bosnia & Herzegovina","Vedad IBISEVIC","29"
"18","Midfielder","Bosnia & Herzegovina","Haris MEDUNJANIN","29"
"23","Midfielder","Bosnia & Herzegovina","Sejad SALIHOVIC","29"
"5","Midfielder","Brazil","FERNANDINHO","29"
"18","Midfielder","Brazil","HERNANES","29"
"3","Defender","Brazil","THIAGO SILVA","29"
"19","Midfielder","Chile","Jose FUENZALIDA","29"
"9","Forward","Colombia","Teofilo GUTIERREZ","29"
"23","Defender","Colombia","Carlos VALDES","29"
"8","Midfielder","Colombia","Abel AGUILAR","29"
"8","Defender","Costa Rica","Heiner MORA","29"
"19","Defender","Costa Rica","Roy MILLER","29"
"13","Defender","Croatia","Gordon SCHILDENFELD","29"
"23","Goalkeeper","Croatia","Danijel SUBASIC","29"
"6","Midfielder","Ecuador","Cristhian NOBOA","29"
"21","Defender","Ecuador","Gabriel ACHILIER","29"
"3","Defender","England","Leighton BAINES","29"
"2","Defender","England","Glen JOHNSON","29"
"8","Midfielder","France","Mathieu VALBUENA","29"
"10","Forward","Germany","Lukas PODOLSKI","29"
"7","Midfielder","Germany","Bastian SCHWEINSTEIGER","29"
"17","Defender","Germany","Per MERTESACKER","29"
"11","Midfielder","Ghana","Sulley MUNTARI","29"
"16","Goalkeeper","Ghana","Fatawu DAUDA","29"
"7","Forward","Greece","Georgios SAMARAS","29"
"15","Defender","Greece","Vasileios TOROSIDIS","29"
"20","Defender","Greece","Jose CHOLEVAS","29"
"6","Midfielder","Greece","Alexandros TZIOLIS","29"
"8","Midfielder","Honduras","Wilson PALACIOS","29"
"14","Midfielder","Honduras","Boniek GARCIA","29"
"2","Defender","Honduras","Osman CHAVEZ","29"
"14","Midfielder","Italy","Alberto AQUILANI","29"
"3","Defender","Italy","Giorgio CHIELLINI","29"
"18","Midfielder","Italy","Marco PAROLO","29"
"22","Defender","Ivory Coast","Souleymane BAMBA","29"
"20","Midfielder","Ivory Coast","Die SEREY","29"
"2","Defender","Netherlands","Ron VLAAR","29"
"6","Midfielder","Netherlands","Nigel DE JONG","29"
"21","Goalkeeper","Nigeria","Chigozie AGBIM","29"
"7","Forward","Portugal","CRISTIANO RONALDO","29"
"18","Forward","Portugal","VARELA","29"
"20","Midfielder","Portugal","RUBEN AMORIM","29"
"19","Forward","Russia","Alexander SAMEDOV","29"
"11","Forward","South Korea","LEE Keunho","29"
"1","Goalkeeper","South Korea","JUNG Sungryong","29"
"8","Midfielder","South Korea","HA Daesung","29"
"20","Midfielder","Spain","Santi CAZORLA","29"
"5","Defender","Spain","JUANFRAN","29"
"7","Midfielder","Switzerland","Tranquillo BARNETTA","29"
"4","Defender","Switzerland","Philippe SENDEROS","29"
"8","Midfielder","Switzerland","Gokhan INLER","29"
"11","Midfielder","Switzerland","Valon BEHRAMI","29"
"20","Midfielder","Uruguay","Alvaro GONZALEZ","29"
"5","Midfielder","Uruguay","Walter GARGANO","29"
"4","Defender","Uruguay","Jorge FUCILE","29"
"12","Goalkeeper","USA","Brad GUZAN","29"
"7","Midfielder","Algeria","Hassan YEBDA","30"
"22","Midfielder","Algeria","Mehdi MOSTEFA","30"
"8","Midfielder","Algeria","Medhi LACEN","30"
"14","Midfielder","Argentina","Javier MASCHERANO","30"
"21","Goalkeeper","Argentina","Mariano ANDUJAR","30"
"23","Defender","Argentina","Jose Maria BASANTA","30"
"13","Midfielder","Bosnia & Herzegovina","Mensur MUJDZA","30"
"9","Forward","Brazil","FRED","30"
"13","Defender","Brazil","DANTE","30"
"2","Defender","Cameroon","Benoit ASSOU EKOTTO","30"
"12","Defender","Cameroon","Henri BEDIMO","30"
"9","Forward","Chile","Mauricio PINILLA","30"
"15","Midfielder","Chile","Jean BEAUSEJOUR","30"
"10","Midfielder","Chile","Jorge VALDIVIA","30"
"13","Defender","Chile","Jose ROJAS","30"
"14","Forward","Costa Rica","Randall BRENES","30"
"11","Midfielder","Costa Rica","Michael BARRANTES","30"
"2","Defender","Costa Rica","Johnny ACOSTA","30"
"7","Midfielder","Costa Rica","Christian BOLANOS","30"
"15","Defender","Costa Rica","Junior DIAZ","30"
"8","Midfielder","Croatia","Ognjen VUKOJEVIC","30"
"19","Midfielder","Ecuador","Luis SARITAMA","30"
"12","Midfielder","France","Rio MAVUBA","30"
"16","Midfielder","Germany","Philipp LAHM","30"
"10","Midfielder","Honduras","Marvin CHAVEZ","30"
"7","Forward","Iran","Masoud SHOJAEI","30"
"19","Midfielder","Iran","Hashem BEIKZADEH","30"
"15","Defender","Iran","Pejman MONTAZERI","30"
"11","Midfielder","Iran","Ghasem HADADIFAR","30"
"2","Forward","Iran","Khosro HEYDARI","30"
"16","Midfielder","Italy","Daniele DE ROSSI","30"
"13","Midfielder","Ivory Coast","Konan YA","30"
"17","Midfielder","Japan","Makoto HASEBE","30"
"19","Forward","Mexico","Oribe PERALTA","30"
"19","Forward","Netherlands","Klaas Jan HUNTELAAR","30"
"9","Forward","Netherlands","Robin VAN PERSIE","30"
"11","Forward","Netherlands","Arjen ROBBEN","30"
"10","Midfielder","Netherlands","Wesley SNEIJDER","30"
"22","Goalkeeper","Netherlands","Michel VORM","30"
"12","Defender","Netherlands","Paul VERHAEGH","30"
"16","Goalkeeper","Nigeria","Austine EJIDE","30"
"9","Forward","Portugal","HUGO ALMEIDA","30"
"21","Defender","Portugal","JOAO PEREIRA","30"
"18","Forward","Russia","Yury ZHIRKOV","30"
"22","Defender","Russia","Andrey ESHCHENKO","30"
"7","Midfielder","Russia","Igor DENISOV","30"
"9","Forward","Spain","Fernando TORRES","30"
"6","Midfielder","Spain","Andres INIESTA","30"
"2","Defender","Switzerland","Stephan LICHTSTEINER","30"
"1","Goalkeeper","Switzerland","Diego BENAGLIO","30"
"16","Defender","Uruguay","Maximiliano PEREIRA","30"
"2","Defender","Algeria","Madjid BOUGUERRA","31"
"17","Midfielder","Australia","Matt McKAY","31"
"2","Defender","Brazil","DANI ALVES","31"
"22","Goalkeeper","Brazil","VICTOR","31"
"1","Goalkeeper","Brazil","JEFFERSON","31"
"11","Midfielder","Cameroon","Jean MAKOUN","31"
"16","Goalkeeper","Cameroon","Charles ITANDJE","31"
"1","Goalkeeper","Chile","Claudio BRAVO","31"
"4","Defender","Costa Rica","Michael UMANA","31"
"22","Forward","Croatia","EDUARDO","31"
"18","Defender","Ecuador","Oscar BAGUI","31"
"6","Defender","England","Phil JAGIELKA","31"
"13","Goalkeeper","England","Ben FOSTER","31"
"7","Forward","France","Franck RIBERY","31"
"15","Defender","France","Bacary SAGNA","31"
"5","Midfielder","Ghana","Michael ESSIEN","31"
"13","Forward","Honduras","Carlo COSTLY","31"
"3","Defender","Honduras","Maynor FIGUEROA","31"
"17","Defender","Iran","Ahmad ALNAMEH","31"
"14","Midfielder","Iran","Andranik TIMOTIAN","31"
"10","Forward","Italy","Antonio CASSANO","31"
"5","Midfielder","Italy","THIAGO MOTTA","31"
"19","Midfielder","Ivory Coast","Yaya TOURE","31"
"3","Defender","Ivory Coast","Arthur BOKA","31"
"15","Defender","Japan","Yasuyuki KONNO","31"
"1","Goalkeeper","Japan","Eiji KAWASHIMA","31"
"12","Goalkeeper","Mexico","Alfredo TALAVERA","31"
"1","Goalkeeper","Nigeria","Vincent ENYEAMA","31"
"23","Forward","Portugal","HELDER POSTIGA","31"
"16","Midfielder","Portugal","RAUL MEIRELES","31"
"3","Defender","Portugal","PEPE","31"
"1","Goalkeeper","Portugal","EDUARDO","31"
"11","Forward","Russia","Aleksandr KERZHAKOV","31"
"23","Goalkeeper","Spain","Pepe REINA","31"
"5","Defender","Switzerland","Steve VON BERGEN","31"
"23","Goalkeeper","Uruguay","Martin SILVA","31"
"18","Forward","USA","Chris WONDOLOWSKI","31"
"8","Forward","USA","Clint DEMPSEY","31"
"18","Forward","Argentina","Rodrigo PALACIO","32"
"12","Goalkeeper","Argentina","Agustin ORION","32"
"10","Midfielder","Bosnia & Herzegovina","Zvjezdan MISIMOVIC","32"
"23","Defender","Brazil","MAICON","32"
"14","Defender","Brazil","MAXWELL","32"
"15","Forward","Cameroon","Pierre WEBO","32"
"18","Goalkeeper","Costa Rica","Patrick PEMBERTON","32"
"11","Defender","Croatia","Darijo SRNA","32"
"3","Defender","Croatia","Danijel PRANJIC","32"
"14","Midfielder","Ecuador","Segundo CASTILLO","32"
"2","Defender","Ecuador","Jorge GUAGUA","32"
"18","Forward","England","Rickie LAMBERT","32"
"14","Forward","Greece","Dimitrios SALPINGIDIS","32"
"5","Defender","Greece","Vangelis MORAS","32"
"9","Midfielder","Honduras","Jerry PALACIOS","32"
"5","Defender","Honduras","Victor BERNARDEZ","32"
"4","Defender","Iran","Jalal HOSSEINI","32"
"5","Defender","Iran","Amirhossein SADEGHI","32"
"13","Forward","Japan","Yoshito OKUBO","32"
"2","Defender","Mexico","Francisco RODRIGUEZ","32"
"23","Forward","Nigeria","Shola AMEOBI","32"
"8","Forward","Nigeria","Peter ODEMWINGIE","32"
"2","Defender","Portugal","BRUNO ALVES","32"
"22","Goalkeeper","Portugal","BETO","32"
"15","Midfielder","Russia","Roman SHIROKOV","32"
"14","Defender","Russia","Vasily BEREZUTSKIY","32"
"4","Defender","South Korea","KWAK Taehwi","32"
"7","Forward","Spain","David VILLA","32"
"14","Midfielder","Spain","Xabi ALONSO","32"
"17","Midfielder","Uruguay","Egidio AREVALO","32"
"12","Goalkeeper","Uruguay","Rodrigo MUNOZ","32"
"7","Defender","USA","DaMarcus BEASLEY","32"
"13","Midfielder","USA","Jermaine JONES","32"
"15","Midfielder","USA","Kyle BECKERMAN","32"
"14","Midfielder","USA","Brad DAVIS","32"
"11","Midfielder","Argentina","Maxi RODRIGUEZ","33"
"15","Defender","Argentina","Martin DEMICHELIS","33"
"3","Defender","Argentina","Hugo CAMPAGNARO","33"
"18","Goalkeeper","Australia","Eugene GALEKOVIC","33"
"4","Defender","Bosnia & Herzegovina","Emir SPAHIC","33"
"22","Goalkeeper","Bosnia & Herzegovina","Asmir AVDUKIC","33"
"9","Forward","Cameroon","Samuel ETOO","33"
"22","Forward","Chile","Esteban PAREDES","33"
"23","Goalkeeper","Chile","Johnny HERRERA","33"
"5","Midfielder","Colombia","Aldo RAMIREZ","33"
"3","Defender","France","Patrice EVRA","33"
"22","Goalkeeper","Germany","Roman WEIDENFELLER","33"
"11","Defender","Greece","Loukas VYNTRA","33"
"22","Goalkeeper","Honduras","Donis ESCOBER","33"
"6","Midfielder","Iran","Javad NEKOUNAM","33"
"1","Goalkeeper","Iran","Rahman AHMADI","33"
"15","Defender","Italy","Andrea BARZAGLI","33"
"4","Defender","Ivory Coast","Kolo TOURE","33"
"5","Defender","Ivory Coast","Didier ZOKORA","33"
"1","Goalkeeper","Mexico","Jose CORONA","33"
"15","Forward","Netherlands","Dirk KUYT","33"
"2","Defender","Nigeria","Joseph YOBO","33"
"13","Defender","Portugal","RICARDO COSTA","33"
"16","Goalkeeper","Russia","Sergey RYZHIKOV","33"
"1","Goalkeeper","Spain","Iker CASILLAS","33"
"2","Defender","Uruguay","Diego LUGANO","33"
"4","Forward","Australia","Tim CAHILL","34"
"23","Midfielder","Australia","Mark BRESCIANO","34"
"12","Goalkeeper","Brazil","JULIO CESAR","34"
"18","Forward","Croatia","Ivica OLIC","34"
"10","Midfielder","Ecuador","Walter AYOVI","34"
"4","Midfielder","England","Steven GERRARD","34"
"17","Forward","Greece","Theofanis GEKAS","34"
"1","Goalkeeper","Ivory Coast","Boubacar BARRY","34"
"7","Midfielder","Japan","Yasuhito ENDO","34"
"3","Defender","Mexico","Carlos SALCIDO","34"
"4","Defender","Russia","Sergey IGNASHEVICH","34"
"8","Midfielder","Spain","Xavi HERNANDEZ","34"
"15","Midfielder","Uruguay","Diego PEREZ","34"
"1","Goalkeeper","Croatia","Stipe PLETIKOSA","35"
"8","Midfielder","Ecuador","Edison MENDEZ","35"
"23","Goalkeeper","France","Mickael LANDREAU","35"
"21","Midfielder","Greece","Konstantinos KATSOURANIS","35"
"21","Midfielder","Italy","Andrea PIRLO","35"
"4","Defender","Mexico","Rafael MARQUEZ","35"
"10","Forward","Uruguay","Diego FORLAN","35"
"1","Goalkeeper","USA","Tim HOWARD","35"
"22","Goalkeeper","USA","Nick RIMANDO","35"
"15","Defender","Belgium","Daniel VAN BUYTEN","36"
"8","Midfielder","England","Frank LAMPARD","36"
"11","Forward","Germany","Miroslav KLOSE","36"
"1","Goalkeeper","Italy","Gianluigi BUFFON","36"
"11","Forward","Ivory Coast","Didier DROGBA","36"
"10","Midfielder","Greece","Georgios KARAGOUNIS","37"
"18","Goalkeeper","Honduras","Noel VALLADARES","37"
"3","Defender","Colombia","Mario YEPES","38"
"22","Goalkeeper","Colombia","Faryd MONDRAGON","43"
